facility_id,facility_name,facility_type,district,state,bed_count,data_source
F00001,PHC Khordha #1,PHC,Khordha,Odisha,9,real_state_totals_synthetic_district_distribution
F00002,PHC Khordha #2,PHC,Khordha,Odisha,4,real_state_totals_synthetic_district_distribution
F00003,PHC Khordha #3,PHC,Khordha,Odisha,4,real_state_totals_synthetic_district_distribution
F00004,PHC Khordha #4,PHC,Khordha,Odisha,9,real_state_totals_synthetic_district_distribution
F00005,PHC Khordha #5,PHC,Khordha,Odisha,6,real_state_totals_synthetic_district_distribution
F00006,PHC Khordha #6,PHC,Khordha,Odisha,5,real_state_totals_synthetic_district_distribution
F00007,PHC Khordha #7,PHC,Khordha,Odisha,5,real_state_totals_synthetic_district_distribution
F00008,PHC Khordha #8,PHC,Khordha,Odisha,5,real_state_totals_synthetic_district_distribution
F00009,PHC Khordha #9,PHC,Khordha,Odisha,9,real_state_totals_synthetic_district_distribution
F00010,PHC Khordha #10,PHC,Khordha,Odisha,4,real_state_totals_synthetic_district_distribution
F00011,PHC Khordha #11,PHC,Khordha,Odisha,9,real_state_totals_synthetic_district_distribution
F00012,PHC Khordha #12,PHC,Khordha,Odisha,9,real_state_totals_synthetic_district_distribution
F00013,PHC Khordha #13,PHC,Khordha,Odisha,8,real_state_totals_synthetic_district_distribution
F00014,PHC Khordha #14,PHC,Khordha,Odisha,4,real_state_totals_synthetic_district_distribution
F00015,PHC Khordha #15,PHC,Khordha,Odisha,8,real_state_totals_synthetic_district_distribution
F00016,PHC Khordha #16,PHC,Khordha,Odisha,7,real_state_totals_synthetic_district_distribution
F00017,PHC Khordha #17,PHC,Khordha,Odisha,4,real_state_totals_synthetic_district_distribution
F00018,PHC Khordha #18,PHC,Khordha,Odisha,4,real_state_totals_synthetic_district_distribution
F00019,PHC Khordha #19,PHC,Khordha,Odisha,4,real_state_totals_synthetic_district_distribution
F00020,PHC Khordha #20,PHC,Khordha,Odisha,5,real_state_totals_synthetic_district_distribution
F00021,PHC Khordha #21,PHC,Khordha,Odisha,5,real_state_totals_synthetic_district_distribution
F00022,PHC Khordha #22,PHC,Khordha,Odisha,8,real_state_totals_synthetic_district_distribution
F00023,PHC Khordha #23,PHC,Khordha,Odisha,8,real_state_totals_synthetic_district_distribution
F00024,PHC Khordha #24,PHC,Khordha,Odisha,4,real_state_totals_synthetic_district_distribution
F00025,PHC Khordha #25,PHC,Khordha,Odisha,8,real_state_totals_synthetic_district_distribution
F00026,PHC Khordha #26,PHC,Khordha,Odisha,5,real_state_totals_synthetic_district_distribution
F00027,PHC Khordha #27,PHC,Khordha,Odisha,9,real_state_totals_synthetic_district_distribution
F00028,PHC Khordha #28,PHC,Khordha,Odisha,9,real_state_totals_synthetic_district_distribution
F00029,PHC Khordha #29,PHC,Khordha,Odisha,9,real_state_totals_synthetic_district_distribution
F00030,PHC Khordha #30,PHC,Khordha,Odisha,8,real_state_totals_synthetic_district_distribution
F00031,PHC Khordha #31,PHC,Khordha,Odisha,7,real_state_totals_synthetic_district_distribution
F00032,PHC Khordha #32,PHC,Khordha,Odisha,5,real_state_totals_synthetic_district_distribution
F00033,PHC Khordha #33,PHC,Khordha,Odisha,7,real_state_totals_synthetic_district_distribution
F00034,PHC Khordha #34,PHC,Khordha,Odisha,8,real_state_totals_synthetic_district_distribution
F00035,PHC Khordha #35,PHC,Khordha,Odisha,6,real_state_totals_synthetic_district_distribution
F00036,PHC Khordha #36,PHC,Khordha,Odisha,10,real_state_totals_synthetic_district_distribution
F00037,PHC Khordha #37,PHC,Khordha,Odisha,10,real_state_totals_synthetic_district_distribution
F00038,PHC Khordha #38,PHC,Khordha,Odisha,4,real_state_totals_synthetic_district_distribution
F00039,PHC Khordha #39,PHC,Khordha,Odisha,10,real_state_totals_synthetic_district_distribution
F00040,PHC Khordha #40,PHC,Khordha,Odisha,10,real_state_totals_synthetic_district_distribution
F00041,PHC Khordha #41,PHC,Khordha,Odisha,5,real_state_totals_synthetic_district_distribution
F00042,PHC Khordha #42,PHC,Khordha,Odisha,9,real_state_totals_synthetic_district_distribution
F00043,PHC Khordha #43,PHC,Khordha,Odisha,7,real_state_totals_synthetic_district_distribution
F00044,PHC Khordha #44,PHC,Khordha,Odisha,6,real_state_totals_synthetic_district_distribution
F00045,PHC Khordha #45,PHC,Khordha,Odisha,6,real_state_totals_synthetic_district_distribution
F00046,PHC Khordha #46,PHC,Khordha,Odisha,5,real_state_totals_synthetic_district_distribution
F00047,PHC Khordha #47,PHC,Khordha,Odisha,5,real_state_totals_synthetic_district_distribution
F00048,PHC Khordha #48,PHC,Khordha,Odisha,10,real_state_totals_synthetic_district_distribution
F00049,PHC Khordha #49,PHC,Khordha,Odisha,6,real_state_totals_synthetic_district_distribution
F00050,PHC Khordha #50,PHC,Khordha,Odisha,4,real_state_totals_synthetic_district_distribution
F00051,PHC Khordha #51,PHC,Khordha,Odisha,4,real_state_totals_synthetic_district_distribution
F00052,PHC Khordha #52,PHC,Khordha,Odisha,7,real_state_totals_synthetic_district_distribution
F00053,PHC Khordha #53,PHC,Khordha,Odisha,4,real_state_totals_synthetic_district_distribution
F00054,PHC Khordha #54,PHC,Khordha,Odisha,6,real_state_totals_synthetic_district_distribution
F00055,PHC Khordha #55,PHC,Khordha,Odisha,10,real_state_totals_synthetic_district_distribution
F00056,PHC Khordha #56,PHC,Khordha,Odisha,6,real_state_totals_synthetic_district_distribution
F00057,PHC Khordha #57,PHC,Khordha,Odisha,8,real_state_totals_synthetic_district_distribution
F00058,PHC Khordha #58,PHC,Khordha,Odisha,6,real_state_totals_synthetic_district_distribution
F00059,PHC Khordha #59,PHC,Khordha,Odisha,10,real_state_totals_synthetic_district_distribution
F00060,PHC Khordha #60,PHC,Khordha,Odisha,4,real_state_totals_synthetic_district_distribution
F00061,CHC Khordha #1,CHC,Khordha,Odisha,43,real_state_totals_synthetic_district_distribution
F00062,CHC Khordha #2,CHC,Khordha,Odisha,34,real_state_totals_synthetic_district_distribution
F00063,CHC Khordha #3,CHC,Khordha,Odisha,37,real_state_totals_synthetic_district_distribution
F00064,CHC Khordha #4,CHC,Khordha,Odisha,23,real_state_totals_synthetic_district_distribution
F00065,CHC Khordha #5,CHC,Khordha,Odisha,49,real_state_totals_synthetic_district_distribution
F00066,CHC Khordha #6,CHC,Khordha,Odisha,32,real_state_totals_synthetic_district_distribution
F00067,CHC Khordha #7,CHC,Khordha,Odisha,22,real_state_totals_synthetic_district_distribution
F00068,CHC Khordha #8,CHC,Khordha,Odisha,37,real_state_totals_synthetic_district_distribution
F00069,CHC Khordha #9,CHC,Khordha,Odisha,29,real_state_totals_synthetic_district_distribution
F00070,CHC Khordha #10,CHC,Khordha,Odisha,46,real_state_totals_synthetic_district_distribution
F00071,District Hospital Khordha #1,District Hospital,Khordha,Odisha,260,real_state_totals_synthetic_district_distribution
F00072,PHC Cuttack #1,PHC,Cuttack,Odisha,8,real_state_totals_synthetic_district_distribution
F00073,PHC Cuttack #2,PHC,Cuttack,Odisha,10,real_state_totals_synthetic_district_distribution
F00074,PHC Cuttack #3,PHC,Cuttack,Odisha,6,real_state_totals_synthetic_district_distribution
F00075,PHC Cuttack #4,PHC,Cuttack,Odisha,8,real_state_totals_synthetic_district_distribution
F00076,PHC Cuttack #5,PHC,Cuttack,Odisha,5,real_state_totals_synthetic_district_distribution
F00077,PHC Cuttack #6,PHC,Cuttack,Odisha,9,real_state_totals_synthetic_district_distribution
F00078,PHC Cuttack #7,PHC,Cuttack,Odisha,4,real_state_totals_synthetic_district_distribution
F00079,PHC Cuttack #8,PHC,Cuttack,Odisha,4,real_state_totals_synthetic_district_distribution
F00080,PHC Cuttack #9,PHC,Cuttack,Odisha,9,real_state_totals_synthetic_district_distribution
F00081,PHC Cuttack #10,PHC,Cuttack,Odisha,5,real_state_totals_synthetic_district_distribution
F00082,PHC Cuttack #11,PHC,Cuttack,Odisha,10,real_state_totals_synthetic_district_distribution
F00083,PHC Cuttack #12,PHC,Cuttack,Odisha,6,real_state_totals_synthetic_district_distribution
F00084,PHC Cuttack #13,PHC,Cuttack,Odisha,4,real_state_totals_synthetic_district_distribution
F00085,PHC Cuttack #14,PHC,Cuttack,Odisha,10,real_state_totals_synthetic_district_distribution
F00086,PHC Cuttack #15,PHC,Cuttack,Odisha,5,real_state_totals_synthetic_district_distribution
F00087,PHC Cuttack #16,PHC,Cuttack,Odisha,10,real_state_totals_synthetic_district_distribution
F00088,PHC Cuttack #17,PHC,Cuttack,Odisha,4,real_state_totals_synthetic_district_distribution
F00089,PHC Cuttack #18,PHC,Cuttack,Odisha,7,real_state_totals_synthetic_district_distribution
F00090,PHC Cuttack #19,PHC,Cuttack,Odisha,6,real_state_totals_synthetic_district_distribution
F00091,PHC Cuttack #20,PHC,Cuttack,Odisha,7,real_state_totals_synthetic_district_distribution
F00092,PHC Cuttack #21,PHC,Cuttack,Odisha,9,real_state_totals_synthetic_district_distribution
F00093,PHC Cuttack #22,PHC,Cuttack,Odisha,10,real_state_totals_synthetic_district_distribution
F00094,PHC Cuttack #23,PHC,Cuttack,Odisha,6,real_state_totals_synthetic_district_distribution
F00095,PHC Cuttack #24,PHC,Cuttack,Odisha,5,real_state_totals_synthetic_district_distribution
F00096,PHC Cuttack #25,PHC,Cuttack,Odisha,6,real_state_totals_synthetic_district_distribution
F00097,PHC Cuttack #26,PHC,Cuttack,Odisha,6,real_state_totals_synthetic_district_distribution
F00098,PHC Cuttack #27,PHC,Cuttack,Odisha,5,real_state_totals_synthetic_district_distribution
F00099,PHC Cuttack #28,PHC,Cuttack,Odisha,9,real_state_totals_synthetic_district_distribution
F00100,PHC Cuttack #29,PHC,Cuttack,Odisha,6,real_state_totals_synthetic_district_distribution
F00101,PHC Cuttack #30,PHC,Cuttack,Odisha,9,real_state_totals_synthetic_district_distribution
F00102,PHC Cuttack #31,PHC,Cuttack,Odisha,9,real_state_totals_synthetic_district_distribution
F00103,PHC Cuttack #32,PHC,Cuttack,Odisha,9,real_state_totals_synthetic_district_distribution
F00104,PHC Cuttack #33,PHC,Cuttack,Odisha,4,real_state_totals_synthetic_district_distribution
F00105,PHC Cuttack #34,PHC,Cuttack,Odisha,8,real_state_totals_synthetic_district_distribution
F00106,PHC Cuttack #35,PHC,Cuttack,Odisha,9,real_state_totals_synthetic_district_distribution
F00107,PHC Cuttack #36,PHC,Cuttack,Odisha,5,real_state_totals_synthetic_district_distribution
F00108,PHC Cuttack #37,PHC,Cuttack,Odisha,8,real_state_totals_synthetic_district_distribution
F00109,PHC Cuttack #38,PHC,Cuttack,Odisha,9,real_state_totals_synthetic_district_distribution
F00110,PHC Cuttack #39,PHC,Cuttack,Odisha,5,real_state_totals_synthetic_district_distribution
F00111,PHC Cuttack #40,PHC,Cuttack,Odisha,5,real_state_totals_synthetic_district_distribution
F00112,PHC Cuttack #41,PHC,Cuttack,Odisha,7,real_state_totals_synthetic_district_distribution
F00113,PHC Cuttack #42,PHC,Cuttack,Odisha,7,real_state_totals_synthetic_district_distribution
F00114,PHC Cuttack #43,PHC,Cuttack,Odisha,6,real_state_totals_synthetic_district_distribution
F00115,PHC Cuttack #44,PHC,Cuttack,Odisha,9,real_state_totals_synthetic_district_distribution
F00116,PHC Cuttack #45,PHC,Cuttack,Odisha,9,real_state_totals_synthetic_district_distribution
F00117,PHC Cuttack #46,PHC,Cuttack,Odisha,8,real_state_totals_synthetic_district_distribution
F00118,PHC Cuttack #47,PHC,Cuttack,Odisha,5,real_state_totals_synthetic_district_distribution
F00119,PHC Cuttack #48,PHC,Cuttack,Odisha,9,real_state_totals_synthetic_district_distribution
F00120,PHC Cuttack #49,PHC,Cuttack,Odisha,6,real_state_totals_synthetic_district_distribution
F00121,PHC Cuttack #50,PHC,Cuttack,Odisha,10,real_state_totals_synthetic_district_distribution
F00122,PHC Cuttack #51,PHC,Cuttack,Odisha,10,real_state_totals_synthetic_district_distribution
F00123,PHC Cuttack #52,PHC,Cuttack,Odisha,10,real_state_totals_synthetic_district_distribution
F00124,PHC Cuttack #53,PHC,Cuttack,Odisha,4,real_state_totals_synthetic_district_distribution
F00125,PHC Cuttack #54,PHC,Cuttack,Odisha,5,real_state_totals_synthetic_district_distribution
F00126,PHC Cuttack #55,PHC,Cuttack,Odisha,10,real_state_totals_synthetic_district_distribution
F00127,PHC Cuttack #56,PHC,Cuttack,Odisha,4,real_state_totals_synthetic_district_distribution
F00128,PHC Cuttack #57,PHC,Cuttack,Odisha,10,real_state_totals_synthetic_district_distribution
F00129,PHC Cuttack #58,PHC,Cuttack,Odisha,6,real_state_totals_synthetic_district_distribution
F00130,PHC Cuttack #59,PHC,Cuttack,Odisha,7,real_state_totals_synthetic_district_distribution
F00131,PHC Cuttack #60,PHC,Cuttack,Odisha,6,real_state_totals_synthetic_district_distribution
F00132,PHC Cuttack #61,PHC,Cuttack,Odisha,4,real_state_totals_synthetic_district_distribution
F00133,PHC Cuttack #62,PHC,Cuttack,Odisha,5,real_state_totals_synthetic_district_distribution
F00134,PHC Cuttack #63,PHC,Cuttack,Odisha,8,real_state_totals_synthetic_district_distribution
F00135,PHC Cuttack #64,PHC,Cuttack,Odisha,9,real_state_totals_synthetic_district_distribution
F00136,PHC Cuttack #65,PHC,Cuttack,Odisha,6,real_state_totals_synthetic_district_distribution
F00137,PHC Cuttack #66,PHC,Cuttack,Odisha,5,real_state_totals_synthetic_district_distribution
F00138,PHC Cuttack #67,PHC,Cuttack,Odisha,9,real_state_totals_synthetic_district_distribution
F00139,PHC Cuttack #68,PHC,Cuttack,Odisha,7,real_state_totals_synthetic_district_distribution
F00140,PHC Cuttack #69,PHC,Cuttack,Odisha,7,real_state_totals_synthetic_district_distribution
F00141,CHC Cuttack #1,CHC,Cuttack,Odisha,48,real_state_totals_synthetic_district_distribution
F00142,CHC Cuttack #2,CHC,Cuttack,Odisha,49,real_state_totals_synthetic_district_distribution
F00143,CHC Cuttack #3,CHC,Cuttack,Odisha,40,real_state_totals_synthetic_district_distribution
F00144,CHC Cuttack #4,CHC,Cuttack,Odisha,34,real_state_totals_synthetic_district_distribution
F00145,CHC Cuttack #5,CHC,Cuttack,Odisha,24,real_state_totals_synthetic_district_distribution
F00146,CHC Cuttack #6,CHC,Cuttack,Odisha,28,real_state_totals_synthetic_district_distribution
F00147,CHC Cuttack #7,CHC,Cuttack,Odisha,24,real_state_totals_synthetic_district_distribution
F00148,CHC Cuttack #8,CHC,Cuttack,Odisha,27,real_state_totals_synthetic_district_distribution
F00149,CHC Cuttack #9,CHC,Cuttack,Odisha,43,real_state_totals_synthetic_district_distribution
F00150,CHC Cuttack #10,CHC,Cuttack,Odisha,37,real_state_totals_synthetic_district_distribution
F00151,CHC Cuttack #11,CHC,Cuttack,Odisha,37,real_state_totals_synthetic_district_distribution
F00152,CHC Cuttack #12,CHC,Cuttack,Odisha,28,real_state_totals_synthetic_district_distribution
F00153,District Hospital Cuttack #1,District Hospital,Cuttack,Odisha,291,real_state_totals_synthetic_district_distribution
F00154,District Hospital Cuttack #2,District Hospital,Cuttack,Odisha,249,real_state_totals_synthetic_district_distribution
F00155,PHC Ganjam #1,PHC,Ganjam,Odisha,7,real_state_totals_synthetic_district_distribution
F00156,PHC Ganjam #2,PHC,Ganjam,Odisha,8,real_state_totals_synthetic_district_distribution
F00157,PHC Ganjam #3,PHC,Ganjam,Odisha,7,real_state_totals_synthetic_district_distribution
F00158,PHC Ganjam #4,PHC,Ganjam,Odisha,6,real_state_totals_synthetic_district_distribution
F00159,PHC Ganjam #5,PHC,Ganjam,Odisha,5,real_state_totals_synthetic_district_distribution
F00160,PHC Ganjam #6,PHC,Ganjam,Odisha,5,real_state_totals_synthetic_district_distribution
F00161,PHC Ganjam #7,PHC,Ganjam,Odisha,8,real_state_totals_synthetic_district_distribution
F00162,PHC Ganjam #8,PHC,Ganjam,Odisha,7,real_state_totals_synthetic_district_distribution
F00163,PHC Ganjam #9,PHC,Ganjam,Odisha,4,real_state_totals_synthetic_district_distribution
F00164,PHC Ganjam #10,PHC,Ganjam,Odisha,10,real_state_totals_synthetic_district_distribution
F00165,PHC Ganjam #11,PHC,Ganjam,Odisha,4,real_state_totals_synthetic_district_distribution
F00166,PHC Ganjam #12,PHC,Ganjam,Odisha,10,real_state_totals_synthetic_district_distribution
F00167,PHC Ganjam #13,PHC,Ganjam,Odisha,4,real_state_totals_synthetic_district_distribution
F00168,PHC Ganjam #14,PHC,Ganjam,Odisha,5,real_state_totals_synthetic_district_distribution
F00169,PHC Ganjam #15,PHC,Ganjam,Odisha,9,real_state_totals_synthetic_district_distribution
F00170,PHC Ganjam #16,PHC,Ganjam,Odisha,5,real_state_totals_synthetic_district_distribution
F00171,PHC Ganjam #17,PHC,Ganjam,Odisha,10,real_state_totals_synthetic_district_distribution
F00172,PHC Ganjam #18,PHC,Ganjam,Odisha,9,real_state_totals_synthetic_district_distribution
F00173,PHC Ganjam #19,PHC,Ganjam,Odisha,7,real_state_totals_synthetic_district_distribution
F00174,PHC Ganjam #20,PHC,Ganjam,Odisha,8,real_state_totals_synthetic_district_distribution
F00175,PHC Ganjam #21,PHC,Ganjam,Odisha,4,real_state_totals_synthetic_district_distribution
F00176,PHC Ganjam #22,PHC,Ganjam,Odisha,7,real_state_totals_synthetic_district_distribution
F00177,PHC Ganjam #23,PHC,Ganjam,Odisha,7,real_state_totals_synthetic_district_distribution
F00178,PHC Ganjam #24,PHC,Ganjam,Odisha,8,real_state_totals_synthetic_district_distribution
F00179,PHC Ganjam #25,PHC,Ganjam,Odisha,7,real_state_totals_synthetic_district_distribution
F00180,PHC Ganjam #26,PHC,Ganjam,Odisha,8,real_state_totals_synthetic_district_distribution
F00181,PHC Ganjam #27,PHC,Ganjam,Odisha,6,real_state_totals_synthetic_district_distribution
F00182,PHC Ganjam #28,PHC,Ganjam,Odisha,8,real_state_totals_synthetic_district_distribution
F00183,PHC Ganjam #29,PHC,Ganjam,Odisha,10,real_state_totals_synthetic_district_distribution
F00184,PHC Ganjam #30,PHC,Ganjam,Odisha,4,real_state_totals_synthetic_district_distribution
F00185,PHC Ganjam #31,PHC,Ganjam,Odisha,9,real_state_totals_synthetic_district_distribution
F00186,PHC Ganjam #32,PHC,Ganjam,Odisha,9,real_state_totals_synthetic_district_distribution
F00187,PHC Ganjam #33,PHC,Ganjam,Odisha,4,real_state_totals_synthetic_district_distribution
F00188,PHC Ganjam #34,PHC,Ganjam,Odisha,9,real_state_totals_synthetic_district_distribution
F00189,PHC Ganjam #35,PHC,Ganjam,Odisha,8,real_state_totals_synthetic_district_distribution
F00190,PHC Ganjam #36,PHC,Ganjam,Odisha,10,real_state_totals_synthetic_district_distribution
F00191,PHC Ganjam #37,PHC,Ganjam,Odisha,6,real_state_totals_synthetic_district_distribution
F00192,PHC Ganjam #38,PHC,Ganjam,Odisha,10,real_state_totals_synthetic_district_distribution
F00193,PHC Ganjam #39,PHC,Ganjam,Odisha,9,real_state_totals_synthetic_district_distribution
F00194,PHC Ganjam #40,PHC,Ganjam,Odisha,6,real_state_totals_synthetic_district_distribution
F00195,PHC Ganjam #41,PHC,Ganjam,Odisha,4,real_state_totals_synthetic_district_distribution
F00196,PHC Ganjam #42,PHC,Ganjam,Odisha,6,real_state_totals_synthetic_district_distribution
F00197,PHC Ganjam #43,PHC,Ganjam,Odisha,7,real_state_totals_synthetic_district_distribution
F00198,PHC Ganjam #44,PHC,Ganjam,Odisha,5,real_state_totals_synthetic_district_distribution
F00199,PHC Ganjam #45,PHC,Ganjam,Odisha,7,real_state_totals_synthetic_district_distribution
F00200,PHC Ganjam #46,PHC,Ganjam,Odisha,4,real_state_totals_synthetic_district_distribution
F00201,PHC Ganjam #47,PHC,Ganjam,Odisha,9,real_state_totals_synthetic_district_distribution
F00202,PHC Ganjam #48,PHC,Ganjam,Odisha,9,real_state_totals_synthetic_district_distribution
F00203,PHC Ganjam #49,PHC,Ganjam,Odisha,6,real_state_totals_synthetic_district_distribution
F00204,PHC Ganjam #50,PHC,Ganjam,Odisha,8,real_state_totals_synthetic_district_distribution
F00205,PHC Ganjam #51,PHC,Ganjam,Odisha,10,real_state_totals_synthetic_district_distribution
F00206,PHC Ganjam #52,PHC,Ganjam,Odisha,5,real_state_totals_synthetic_district_distribution
F00207,PHC Ganjam #53,PHC,Ganjam,Odisha,8,real_state_totals_synthetic_district_distribution
F00208,PHC Ganjam #54,PHC,Ganjam,Odisha,4,real_state_totals_synthetic_district_distribution
F00209,PHC Ganjam #55,PHC,Ganjam,Odisha,10,real_state_totals_synthetic_district_distribution
F00210,PHC Ganjam #56,PHC,Ganjam,Odisha,9,real_state_totals_synthetic_district_distribution
F00211,PHC Ganjam #57,PHC,Ganjam,Odisha,6,real_state_totals_synthetic_district_distribution
F00212,PHC Ganjam #58,PHC,Ganjam,Odisha,10,real_state_totals_synthetic_district_distribution
F00213,PHC Ganjam #59,PHC,Ganjam,Odisha,9,real_state_totals_synthetic_district_distribution
F00214,PHC Ganjam #60,PHC,Ganjam,Odisha,8,real_state_totals_synthetic_district_distribution
F00215,PHC Ganjam #61,PHC,Ganjam,Odisha,8,real_state_totals_synthetic_district_distribution
F00216,PHC Ganjam #62,PHC,Ganjam,Odisha,5,real_state_totals_synthetic_district_distribution
F00217,PHC Ganjam #63,PHC,Ganjam,Odisha,5,real_state_totals_synthetic_district_distribution
F00218,PHC Ganjam #64,PHC,Ganjam,Odisha,6,real_state_totals_synthetic_district_distribution
F00219,PHC Ganjam #65,PHC,Ganjam,Odisha,10,real_state_totals_synthetic_district_distribution
F00220,PHC Ganjam #66,PHC,Ganjam,Odisha,5,real_state_totals_synthetic_district_distribution
F00221,PHC Ganjam #67,PHC,Ganjam,Odisha,8,real_state_totals_synthetic_district_distribution
F00222,PHC Ganjam #68,PHC,Ganjam,Odisha,10,real_state_totals_synthetic_district_distribution
F00223,PHC Ganjam #69,PHC,Ganjam,Odisha,8,real_state_totals_synthetic_district_distribution
F00224,PHC Ganjam #70,PHC,Ganjam,Odisha,4,real_state_totals_synthetic_district_distribution
F00225,PHC Ganjam #71,PHC,Ganjam,Odisha,8,real_state_totals_synthetic_district_distribution
F00226,PHC Ganjam #72,PHC,Ganjam,Odisha,6,real_state_totals_synthetic_district_distribution
F00227,PHC Ganjam #73,PHC,Ganjam,Odisha,7,real_state_totals_synthetic_district_distribution
F00228,PHC Ganjam #74,PHC,Ganjam,Odisha,4,real_state_totals_synthetic_district_distribution
F00229,PHC Ganjam #75,PHC,Ganjam,Odisha,4,real_state_totals_synthetic_district_distribution
F00230,PHC Ganjam #76,PHC,Ganjam,Odisha,6,real_state_totals_synthetic_district_distribution
F00231,PHC Ganjam #77,PHC,Ganjam,Odisha,10,real_state_totals_synthetic_district_distribution
F00232,PHC Ganjam #78,PHC,Ganjam,Odisha,10,real_state_totals_synthetic_district_distribution
F00233,PHC Ganjam #79,PHC,Ganjam,Odisha,6,real_state_totals_synthetic_district_distribution
F00234,PHC Ganjam #80,PHC,Ganjam,Odisha,5,real_state_totals_synthetic_district_distribution
F00235,PHC Ganjam #81,PHC,Ganjam,Odisha,4,real_state_totals_synthetic_district_distribution
F00236,PHC Ganjam #82,PHC,Ganjam,Odisha,5,real_state_totals_synthetic_district_distribution
F00237,PHC Ganjam #83,PHC,Ganjam,Odisha,8,real_state_totals_synthetic_district_distribution
F00238,PHC Ganjam #84,PHC,Ganjam,Odisha,4,real_state_totals_synthetic_district_distribution
F00239,PHC Ganjam #85,PHC,Ganjam,Odisha,4,real_state_totals_synthetic_district_distribution
F00240,PHC Ganjam #86,PHC,Ganjam,Odisha,9,real_state_totals_synthetic_district_distribution
F00241,PHC Ganjam #87,PHC,Ganjam,Odisha,7,real_state_totals_synthetic_district_distribution
F00242,PHC Ganjam #88,PHC,Ganjam,Odisha,10,real_state_totals_synthetic_district_distribution
F00243,PHC Ganjam #89,PHC,Ganjam,Odisha,4,real_state_totals_synthetic_district_distribution
F00244,PHC Ganjam #90,PHC,Ganjam,Odisha,10,real_state_totals_synthetic_district_distribution
F00245,PHC Ganjam #91,PHC,Ganjam,Odisha,8,real_state_totals_synthetic_district_distribution
F00246,PHC Ganjam #92,PHC,Ganjam,Odisha,10,real_state_totals_synthetic_district_distribution
F00247,PHC Ganjam #93,PHC,Ganjam,Odisha,5,real_state_totals_synthetic_district_distribution
F00248,CHC Ganjam #1,CHC,Ganjam,Odisha,24,real_state_totals_synthetic_district_distribution
F00249,CHC Ganjam #2,CHC,Ganjam,Odisha,41,real_state_totals_synthetic_district_distribution
F00250,CHC Ganjam #3,CHC,Ganjam,Odisha,35,real_state_totals_synthetic_district_distribution
F00251,CHC Ganjam #4,CHC,Ganjam,Odisha,50,real_state_totals_synthetic_district_distribution
F00252,CHC Ganjam #5,CHC,Ganjam,Odisha,37,real_state_totals_synthetic_district_distribution
F00253,CHC Ganjam #6,CHC,Ganjam,Odisha,25,real_state_totals_synthetic_district_distribution
F00254,CHC Ganjam #7,CHC,Ganjam,Odisha,28,real_state_totals_synthetic_district_distribution
F00255,CHC Ganjam #8,CHC,Ganjam,Odisha,36,real_state_totals_synthetic_district_distribution
F00256,CHC Ganjam #9,CHC,Ganjam,Odisha,47,real_state_totals_synthetic_district_distribution
F00257,CHC Ganjam #10,CHC,Ganjam,Odisha,39,real_state_totals_synthetic_district_distribution
F00258,CHC Ganjam #11,CHC,Ganjam,Odisha,33,real_state_totals_synthetic_district_distribution
F00259,CHC Ganjam #12,CHC,Ganjam,Odisha,50,real_state_totals_synthetic_district_distribution
F00260,CHC Ganjam #13,CHC,Ganjam,Odisha,26,real_state_totals_synthetic_district_distribution
F00261,CHC Ganjam #14,CHC,Ganjam,Odisha,49,real_state_totals_synthetic_district_distribution
F00262,CHC Ganjam #15,CHC,Ganjam,Odisha,37,real_state_totals_synthetic_district_distribution
F00263,CHC Ganjam #16,CHC,Ganjam,Odisha,44,real_state_totals_synthetic_district_distribution
F00264,District Hospital Ganjam #1,District Hospital,Ganjam,Odisha,286,real_state_totals_synthetic_district_distribution
F00265,District Hospital Ganjam #2,District Hospital,Ganjam,Odisha,276,real_state_totals_synthetic_district_distribution
F00266,PHC Mayurbhanj #1,PHC,Mayurbhanj,Odisha,5,real_state_totals_synthetic_district_distribution
F00267,PHC Mayurbhanj #2,PHC,Mayurbhanj,Odisha,9,real_state_totals_synthetic_district_distribution
F00268,PHC Mayurbhanj #3,PHC,Mayurbhanj,Odisha,6,real_state_totals_synthetic_district_distribution
F00269,PHC Mayurbhanj #4,PHC,Mayurbhanj,Odisha,7,real_state_totals_synthetic_district_distribution
F00270,PHC Mayurbhanj #5,PHC,Mayurbhanj,Odisha,9,real_state_totals_synthetic_district_distribution
F00271,PHC Mayurbhanj #6,PHC,Mayurbhanj,Odisha,9,real_state_totals_synthetic_district_distribution
F00272,PHC Mayurbhanj #7,PHC,Mayurbhanj,Odisha,6,real_state_totals_synthetic_district_distribution
F00273,PHC Mayurbhanj #8,PHC,Mayurbhanj,Odisha,7,real_state_totals_synthetic_district_distribution
F00274,PHC Mayurbhanj #9,PHC,Mayurbhanj,Odisha,8,real_state_totals_synthetic_district_distribution
F00275,PHC Mayurbhanj #10,PHC,Mayurbhanj,Odisha,7,real_state_totals_synthetic_district_distribution
F00276,PHC Mayurbhanj #11,PHC,Mayurbhanj,Odisha,4,real_state_totals_synthetic_district_distribution
F00277,PHC Mayurbhanj #12,PHC,Mayurbhanj,Odisha,5,real_state_totals_synthetic_district_distribution
F00278,PHC Mayurbhanj #13,PHC,Mayurbhanj,Odisha,5,real_state_totals_synthetic_district_distribution
F00279,PHC Mayurbhanj #14,PHC,Mayurbhanj,Odisha,4,real_state_totals_synthetic_district_distribution
F00280,PHC Mayurbhanj #15,PHC,Mayurbhanj,Odisha,6,real_state_totals_synthetic_district_distribution
F00281,PHC Mayurbhanj #16,PHC,Mayurbhanj,Odisha,4,real_state_totals_synthetic_district_distribution
F00282,PHC Mayurbhanj #17,PHC,Mayurbhanj,Odisha,8,real_state_totals_synthetic_district_distribution
F00283,PHC Mayurbhanj #18,PHC,Mayurbhanj,Odisha,8,real_state_totals_synthetic_district_distribution
F00284,PHC Mayurbhanj #19,PHC,Mayurbhanj,Odisha,5,real_state_totals_synthetic_district_distribution
F00285,PHC Mayurbhanj #20,PHC,Mayurbhanj,Odisha,8,real_state_totals_synthetic_district_distribution
F00286,PHC Mayurbhanj #21,PHC,Mayurbhanj,Odisha,5,real_state_totals_synthetic_district_distribution
F00287,PHC Mayurbhanj #22,PHC,Mayurbhanj,Odisha,4,real_state_totals_synthetic_district_distribution
F00288,PHC Mayurbhanj #23,PHC,Mayurbhanj,Odisha,4,real_state_totals_synthetic_district_distribution
F00289,PHC Mayurbhanj #24,PHC,Mayurbhanj,Odisha,9,real_state_totals_synthetic_district_distribution
F00290,PHC Mayurbhanj #25,PHC,Mayurbhanj,Odisha,9,real_state_totals_synthetic_district_distribution
F00291,PHC Mayurbhanj #26,PHC,Mayurbhanj,Odisha,4,real_state_totals_synthetic_district_distribution
F00292,PHC Mayurbhanj #27,PHC,Mayurbhanj,Odisha,5,real_state_totals_synthetic_district_distribution
F00293,PHC Mayurbhanj #28,PHC,Mayurbhanj,Odisha,4,real_state_totals_synthetic_district_distribution
F00294,PHC Mayurbhanj #29,PHC,Mayurbhanj,Odisha,4,real_state_totals_synthetic_district_distribution
F00295,PHC Mayurbhanj #30,PHC,Mayurbhanj,Odisha,10,real_state_totals_synthetic_district_distribution
F00296,PHC Mayurbhanj #31,PHC,Mayurbhanj,Odisha,6,real_state_totals_synthetic_district_distribution
F00297,PHC Mayurbhanj #32,PHC,Mayurbhanj,Odisha,4,real_state_totals_synthetic_district_distribution
F00298,PHC Mayurbhanj #33,PHC,Mayurbhanj,Odisha,8,real_state_totals_synthetic_district_distribution
F00299,PHC Mayurbhanj #34,PHC,Mayurbhanj,Odisha,5,real_state_totals_synthetic_district_distribution
F00300,PHC Mayurbhanj #35,PHC,Mayurbhanj,Odisha,6,real_state_totals_synthetic_district_distribution
F00301,PHC Mayurbhanj #36,PHC,Mayurbhanj,Odisha,9,real_state_totals_synthetic_district_distribution
F00302,PHC Mayurbhanj #37,PHC,Mayurbhanj,Odisha,7,real_state_totals_synthetic_district_distribution
F00303,PHC Mayurbhanj #38,PHC,Mayurbhanj,Odisha,5,real_state_totals_synthetic_district_distribution
F00304,PHC Mayurbhanj #39,PHC,Mayurbhanj,Odisha,8,real_state_totals_synthetic_district_distribution
F00305,PHC Mayurbhanj #40,PHC,Mayurbhanj,Odisha,5,real_state_totals_synthetic_district_distribution
F00306,PHC Mayurbhanj #41,PHC,Mayurbhanj,Odisha,9,real_state_totals_synthetic_district_distribution
F00307,PHC Mayurbhanj #42,PHC,Mayurbhanj,Odisha,8,real_state_totals_synthetic_district_distribution
F00308,PHC Mayurbhanj #43,PHC,Mayurbhanj,Odisha,8,real_state_totals_synthetic_district_distribution
F00309,PHC Mayurbhanj #44,PHC,Mayurbhanj,Odisha,7,real_state_totals_synthetic_district_distribution
F00310,PHC Mayurbhanj #45,PHC,Mayurbhanj,Odisha,5,real_state_totals_synthetic_district_distribution
F00311,PHC Mayurbhanj #46,PHC,Mayurbhanj,Odisha,10,real_state_totals_synthetic_district_distribution
F00312,PHC Mayurbhanj #47,PHC,Mayurbhanj,Odisha,7,real_state_totals_synthetic_district_distribution
F00313,PHC Mayurbhanj #48,PHC,Mayurbhanj,Odisha,10,real_state_totals_synthetic_district_distribution
F00314,PHC Mayurbhanj #49,PHC,Mayurbhanj,Odisha,7,real_state_totals_synthetic_district_distribution
F00315,PHC Mayurbhanj #50,PHC,Mayurbhanj,Odisha,5,real_state_totals_synthetic_district_distribution
F00316,PHC Mayurbhanj #51,PHC,Mayurbhanj,Odisha,4,real_state_totals_synthetic_district_distribution
F00317,PHC Mayurbhanj #52,PHC,Mayurbhanj,Odisha,4,real_state_totals_synthetic_district_distribution
F00318,PHC Mayurbhanj #53,PHC,Mayurbhanj,Odisha,9,real_state_totals_synthetic_district_distribution
F00319,PHC Mayurbhanj #54,PHC,Mayurbhanj,Odisha,7,real_state_totals_synthetic_district_distribution
F00320,PHC Mayurbhanj #55,PHC,Mayurbhanj,Odisha,6,real_state_totals_synthetic_district_distribution
F00321,PHC Mayurbhanj #56,PHC,Mayurbhanj,Odisha,7,real_state_totals_synthetic_district_distribution
F00322,PHC Mayurbhanj #57,PHC,Mayurbhanj,Odisha,7,real_state_totals_synthetic_district_distribution
F00323,PHC Mayurbhanj #58,PHC,Mayurbhanj,Odisha,7,real_state_totals_synthetic_district_distribution
F00324,PHC Mayurbhanj #59,PHC,Mayurbhanj,Odisha,10,real_state_totals_synthetic_district_distribution
F00325,PHC Mayurbhanj #60,PHC,Mayurbhanj,Odisha,9,real_state_totals_synthetic_district_distribution
F00326,PHC Mayurbhanj #61,PHC,Mayurbhanj,Odisha,4,real_state_totals_synthetic_district_distribution
F00327,PHC Mayurbhanj #62,PHC,Mayurbhanj,Odisha,9,real_state_totals_synthetic_district_distribution
F00328,PHC Mayurbhanj #63,PHC,Mayurbhanj,Odisha,9,real_state_totals_synthetic_district_distribution
F00329,PHC Mayurbhanj #64,PHC,Mayurbhanj,Odisha,9,real_state_totals_synthetic_district_distribution
F00330,PHC Mayurbhanj #65,PHC,Mayurbhanj,Odisha,4,real_state_totals_synthetic_district_distribution
F00331,PHC Mayurbhanj #66,PHC,Mayurbhanj,Odisha,4,real_state_totals_synthetic_district_distribution
F00332,PHC Mayurbhanj #67,PHC,Mayurbhanj,Odisha,7,real_state_totals_synthetic_district_distribution
F00333,CHC Mayurbhanj #1,CHC,Mayurbhanj,Odisha,43,real_state_totals_synthetic_district_distribution
F00334,CHC Mayurbhanj #2,CHC,Mayurbhanj,Odisha,30,real_state_totals_synthetic_district_distribution
F00335,CHC Mayurbhanj #3,CHC,Mayurbhanj,Odisha,45,real_state_totals_synthetic_district_distribution
F00336,CHC Mayurbhanj #4,CHC,Mayurbhanj,Odisha,47,real_state_totals_synthetic_district_distribution
F00337,CHC Mayurbhanj #5,CHC,Mayurbhanj,Odisha,23,real_state_totals_synthetic_district_distribution
F00338,CHC Mayurbhanj #6,CHC,Mayurbhanj,Odisha,27,real_state_totals_synthetic_district_distribution
F00339,CHC Mayurbhanj #7,CHC,Mayurbhanj,Odisha,26,real_state_totals_synthetic_district_distribution
F00340,CHC Mayurbhanj #8,CHC,Mayurbhanj,Odisha,26,real_state_totals_synthetic_district_distribution
F00341,CHC Mayurbhanj #9,CHC,Mayurbhanj,Odisha,37,real_state_totals_synthetic_district_distribution
F00342,CHC Mayurbhanj #10,CHC,Mayurbhanj,Odisha,34,real_state_totals_synthetic_district_distribution
F00343,CHC Mayurbhanj #11,CHC,Mayurbhanj,Odisha,24,real_state_totals_synthetic_district_distribution
F00344,District Hospital Mayurbhanj #1,District Hospital,Mayurbhanj,Odisha,208,real_state_totals_synthetic_district_distribution
F00345,District Hospital Mayurbhanj #2,District Hospital,Mayurbhanj,Odisha,146,real_state_totals_synthetic_district_distribution
F00346,PHC Balasore #1,PHC,Balasore,Odisha,6,real_state_totals_synthetic_district_distribution
F00347,PHC Balasore #2,PHC,Balasore,Odisha,7,real_state_totals_synthetic_district_distribution
F00348,PHC Balasore #3,PHC,Balasore,Odisha,5,real_state_totals_synthetic_district_distribution
F00349,PHC Balasore #4,PHC,Balasore,Odisha,10,real_state_totals_synthetic_district_distribution
F00350,PHC Balasore #5,PHC,Balasore,Odisha,4,real_state_totals_synthetic_district_distribution
F00351,PHC Balasore #6,PHC,Balasore,Odisha,7,real_state_totals_synthetic_district_distribution
F00352,PHC Balasore #7,PHC,Balasore,Odisha,10,real_state_totals_synthetic_district_distribution
F00353,PHC Balasore #8,PHC,Balasore,Odisha,10,real_state_totals_synthetic_district_distribution
F00354,PHC Balasore #9,PHC,Balasore,Odisha,10,real_state_totals_synthetic_district_distribution
F00355,PHC Balasore #10,PHC,Balasore,Odisha,8,real_state_totals_synthetic_district_distribution
F00356,PHC Balasore #11,PHC,Balasore,Odisha,4,real_state_totals_synthetic_district_distribution
F00357,PHC Balasore #12,PHC,Balasore,Odisha,4,real_state_totals_synthetic_district_distribution
F00358,PHC Balasore #13,PHC,Balasore,Odisha,9,real_state_totals_synthetic_district_distribution
F00359,PHC Balasore #14,PHC,Balasore,Odisha,8,real_state_totals_synthetic_district_distribution
F00360,PHC Balasore #15,PHC,Balasore,Odisha,10,real_state_totals_synthetic_district_distribution
F00361,PHC Balasore #16,PHC,Balasore,Odisha,4,real_state_totals_synthetic_district_distribution
F00362,PHC Balasore #17,PHC,Balasore,Odisha,4,real_state_totals_synthetic_district_distribution
F00363,PHC Balasore #18,PHC,Balasore,Odisha,10,real_state_totals_synthetic_district_distribution
F00364,PHC Balasore #19,PHC,Balasore,Odisha,10,real_state_totals_synthetic_district_distribution
F00365,PHC Balasore #20,PHC,Balasore,Odisha,5,real_state_totals_synthetic_district_distribution
F00366,PHC Balasore #21,PHC,Balasore,Odisha,5,real_state_totals_synthetic_district_distribution
F00367,PHC Balasore #22,PHC,Balasore,Odisha,7,real_state_totals_synthetic_district_distribution
F00368,PHC Balasore #23,PHC,Balasore,Odisha,7,real_state_totals_synthetic_district_distribution
F00369,PHC Balasore #24,PHC,Balasore,Odisha,7,real_state_totals_synthetic_district_distribution
F00370,PHC Balasore #25,PHC,Balasore,Odisha,5,real_state_totals_synthetic_district_distribution
F00371,PHC Balasore #26,PHC,Balasore,Odisha,10,real_state_totals_synthetic_district_distribution
F00372,PHC Balasore #27,PHC,Balasore,Odisha,7,real_state_totals_synthetic_district_distribution
F00373,PHC Balasore #28,PHC,Balasore,Odisha,4,real_state_totals_synthetic_district_distribution
F00374,PHC Balasore #29,PHC,Balasore,Odisha,5,real_state_totals_synthetic_district_distribution
F00375,PHC Balasore #30,PHC,Balasore,Odisha,7,real_state_totals_synthetic_district_distribution
F00376,PHC Balasore #31,PHC,Balasore,Odisha,4,real_state_totals_synthetic_district_distribution
F00377,PHC Balasore #32,PHC,Balasore,Odisha,7,real_state_totals_synthetic_district_distribution
F00378,PHC Balasore #33,PHC,Balasore,Odisha,6,real_state_totals_synthetic_district_distribution
F00379,PHC Balasore #34,PHC,Balasore,Odisha,10,real_state_totals_synthetic_district_distribution
F00380,PHC Balasore #35,PHC,Balasore,Odisha,10,real_state_totals_synthetic_district_distribution
F00381,PHC Balasore #36,PHC,Balasore,Odisha,7,real_state_totals_synthetic_district_distribution
F00382,PHC Balasore #37,PHC,Balasore,Odisha,6,real_state_totals_synthetic_district_distribution
F00383,PHC Balasore #38,PHC,Balasore,Odisha,7,real_state_totals_synthetic_district_distribution
F00384,PHC Balasore #39,PHC,Balasore,Odisha,9,real_state_totals_synthetic_district_distribution
F00385,PHC Balasore #40,PHC,Balasore,Odisha,9,real_state_totals_synthetic_district_distribution
F00386,PHC Balasore #41,PHC,Balasore,Odisha,10,real_state_totals_synthetic_district_distribution
F00387,PHC Balasore #42,PHC,Balasore,Odisha,8,real_state_totals_synthetic_district_distribution
F00388,PHC Balasore #43,PHC,Balasore,Odisha,9,real_state_totals_synthetic_district_distribution
F00389,PHC Balasore #44,PHC,Balasore,Odisha,9,real_state_totals_synthetic_district_distribution
F00390,PHC Balasore #45,PHC,Balasore,Odisha,7,real_state_totals_synthetic_district_distribution
F00391,PHC Balasore #46,PHC,Balasore,Odisha,5,real_state_totals_synthetic_district_distribution
F00392,PHC Balasore #47,PHC,Balasore,Odisha,5,real_state_totals_synthetic_district_distribution
F00393,PHC Balasore #48,PHC,Balasore,Odisha,6,real_state_totals_synthetic_district_distribution
F00394,PHC Balasore #49,PHC,Balasore,Odisha,5,real_state_totals_synthetic_district_distribution
F00395,PHC Balasore #50,PHC,Balasore,Odisha,4,real_state_totals_synthetic_district_distribution
F00396,PHC Balasore #51,PHC,Balasore,Odisha,8,real_state_totals_synthetic_district_distribution
F00397,PHC Balasore #52,PHC,Balasore,Odisha,9,real_state_totals_synthetic_district_distribution
F00398,PHC Balasore #53,PHC,Balasore,Odisha,8,real_state_totals_synthetic_district_distribution
F00399,PHC Balasore #54,PHC,Balasore,Odisha,4,real_state_totals_synthetic_district_distribution
F00400,PHC Balasore #55,PHC,Balasore,Odisha,9,real_state_totals_synthetic_district_distribution
F00401,PHC Balasore #56,PHC,Balasore,Odisha,6,real_state_totals_synthetic_district_distribution
F00402,PHC Balasore #57,PHC,Balasore,Odisha,4,real_state_totals_synthetic_district_distribution
F00403,PHC Balasore #58,PHC,Balasore,Odisha,4,real_state_totals_synthetic_district_distribution
F00404,PHC Balasore #59,PHC,Balasore,Odisha,8,real_state_totals_synthetic_district_distribution
F00405,PHC Balasore #60,PHC,Balasore,Odisha,7,real_state_totals_synthetic_district_distribution
F00406,PHC Balasore #61,PHC,Balasore,Odisha,8,real_state_totals_synthetic_district_distribution
F00407,CHC Balasore #1,CHC,Balasore,Odisha,49,real_state_totals_synthetic_district_distribution
F00408,CHC Balasore #2,CHC,Balasore,Odisha,47,real_state_totals_synthetic_district_distribution
F00409,CHC Balasore #3,CHC,Balasore,Odisha,36,real_state_totals_synthetic_district_distribution
F00410,CHC Balasore #4,CHC,Balasore,Odisha,25,real_state_totals_synthetic_district_distribution
F00411,CHC Balasore #5,CHC,Balasore,Odisha,21,real_state_totals_synthetic_district_distribution
F00412,CHC Balasore #6,CHC,Balasore,Odisha,50,real_state_totals_synthetic_district_distribution
F00413,CHC Balasore #7,CHC,Balasore,Odisha,36,real_state_totals_synthetic_district_distribution
F00414,CHC Balasore #8,CHC,Balasore,Odisha,22,real_state_totals_synthetic_district_distribution
F00415,CHC Balasore #9,CHC,Balasore,Odisha,47,real_state_totals_synthetic_district_distribution
F00416,CHC Balasore #10,CHC,Balasore,Odisha,25,real_state_totals_synthetic_district_distribution
F00417,District Hospital Balasore #1,District Hospital,Balasore,Odisha,117,real_state_totals_synthetic_district_distribution
F00418,PHC Puri #1,PHC,Puri,Odisha,8,real_state_totals_synthetic_district_distribution
F00419,PHC Puri #2,PHC,Puri,Odisha,4,real_state_totals_synthetic_district_distribution
F00420,PHC Puri #3,PHC,Puri,Odisha,9,real_state_totals_synthetic_district_distribution
F00421,PHC Puri #4,PHC,Puri,Odisha,10,real_state_totals_synthetic_district_distribution
F00422,PHC Puri #5,PHC,Puri,Odisha,5,real_state_totals_synthetic_district_distribution
F00423,PHC Puri #6,PHC,Puri,Odisha,7,real_state_totals_synthetic_district_distribution
F00424,PHC Puri #7,PHC,Puri,Odisha,4,real_state_totals_synthetic_district_distribution
F00425,PHC Puri #8,PHC,Puri,Odisha,8,real_state_totals_synthetic_district_distribution
F00426,PHC Puri #9,PHC,Puri,Odisha,5,real_state_totals_synthetic_district_distribution
F00427,PHC Puri #10,PHC,Puri,Odisha,8,real_state_totals_synthetic_district_distribution
F00428,PHC Puri #11,PHC,Puri,Odisha,8,real_state_totals_synthetic_district_distribution
F00429,PHC Puri #12,PHC,Puri,Odisha,4,real_state_totals_synthetic_district_distribution
F00430,PHC Puri #13,PHC,Puri,Odisha,8,real_state_totals_synthetic_district_distribution
F00431,PHC Puri #14,PHC,Puri,Odisha,4,real_state_totals_synthetic_district_distribution
F00432,PHC Puri #15,PHC,Puri,Odisha,7,real_state_totals_synthetic_district_distribution
F00433,PHC Puri #16,PHC,Puri,Odisha,9,real_state_totals_synthetic_district_distribution
F00434,PHC Puri #17,PHC,Puri,Odisha,8,real_state_totals_synthetic_district_distribution
F00435,PHC Puri #18,PHC,Puri,Odisha,8,real_state_totals_synthetic_district_distribution
F00436,PHC Puri #19,PHC,Puri,Odisha,8,real_state_totals_synthetic_district_distribution
F00437,PHC Puri #20,PHC,Puri,Odisha,6,real_state_totals_synthetic_district_distribution
F00438,PHC Puri #21,PHC,Puri,Odisha,6,real_state_totals_synthetic_district_distribution
F00439,PHC Puri #22,PHC,Puri,Odisha,5,real_state_totals_synthetic_district_distribution
F00440,PHC Puri #23,PHC,Puri,Odisha,9,real_state_totals_synthetic_district_distribution
F00441,PHC Puri #24,PHC,Puri,Odisha,9,real_state_totals_synthetic_district_distribution
F00442,PHC Puri #25,PHC,Puri,Odisha,6,real_state_totals_synthetic_district_distribution
F00443,PHC Puri #26,PHC,Puri,Odisha,5,real_state_totals_synthetic_district_distribution
F00444,PHC Puri #27,PHC,Puri,Odisha,6,real_state_totals_synthetic_district_distribution
F00445,PHC Puri #28,PHC,Puri,Odisha,7,real_state_totals_synthetic_district_distribution
F00446,PHC Puri #29,PHC,Puri,Odisha,5,real_state_totals_synthetic_district_distribution
F00447,PHC Puri #30,PHC,Puri,Odisha,9,real_state_totals_synthetic_district_distribution
F00448,PHC Puri #31,PHC,Puri,Odisha,9,real_state_totals_synthetic_district_distribution
F00449,PHC Puri #32,PHC,Puri,Odisha,6,real_state_totals_synthetic_district_distribution
F00450,PHC Puri #33,PHC,Puri,Odisha,7,real_state_totals_synthetic_district_distribution
F00451,PHC Puri #34,PHC,Puri,Odisha,6,real_state_totals_synthetic_district_distribution
F00452,PHC Puri #35,PHC,Puri,Odisha,10,real_state_totals_synthetic_district_distribution
F00453,PHC Puri #36,PHC,Puri,Odisha,4,real_state_totals_synthetic_district_distribution
F00454,PHC Puri #37,PHC,Puri,Odisha,4,real_state_totals_synthetic_district_distribution
F00455,PHC Puri #38,PHC,Puri,Odisha,7,real_state_totals_synthetic_district_distribution
F00456,PHC Puri #39,PHC,Puri,Odisha,8,real_state_totals_synthetic_district_distribution
F00457,PHC Puri #40,PHC,Puri,Odisha,8,real_state_totals_synthetic_district_distribution
F00458,PHC Puri #41,PHC,Puri,Odisha,4,real_state_totals_synthetic_district_distribution
F00459,PHC Puri #42,PHC,Puri,Odisha,4,real_state_totals_synthetic_district_distribution
F00460,PHC Puri #43,PHC,Puri,Odisha,8,real_state_totals_synthetic_district_distribution
F00461,PHC Puri #44,PHC,Puri,Odisha,5,real_state_totals_synthetic_district_distribution
F00462,PHC Puri #45,PHC,Puri,Odisha,8,real_state_totals_synthetic_district_distribution
F00463,CHC Puri #1,CHC,Puri,Odisha,28,real_state_totals_synthetic_district_distribution
F00464,CHC Puri #2,CHC,Puri,Odisha,24,real_state_totals_synthetic_district_distribution
F00465,CHC Puri #3,CHC,Puri,Odisha,49,real_state_totals_synthetic_district_distribution
F00466,CHC Puri #4,CHC,Puri,Odisha,31,real_state_totals_synthetic_district_distribution
F00467,CHC Puri #5,CHC,Puri,Odisha,48,real_state_totals_synthetic_district_distribution
F00468,CHC Puri #6,CHC,Puri,Odisha,22,real_state_totals_synthetic_district_distribution
F00469,CHC Puri #7,CHC,Puri,Odisha,48,real_state_totals_synthetic_district_distribution
F00470,District Hospital Puri #1,District Hospital,Puri,Odisha,162,real_state_totals_synthetic_district_distribution
F00471,PHC Sundargarh #1,PHC,Sundargarh,Odisha,6,real_state_totals_synthetic_district_distribution
F00472,PHC Sundargarh #2,PHC,Sundargarh,Odisha,6,real_state_totals_synthetic_district_distribution
F00473,PHC Sundargarh #3,PHC,Sundargarh,Odisha,5,real_state_totals_synthetic_district_distribution
F00474,PHC Sundargarh #4,PHC,Sundargarh,Odisha,7,real_state_totals_synthetic_district_distribution
F00475,PHC Sundargarh #5,PHC,Sundargarh,Odisha,10,real_state_totals_synthetic_district_distribution
F00476,PHC Sundargarh #6,PHC,Sundargarh,Odisha,8,real_state_totals_synthetic_district_distribution
F00477,PHC Sundargarh #7,PHC,Sundargarh,Odisha,9,real_state_totals_synthetic_district_distribution
F00478,PHC Sundargarh #8,PHC,Sundargarh,Odisha,6,real_state_totals_synthetic_district_distribution
F00479,PHC Sundargarh #9,PHC,Sundargarh,Odisha,8,real_state_totals_synthetic_district_distribution
F00480,PHC Sundargarh #10,PHC,Sundargarh,Odisha,10,real_state_totals_synthetic_district_distribution
F00481,PHC Sundargarh #11,PHC,Sundargarh,Odisha,9,real_state_totals_synthetic_district_distribution
F00482,PHC Sundargarh #12,PHC,Sundargarh,Odisha,8,real_state_totals_synthetic_district_distribution
F00483,PHC Sundargarh #13,PHC,Sundargarh,Odisha,4,real_state_totals_synthetic_district_distribution
F00484,PHC Sundargarh #14,PHC,Sundargarh,Odisha,9,real_state_totals_synthetic_district_distribution
F00485,PHC Sundargarh #15,PHC,Sundargarh,Odisha,10,real_state_totals_synthetic_district_distribution
F00486,PHC Sundargarh #16,PHC,Sundargarh,Odisha,8,real_state_totals_synthetic_district_distribution
F00487,PHC Sundargarh #17,PHC,Sundargarh,Odisha,6,real_state_totals_synthetic_district_distribution
F00488,PHC Sundargarh #18,PHC,Sundargarh,Odisha,9,real_state_totals_synthetic_district_distribution
F00489,PHC Sundargarh #19,PHC,Sundargarh,Odisha,4,real_state_totals_synthetic_district_distribution
F00490,PHC Sundargarh #20,PHC,Sundargarh,Odisha,5,real_state_totals_synthetic_district_distribution
F00491,PHC Sundargarh #21,PHC,Sundargarh,Odisha,6,real_state_totals_synthetic_district_distribution
F00492,PHC Sundargarh #22,PHC,Sundargarh,Odisha,4,real_state_totals_synthetic_district_distribution
F00493,PHC Sundargarh #23,PHC,Sundargarh,Odisha,4,real_state_totals_synthetic_district_distribution
F00494,PHC Sundargarh #24,PHC,Sundargarh,Odisha,9,real_state_totals_synthetic_district_distribution
F00495,PHC Sundargarh #25,PHC,Sundargarh,Odisha,8,real_state_totals_synthetic_district_distribution
F00496,PHC Sundargarh #26,PHC,Sundargarh,Odisha,5,real_state_totals_synthetic_district_distribution
F00497,PHC Sundargarh #27,PHC,Sundargarh,Odisha,6,real_state_totals_synthetic_district_distribution
F00498,PHC Sundargarh #28,PHC,Sundargarh,Odisha,6,real_state_totals_synthetic_district_distribution
F00499,PHC Sundargarh #29,PHC,Sundargarh,Odisha,8,real_state_totals_synthetic_district_distribution
F00500,PHC Sundargarh #30,PHC,Sundargarh,Odisha,5,real_state_totals_synthetic_district_distribution
F00501,PHC Sundargarh #31,PHC,Sundargarh,Odisha,9,real_state_totals_synthetic_district_distribution
F00502,PHC Sundargarh #32,PHC,Sundargarh,Odisha,6,real_state_totals_synthetic_district_distribution
F00503,PHC Sundargarh #33,PHC,Sundargarh,Odisha,5,real_state_totals_synthetic_district_distribution
F00504,PHC Sundargarh #34,PHC,Sundargarh,Odisha,9,real_state_totals_synthetic_district_distribution
F00505,PHC Sundargarh #35,PHC,Sundargarh,Odisha,9,real_state_totals_synthetic_district_distribution
F00506,PHC Sundargarh #36,PHC,Sundargarh,Odisha,10,real_state_totals_synthetic_district_distribution
F00507,PHC Sundargarh #37,PHC,Sundargarh,Odisha,6,real_state_totals_synthetic_district_distribution
F00508,PHC Sundargarh #38,PHC,Sundargarh,Odisha,8,real_state_totals_synthetic_district_distribution
F00509,PHC Sundargarh #39,PHC,Sundargarh,Odisha,7,real_state_totals_synthetic_district_distribution
F00510,PHC Sundargarh #40,PHC,Sundargarh,Odisha,6,real_state_totals_synthetic_district_distribution
F00511,PHC Sundargarh #41,PHC,Sundargarh,Odisha,10,real_state_totals_synthetic_district_distribution
F00512,PHC Sundargarh #42,PHC,Sundargarh,Odisha,4,real_state_totals_synthetic_district_distribution
F00513,PHC Sundargarh #43,PHC,Sundargarh,Odisha,4,real_state_totals_synthetic_district_distribution
F00514,PHC Sundargarh #44,PHC,Sundargarh,Odisha,9,real_state_totals_synthetic_district_distribution
F00515,PHC Sundargarh #45,PHC,Sundargarh,Odisha,7,real_state_totals_synthetic_district_distribution
F00516,PHC Sundargarh #46,PHC,Sundargarh,Odisha,10,real_state_totals_synthetic_district_distribution
F00517,PHC Sundargarh #47,PHC,Sundargarh,Odisha,6,real_state_totals_synthetic_district_distribution
F00518,PHC Sundargarh #48,PHC,Sundargarh,Odisha,4,real_state_totals_synthetic_district_distribution
F00519,PHC Sundargarh #49,PHC,Sundargarh,Odisha,4,real_state_totals_synthetic_district_distribution
F00520,PHC Sundargarh #50,PHC,Sundargarh,Odisha,6,real_state_totals_synthetic_district_distribution
F00521,PHC Sundargarh #51,PHC,Sundargarh,Odisha,10,real_state_totals_synthetic_district_distribution
F00522,PHC Sundargarh #52,PHC,Sundargarh,Odisha,5,real_state_totals_synthetic_district_distribution
F00523,PHC Sundargarh #53,PHC,Sundargarh,Odisha,9,real_state_totals_synthetic_district_distribution
F00524,PHC Sundargarh #54,PHC,Sundargarh,Odisha,6,real_state_totals_synthetic_district_distribution
F00525,PHC Sundargarh #55,PHC,Sundargarh,Odisha,5,real_state_totals_synthetic_district_distribution
F00526,CHC Sundargarh #1,CHC,Sundargarh,Odisha,43,real_state_totals_synthetic_district_distribution
F00527,CHC Sundargarh #2,CHC,Sundargarh,Odisha,34,real_state_totals_synthetic_district_distribution
F00528,CHC Sundargarh #3,CHC,Sundargarh,Odisha,37,real_state_totals_synthetic_district_distribution
F00529,CHC Sundargarh #4,CHC,Sundargarh,Odisha,42,real_state_totals_synthetic_district_distribution
F00530,CHC Sundargarh #5,CHC,Sundargarh,Odisha,33,real_state_totals_synthetic_district_distribution
F00531,CHC Sundargarh #6,CHC,Sundargarh,Odisha,37,real_state_totals_synthetic_district_distribution
F00532,CHC Sundargarh #7,CHC,Sundargarh,Odisha,20,real_state_totals_synthetic_district_distribution
F00533,CHC Sundargarh #8,CHC,Sundargarh,Odisha,23,real_state_totals_synthetic_district_distribution
F00534,CHC Sundargarh #9,CHC,Sundargarh,Odisha,22,real_state_totals_synthetic_district_distribution
F00535,District Hospital Sundargarh #1,District Hospital,Sundargarh,Odisha,276,real_state_totals_synthetic_district_distribution
F00536,PHC Kalahandi #1,PHC,Kalahandi,Odisha,5,real_state_totals_synthetic_district_distribution
F00537,PHC Kalahandi #2,PHC,Kalahandi,Odisha,8,real_state_totals_synthetic_district_distribution
F00538,PHC Kalahandi #3,PHC,Kalahandi,Odisha,4,real_state_totals_synthetic_district_distribution
F00539,PHC Kalahandi #4,PHC,Kalahandi,Odisha,10,real_state_totals_synthetic_district_distribution
F00540,PHC Kalahandi #5,PHC,Kalahandi,Odisha,6,real_state_totals_synthetic_district_distribution
F00541,PHC Kalahandi #6,PHC,Kalahandi,Odisha,8,real_state_totals_synthetic_district_distribution
F00542,PHC Kalahandi #7,PHC,Kalahandi,Odisha,8,real_state_totals_synthetic_district_distribution
F00543,PHC Kalahandi #8,PHC,Kalahandi,Odisha,5,real_state_totals_synthetic_district_distribution
F00544,PHC Kalahandi #9,PHC,Kalahandi,Odisha,7,real_state_totals_synthetic_district_distribution
F00545,PHC Kalahandi #10,PHC,Kalahandi,Odisha,5,real_state_totals_synthetic_district_distribution
F00546,PHC Kalahandi #11,PHC,Kalahandi,Odisha,4,real_state_totals_synthetic_district_distribution
F00547,PHC Kalahandi #12,PHC,Kalahandi,Odisha,6,real_state_totals_synthetic_district_distribution
F00548,PHC Kalahandi #13,PHC,Kalahandi,Odisha,6,real_state_totals_synthetic_district_distribution
F00549,PHC Kalahandi #14,PHC,Kalahandi,Odisha,10,real_state_totals_synthetic_district_distribution
F00550,PHC Kalahandi #15,PHC,Kalahandi,Odisha,10,real_state_totals_synthetic_district_distribution
F00551,PHC Kalahandi #16,PHC,Kalahandi,Odisha,4,real_state_totals_synthetic_district_distribution
F00552,PHC Kalahandi #17,PHC,Kalahandi,Odisha,6,real_state_totals_synthetic_district_distribution
F00553,PHC Kalahandi #18,PHC,Kalahandi,Odisha,5,real_state_totals_synthetic_district_distribution
F00554,PHC Kalahandi #19,PHC,Kalahandi,Odisha,9,real_state_totals_synthetic_district_distribution
F00555,PHC Kalahandi #20,PHC,Kalahandi,Odisha,5,real_state_totals_synthetic_district_distribution
F00556,PHC Kalahandi #21,PHC,Kalahandi,Odisha,9,real_state_totals_synthetic_district_distribution
F00557,PHC Kalahandi #22,PHC,Kalahandi,Odisha,4,real_state_totals_synthetic_district_distribution
F00558,PHC Kalahandi #23,PHC,Kalahandi,Odisha,6,real_state_totals_synthetic_district_distribution
F00559,PHC Kalahandi #24,PHC,Kalahandi,Odisha,10,real_state_totals_synthetic_district_distribution
F00560,PHC Kalahandi #25,PHC,Kalahandi,Odisha,8,real_state_totals_synthetic_district_distribution
F00561,PHC Kalahandi #26,PHC,Kalahandi,Odisha,10,real_state_totals_synthetic_district_distribution
F00562,PHC Kalahandi #27,PHC,Kalahandi,Odisha,7,real_state_totals_synthetic_district_distribution
F00563,PHC Kalahandi #28,PHC,Kalahandi,Odisha,8,real_state_totals_synthetic_district_distribution
F00564,PHC Kalahandi #29,PHC,Kalahandi,Odisha,9,real_state_totals_synthetic_district_distribution
F00565,PHC Kalahandi #30,PHC,Kalahandi,Odisha,5,real_state_totals_synthetic_district_distribution
F00566,PHC Kalahandi #31,PHC,Kalahandi,Odisha,5,real_state_totals_synthetic_district_distribution
F00567,PHC Kalahandi #32,PHC,Kalahandi,Odisha,10,real_state_totals_synthetic_district_distribution
F00568,PHC Kalahandi #33,PHC,Kalahandi,Odisha,5,real_state_totals_synthetic_district_distribution
F00569,PHC Kalahandi #34,PHC,Kalahandi,Odisha,10,real_state_totals_synthetic_district_distribution
F00570,PHC Kalahandi #35,PHC,Kalahandi,Odisha,10,real_state_totals_synthetic_district_distribution
F00571,PHC Kalahandi #36,PHC,Kalahandi,Odisha,5,real_state_totals_synthetic_district_distribution
F00572,PHC Kalahandi #37,PHC,Kalahandi,Odisha,7,real_state_totals_synthetic_district_distribution
F00573,PHC Kalahandi #38,PHC,Kalahandi,Odisha,4,real_state_totals_synthetic_district_distribution
F00574,PHC Kalahandi #39,PHC,Kalahandi,Odisha,5,real_state_totals_synthetic_district_distribution
F00575,PHC Kalahandi #40,PHC,Kalahandi,Odisha,9,real_state_totals_synthetic_district_distribution
F00576,PHC Kalahandi #41,PHC,Kalahandi,Odisha,6,real_state_totals_synthetic_district_distribution
F00577,PHC Kalahandi #42,PHC,Kalahandi,Odisha,10,real_state_totals_synthetic_district_distribution
F00578,CHC Kalahandi #1,CHC,Kalahandi,Odisha,49,real_state_totals_synthetic_district_distribution
F00579,CHC Kalahandi #2,CHC,Kalahandi,Odisha,33,real_state_totals_synthetic_district_distribution
F00580,CHC Kalahandi #3,CHC,Kalahandi,Odisha,45,real_state_totals_synthetic_district_distribution
F00581,CHC Kalahandi #4,CHC,Kalahandi,Odisha,41,real_state_totals_synthetic_district_distribution
F00582,CHC Kalahandi #5,CHC,Kalahandi,Odisha,47,real_state_totals_synthetic_district_distribution
F00583,CHC Kalahandi #6,CHC,Kalahandi,Odisha,43,real_state_totals_synthetic_district_distribution
F00584,CHC Kalahandi #7,CHC,Kalahandi,Odisha,45,real_state_totals_synthetic_district_distribution
F00585,District Hospital Kalahandi #1,District Hospital,Kalahandi,Odisha,163,real_state_totals_synthetic_district_distribution
F00586,PHC Koraput #1,PHC,Koraput,Odisha,6,real_state_totals_synthetic_district_distribution
F00587,PHC Koraput #2,PHC,Koraput,Odisha,5,real_state_totals_synthetic_district_distribution
F00588,PHC Koraput #3,PHC,Koraput,Odisha,10,real_state_totals_synthetic_district_distribution
F00589,PHC Koraput #4,PHC,Koraput,Odisha,9,real_state_totals_synthetic_district_distribution
F00590,PHC Koraput #5,PHC,Koraput,Odisha,4,real_state_totals_synthetic_district_distribution
F00591,PHC Koraput #6,PHC,Koraput,Odisha,7,real_state_totals_synthetic_district_distribution
F00592,PHC Koraput #7,PHC,Koraput,Odisha,10,real_state_totals_synthetic_district_distribution
F00593,PHC Koraput #8,PHC,Koraput,Odisha,4,real_state_totals_synthetic_district_distribution
F00594,PHC Koraput #9,PHC,Koraput,Odisha,10,real_state_totals_synthetic_district_distribution
F00595,PHC Koraput #10,PHC,Koraput,Odisha,7,real_state_totals_synthetic_district_distribution
F00596,PHC Koraput #11,PHC,Koraput,Odisha,5,real_state_totals_synthetic_district_distribution
F00597,PHC Koraput #12,PHC,Koraput,Odisha,5,real_state_totals_synthetic_district_distribution
F00598,PHC Koraput #13,PHC,Koraput,Odisha,10,real_state_totals_synthetic_district_distribution
F00599,PHC Koraput #14,PHC,Koraput,Odisha,7,real_state_totals_synthetic_district_distribution
F00600,PHC Koraput #15,PHC,Koraput,Odisha,6,real_state_totals_synthetic_district_distribution
F00601,PHC Koraput #16,PHC,Koraput,Odisha,6,real_state_totals_synthetic_district_distribution
F00602,PHC Koraput #17,PHC,Koraput,Odisha,10,real_state_totals_synthetic_district_distribution
F00603,PHC Koraput #18,PHC,Koraput,Odisha,10,real_state_totals_synthetic_district_distribution
F00604,PHC Koraput #19,PHC,Koraput,Odisha,10,real_state_totals_synthetic_district_distribution
F00605,PHC Koraput #20,PHC,Koraput,Odisha,5,real_state_totals_synthetic_district_distribution
F00606,PHC Koraput #21,PHC,Koraput,Odisha,5,real_state_totals_synthetic_district_distribution
F00607,PHC Koraput #22,PHC,Koraput,Odisha,4,real_state_totals_synthetic_district_distribution
F00608,PHC Koraput #23,PHC,Koraput,Odisha,9,real_state_totals_synthetic_district_distribution
F00609,PHC Koraput #24,PHC,Koraput,Odisha,5,real_state_totals_synthetic_district_distribution
F00610,PHC Koraput #25,PHC,Koraput,Odisha,7,real_state_totals_synthetic_district_distribution
F00611,PHC Koraput #26,PHC,Koraput,Odisha,6,real_state_totals_synthetic_district_distribution
F00612,PHC Koraput #27,PHC,Koraput,Odisha,6,real_state_totals_synthetic_district_distribution
F00613,PHC Koraput #28,PHC,Koraput,Odisha,10,real_state_totals_synthetic_district_distribution
F00614,PHC Koraput #29,PHC,Koraput,Odisha,4,real_state_totals_synthetic_district_distribution
F00615,PHC Koraput #30,PHC,Koraput,Odisha,10,real_state_totals_synthetic_district_distribution
F00616,PHC Koraput #31,PHC,Koraput,Odisha,6,real_state_totals_synthetic_district_distribution
F00617,PHC Koraput #32,PHC,Koraput,Odisha,6,real_state_totals_synthetic_district_distribution
F00618,PHC Koraput #33,PHC,Koraput,Odisha,9,real_state_totals_synthetic_district_distribution
F00619,PHC Koraput #34,PHC,Koraput,Odisha,8,real_state_totals_synthetic_district_distribution
F00620,PHC Koraput #35,PHC,Koraput,Odisha,7,real_state_totals_synthetic_district_distribution
F00621,PHC Koraput #36,PHC,Koraput,Odisha,9,real_state_totals_synthetic_district_distribution
F00622,PHC Koraput #37,PHC,Koraput,Odisha,10,real_state_totals_synthetic_district_distribution
F00623,CHC Koraput #1,CHC,Koraput,Odisha,37,real_state_totals_synthetic_district_distribution
F00624,CHC Koraput #2,CHC,Koraput,Odisha,30,real_state_totals_synthetic_district_distribution
F00625,CHC Koraput #3,CHC,Koraput,Odisha,50,real_state_totals_synthetic_district_distribution
F00626,CHC Koraput #4,CHC,Koraput,Odisha,20,real_state_totals_synthetic_district_distribution
F00627,CHC Koraput #5,CHC,Koraput,Odisha,23,real_state_totals_synthetic_district_distribution
F00628,CHC Koraput #6,CHC,Koraput,Odisha,48,real_state_totals_synthetic_district_distribution
F00629,District Hospital Koraput #1,District Hospital,Koraput,Odisha,166,real_state_totals_synthetic_district_distribution
F00630,PHC Sambalpur #1,PHC,Sambalpur,Odisha,5,real_state_totals_synthetic_district_distribution
F00631,PHC Sambalpur #2,PHC,Sambalpur,Odisha,8,real_state_totals_synthetic_district_distribution
F00632,PHC Sambalpur #3,PHC,Sambalpur,Odisha,6,real_state_totals_synthetic_district_distribution
F00633,PHC Sambalpur #4,PHC,Sambalpur,Odisha,4,real_state_totals_synthetic_district_distribution
F00634,PHC Sambalpur #5,PHC,Sambalpur,Odisha,4,real_state_totals_synthetic_district_distribution
F00635,PHC Sambalpur #6,PHC,Sambalpur,Odisha,8,real_state_totals_synthetic_district_distribution
F00636,PHC Sambalpur #7,PHC,Sambalpur,Odisha,7,real_state_totals_synthetic_district_distribution
F00637,PHC Sambalpur #8,PHC,Sambalpur,Odisha,6,real_state_totals_synthetic_district_distribution
F00638,PHC Sambalpur #9,PHC,Sambalpur,Odisha,9,real_state_totals_synthetic_district_distribution
F00639,PHC Sambalpur #10,PHC,Sambalpur,Odisha,10,real_state_totals_synthetic_district_distribution
F00640,PHC Sambalpur #11,PHC,Sambalpur,Odisha,6,real_state_totals_synthetic_district_distribution
F00641,PHC Sambalpur #12,PHC,Sambalpur,Odisha,7,real_state_totals_synthetic_district_distribution
F00642,PHC Sambalpur #13,PHC,Sambalpur,Odisha,8,real_state_totals_synthetic_district_distribution
F00643,PHC Sambalpur #14,PHC,Sambalpur,Odisha,8,real_state_totals_synthetic_district_distribution
F00644,PHC Sambalpur #15,PHC,Sambalpur,Odisha,4,real_state_totals_synthetic_district_distribution
F00645,PHC Sambalpur #16,PHC,Sambalpur,Odisha,7,real_state_totals_synthetic_district_distribution
F00646,PHC Sambalpur #17,PHC,Sambalpur,Odisha,8,real_state_totals_synthetic_district_distribution
F00647,PHC Sambalpur #18,PHC,Sambalpur,Odisha,5,real_state_totals_synthetic_district_distribution
F00648,PHC Sambalpur #19,PHC,Sambalpur,Odisha,6,real_state_totals_synthetic_district_distribution
F00649,PHC Sambalpur #20,PHC,Sambalpur,Odisha,4,real_state_totals_synthetic_district_distribution
F00650,PHC Sambalpur #21,PHC,Sambalpur,Odisha,9,real_state_totals_synthetic_district_distribution
F00651,PHC Sambalpur #22,PHC,Sambalpur,Odisha,7,real_state_totals_synthetic_district_distribution
F00652,PHC Sambalpur #23,PHC,Sambalpur,Odisha,4,real_state_totals_synthetic_district_distribution
F00653,PHC Sambalpur #24,PHC,Sambalpur,Odisha,8,real_state_totals_synthetic_district_distribution
F00654,PHC Sambalpur #25,PHC,Sambalpur,Odisha,10,real_state_totals_synthetic_district_distribution
F00655,PHC Sambalpur #26,PHC,Sambalpur,Odisha,8,real_state_totals_synthetic_district_distribution
F00656,PHC Sambalpur #27,PHC,Sambalpur,Odisha,9,real_state_totals_synthetic_district_distribution
F00657,PHC Sambalpur #28,PHC,Sambalpur,Odisha,9,real_state_totals_synthetic_district_distribution
F00658,CHC Sambalpur #1,CHC,Sambalpur,Odisha,50,real_state_totals_synthetic_district_distribution
F00659,CHC Sambalpur #2,CHC,Sambalpur,Odisha,43,real_state_totals_synthetic_district_distribution
F00660,CHC Sambalpur #3,CHC,Sambalpur,Odisha,43,real_state_totals_synthetic_district_distribution
F00661,CHC Sambalpur #4,CHC,Sambalpur,Odisha,41,real_state_totals_synthetic_district_distribution
F00662,CHC Sambalpur #5,CHC,Sambalpur,Odisha,26,real_state_totals_synthetic_district_distribution
F00663,District Hospital Sambalpur #1,District Hospital,Sambalpur,Odisha,193,real_state_totals_synthetic_district_distribution
F00664,PHC Kanpur Nagar #1,PHC,Kanpur Nagar,Uttar Pradesh,7,real_state_totals_synthetic_district_distribution
F00665,PHC Kanpur Nagar #2,PHC,Kanpur Nagar,Uttar Pradesh,4,real_state_totals_synthetic_district_distribution
F00666,PHC Kanpur Nagar #3,PHC,Kanpur Nagar,Uttar Pradesh,9,real_state_totals_synthetic_district_distribution
F00667,PHC Kanpur Nagar #4,PHC,Kanpur Nagar,Uttar Pradesh,6,real_state_totals_synthetic_district_distribution
F00668,PHC Kanpur Nagar #5,PHC,Kanpur Nagar,Uttar Pradesh,8,real_state_totals_synthetic_district_distribution
F00669,PHC Kanpur Nagar #6,PHC,Kanpur Nagar,Uttar Pradesh,6,real_state_totals_synthetic_district_distribution
F00670,PHC Kanpur Nagar #7,PHC,Kanpur Nagar,Uttar Pradesh,9,real_state_totals_synthetic_district_distribution
F00671,PHC Kanpur Nagar #8,PHC,Kanpur Nagar,Uttar Pradesh,10,real_state_totals_synthetic_district_distribution
F00672,PHC Kanpur Nagar #9,PHC,Kanpur Nagar,Uttar Pradesh,4,real_state_totals_synthetic_district_distribution
F00673,PHC Kanpur Nagar #10,PHC,Kanpur Nagar,Uttar Pradesh,9,real_state_totals_synthetic_district_distribution
F00674,PHC Kanpur Nagar #11,PHC,Kanpur Nagar,Uttar Pradesh,6,real_state_totals_synthetic_district_distribution
F00675,PHC Kanpur Nagar #12,PHC,Kanpur Nagar,Uttar Pradesh,8,real_state_totals_synthetic_district_distribution
F00676,PHC Kanpur Nagar #13,PHC,Kanpur Nagar,Uttar Pradesh,6,real_state_totals_synthetic_district_distribution
F00677,PHC Kanpur Nagar #14,PHC,Kanpur Nagar,Uttar Pradesh,9,real_state_totals_synthetic_district_distribution
F00678,PHC Kanpur Nagar #15,PHC,Kanpur Nagar,Uttar Pradesh,7,real_state_totals_synthetic_district_distribution
F00679,PHC Kanpur Nagar #16,PHC,Kanpur Nagar,Uttar Pradesh,6,real_state_totals_synthetic_district_distribution
F00680,PHC Kanpur Nagar #17,PHC,Kanpur Nagar,Uttar Pradesh,7,real_state_totals_synthetic_district_distribution
F00681,PHC Kanpur Nagar #18,PHC,Kanpur Nagar,Uttar Pradesh,9,real_state_totals_synthetic_district_distribution
F00682,PHC Kanpur Nagar #19,PHC,Kanpur Nagar,Uttar Pradesh,6,real_state_totals_synthetic_district_distribution
F00683,PHC Kanpur Nagar #20,PHC,Kanpur Nagar,Uttar Pradesh,8,real_state_totals_synthetic_district_distribution
F00684,PHC Kanpur Nagar #21,PHC,Kanpur Nagar,Uttar Pradesh,5,real_state_totals_synthetic_district_distribution
F00685,PHC Kanpur Nagar #22,PHC,Kanpur Nagar,Uttar Pradesh,5,real_state_totals_synthetic_district_distribution
F00686,PHC Kanpur Nagar #23,PHC,Kanpur Nagar,Uttar Pradesh,7,real_state_totals_synthetic_district_distribution
F00687,PHC Kanpur Nagar #24,PHC,Kanpur Nagar,Uttar Pradesh,9,real_state_totals_synthetic_district_distribution
F00688,PHC Kanpur Nagar #25,PHC,Kanpur Nagar,Uttar Pradesh,7,real_state_totals_synthetic_district_distribution
F00689,PHC Kanpur Nagar #26,PHC,Kanpur Nagar,Uttar Pradesh,9,real_state_totals_synthetic_district_distribution
F00690,PHC Kanpur Nagar #27,PHC,Kanpur Nagar,Uttar Pradesh,9,real_state_totals_synthetic_district_distribution
F00691,PHC Kanpur Nagar #28,PHC,Kanpur Nagar,Uttar Pradesh,5,real_state_totals_synthetic_district_distribution
F00692,PHC Kanpur Nagar #29,PHC,Kanpur Nagar,Uttar Pradesh,8,real_state_totals_synthetic_district_distribution
F00693,PHC Kanpur Nagar #30,PHC,Kanpur Nagar,Uttar Pradesh,8,real_state_totals_synthetic_district_distribution
F00694,PHC Kanpur Nagar #31,PHC,Kanpur Nagar,Uttar Pradesh,6,real_state_totals_synthetic_district_distribution
F00695,PHC Kanpur Nagar #32,PHC,Kanpur Nagar,Uttar Pradesh,7,real_state_totals_synthetic_district_distribution
F00696,PHC Kanpur Nagar #33,PHC,Kanpur Nagar,Uttar Pradesh,8,real_state_totals_synthetic_district_distribution
F00697,PHC Kanpur Nagar #34,PHC,Kanpur Nagar,Uttar Pradesh,10,real_state_totals_synthetic_district_distribution
F00698,PHC Kanpur Nagar #35,PHC,Kanpur Nagar,Uttar Pradesh,4,real_state_totals_synthetic_district_distribution
F00699,PHC Kanpur Nagar #36,PHC,Kanpur Nagar,Uttar Pradesh,6,real_state_totals_synthetic_district_distribution
F00700,PHC Kanpur Nagar #37,PHC,Kanpur Nagar,Uttar Pradesh,6,real_state_totals_synthetic_district_distribution
F00701,PHC Kanpur Nagar #38,PHC,Kanpur Nagar,Uttar Pradesh,5,real_state_totals_synthetic_district_distribution
F00702,PHC Kanpur Nagar #39,PHC,Kanpur Nagar,Uttar Pradesh,7,real_state_totals_synthetic_district_distribution
F00703,PHC Kanpur Nagar #40,PHC,Kanpur Nagar,Uttar Pradesh,10,real_state_totals_synthetic_district_distribution
F00704,PHC Kanpur Nagar #41,PHC,Kanpur Nagar,Uttar Pradesh,8,real_state_totals_synthetic_district_distribution
F00705,PHC Kanpur Nagar #42,PHC,Kanpur Nagar,Uttar Pradesh,8,real_state_totals_synthetic_district_distribution
F00706,PHC Kanpur Nagar #43,PHC,Kanpur Nagar,Uttar Pradesh,9,real_state_totals_synthetic_district_distribution
F00707,PHC Kanpur Nagar #44,PHC,Kanpur Nagar,Uttar Pradesh,6,real_state_totals_synthetic_district_distribution
F00708,PHC Kanpur Nagar #45,PHC,Kanpur Nagar,Uttar Pradesh,7,real_state_totals_synthetic_district_distribution
F00709,PHC Kanpur Nagar #46,PHC,Kanpur Nagar,Uttar Pradesh,7,real_state_totals_synthetic_district_distribution
F00710,PHC Kanpur Nagar #47,PHC,Kanpur Nagar,Uttar Pradesh,7,real_state_totals_synthetic_district_distribution
F00711,PHC Kanpur Nagar #48,PHC,Kanpur Nagar,Uttar Pradesh,9,real_state_totals_synthetic_district_distribution
F00712,PHC Kanpur Nagar #49,PHC,Kanpur Nagar,Uttar Pradesh,5,real_state_totals_synthetic_district_distribution
F00713,PHC Kanpur Nagar #50,PHC,Kanpur Nagar,Uttar Pradesh,8,real_state_totals_synthetic_district_distribution
F00714,PHC Kanpur Nagar #51,PHC,Kanpur Nagar,Uttar Pradesh,7,real_state_totals_synthetic_district_distribution
F00715,PHC Kanpur Nagar #52,PHC,Kanpur Nagar,Uttar Pradesh,10,real_state_totals_synthetic_district_distribution
F00716,PHC Kanpur Nagar #53,PHC,Kanpur Nagar,Uttar Pradesh,10,real_state_totals_synthetic_district_distribution
F00717,PHC Kanpur Nagar #54,PHC,Kanpur Nagar,Uttar Pradesh,9,real_state_totals_synthetic_district_distribution
F00718,PHC Kanpur Nagar #55,PHC,Kanpur Nagar,Uttar Pradesh,5,real_state_totals_synthetic_district_distribution
F00719,PHC Kanpur Nagar #56,PHC,Kanpur Nagar,Uttar Pradesh,9,real_state_totals_synthetic_district_distribution
F00720,PHC Kanpur Nagar #57,PHC,Kanpur Nagar,Uttar Pradesh,4,real_state_totals_synthetic_district_distribution
F00721,PHC Kanpur Nagar #58,PHC,Kanpur Nagar,Uttar Pradesh,6,real_state_totals_synthetic_district_distribution
F00722,PHC Kanpur Nagar #59,PHC,Kanpur Nagar,Uttar Pradesh,8,real_state_totals_synthetic_district_distribution
F00723,PHC Kanpur Nagar #60,PHC,Kanpur Nagar,Uttar Pradesh,9,real_state_totals_synthetic_district_distribution
F00724,PHC Kanpur Nagar #61,PHC,Kanpur Nagar,Uttar Pradesh,9,real_state_totals_synthetic_district_distribution
F00725,PHC Kanpur Nagar #62,PHC,Kanpur Nagar,Uttar Pradesh,8,real_state_totals_synthetic_district_distribution
F00726,PHC Kanpur Nagar #63,PHC,Kanpur Nagar,Uttar Pradesh,6,real_state_totals_synthetic_district_distribution
F00727,PHC Kanpur Nagar #64,PHC,Kanpur Nagar,Uttar Pradesh,4,real_state_totals_synthetic_district_distribution
F00728,PHC Kanpur Nagar #65,PHC,Kanpur Nagar,Uttar Pradesh,10,real_state_totals_synthetic_district_distribution
F00729,PHC Kanpur Nagar #66,PHC,Kanpur Nagar,Uttar Pradesh,10,real_state_totals_synthetic_district_distribution
F00730,PHC Kanpur Nagar #67,PHC,Kanpur Nagar,Uttar Pradesh,5,real_state_totals_synthetic_district_distribution
F00731,PHC Kanpur Nagar #68,PHC,Kanpur Nagar,Uttar Pradesh,9,real_state_totals_synthetic_district_distribution
F00732,PHC Kanpur Nagar #69,PHC,Kanpur Nagar,Uttar Pradesh,6,real_state_totals_synthetic_district_distribution
F00733,PHC Kanpur Nagar #70,PHC,Kanpur Nagar,Uttar Pradesh,5,real_state_totals_synthetic_district_distribution
F00734,PHC Kanpur Nagar #71,PHC,Kanpur Nagar,Uttar Pradesh,10,real_state_totals_synthetic_district_distribution
F00735,PHC Kanpur Nagar #72,PHC,Kanpur Nagar,Uttar Pradesh,5,real_state_totals_synthetic_district_distribution
F00736,PHC Kanpur Nagar #73,PHC,Kanpur Nagar,Uttar Pradesh,5,real_state_totals_synthetic_district_distribution
F00737,PHC Kanpur Nagar #74,PHC,Kanpur Nagar,Uttar Pradesh,4,real_state_totals_synthetic_district_distribution
F00738,PHC Kanpur Nagar #75,PHC,Kanpur Nagar,Uttar Pradesh,4,real_state_totals_synthetic_district_distribution
F00739,PHC Kanpur Nagar #76,PHC,Kanpur Nagar,Uttar Pradesh,5,real_state_totals_synthetic_district_distribution
F00740,PHC Kanpur Nagar #77,PHC,Kanpur Nagar,Uttar Pradesh,7,real_state_totals_synthetic_district_distribution
F00741,PHC Kanpur Nagar #78,PHC,Kanpur Nagar,Uttar Pradesh,8,real_state_totals_synthetic_district_distribution
F00742,PHC Kanpur Nagar #79,PHC,Kanpur Nagar,Uttar Pradesh,10,real_state_totals_synthetic_district_distribution
F00743,PHC Kanpur Nagar #80,PHC,Kanpur Nagar,Uttar Pradesh,10,real_state_totals_synthetic_district_distribution
F00744,PHC Kanpur Nagar #81,PHC,Kanpur Nagar,Uttar Pradesh,4,real_state_totals_synthetic_district_distribution
F00745,PHC Kanpur Nagar #82,PHC,Kanpur Nagar,Uttar Pradesh,7,real_state_totals_synthetic_district_distribution
F00746,PHC Kanpur Nagar #83,PHC,Kanpur Nagar,Uttar Pradesh,7,real_state_totals_synthetic_district_distribution
F00747,PHC Kanpur Nagar #84,PHC,Kanpur Nagar,Uttar Pradesh,9,real_state_totals_synthetic_district_distribution
F00748,PHC Kanpur Nagar #85,PHC,Kanpur Nagar,Uttar Pradesh,8,real_state_totals_synthetic_district_distribution
F00749,PHC Kanpur Nagar #86,PHC,Kanpur Nagar,Uttar Pradesh,5,real_state_totals_synthetic_district_distribution
F00750,PHC Kanpur Nagar #87,PHC,Kanpur Nagar,Uttar Pradesh,9,real_state_totals_synthetic_district_distribution
F00751,PHC Kanpur Nagar #88,PHC,Kanpur Nagar,Uttar Pradesh,9,real_state_totals_synthetic_district_distribution
F00752,PHC Kanpur Nagar #89,PHC,Kanpur Nagar,Uttar Pradesh,7,real_state_totals_synthetic_district_distribution
F00753,PHC Kanpur Nagar #90,PHC,Kanpur Nagar,Uttar Pradesh,7,real_state_totals_synthetic_district_distribution
F00754,PHC Kanpur Nagar #91,PHC,Kanpur Nagar,Uttar Pradesh,7,real_state_totals_synthetic_district_distribution
F00755,PHC Kanpur Nagar #92,PHC,Kanpur Nagar,Uttar Pradesh,5,real_state_totals_synthetic_district_distribution
F00756,PHC Kanpur Nagar #93,PHC,Kanpur Nagar,Uttar Pradesh,5,real_state_totals_synthetic_district_distribution
F00757,PHC Kanpur Nagar #94,PHC,Kanpur Nagar,Uttar Pradesh,9,real_state_totals_synthetic_district_distribution
F00758,PHC Kanpur Nagar #95,PHC,Kanpur Nagar,Uttar Pradesh,9,real_state_totals_synthetic_district_distribution
F00759,PHC Kanpur Nagar #96,PHC,Kanpur Nagar,Uttar Pradesh,4,real_state_totals_synthetic_district_distribution
F00760,PHC Kanpur Nagar #97,PHC,Kanpur Nagar,Uttar Pradesh,10,real_state_totals_synthetic_district_distribution
F00761,PHC Kanpur Nagar #98,PHC,Kanpur Nagar,Uttar Pradesh,10,real_state_totals_synthetic_district_distribution
F00762,PHC Kanpur Nagar #99,PHC,Kanpur Nagar,Uttar Pradesh,10,real_state_totals_synthetic_district_distribution
F00763,PHC Kanpur Nagar #100,PHC,Kanpur Nagar,Uttar Pradesh,4,real_state_totals_synthetic_district_distribution
F00764,PHC Kanpur Nagar #101,PHC,Kanpur Nagar,Uttar Pradesh,10,real_state_totals_synthetic_district_distribution
F00765,PHC Kanpur Nagar #102,PHC,Kanpur Nagar,Uttar Pradesh,7,real_state_totals_synthetic_district_distribution
F00766,PHC Kanpur Nagar #103,PHC,Kanpur Nagar,Uttar Pradesh,5,real_state_totals_synthetic_district_distribution
F00767,PHC Kanpur Nagar #104,PHC,Kanpur Nagar,Uttar Pradesh,5,real_state_totals_synthetic_district_distribution
F00768,PHC Kanpur Nagar #105,PHC,Kanpur Nagar,Uttar Pradesh,10,real_state_totals_synthetic_district_distribution
F00769,PHC Kanpur Nagar #106,PHC,Kanpur Nagar,Uttar Pradesh,9,real_state_totals_synthetic_district_distribution
F00770,PHC Kanpur Nagar #107,PHC,Kanpur Nagar,Uttar Pradesh,8,real_state_totals_synthetic_district_distribution
F00771,PHC Kanpur Nagar #108,PHC,Kanpur Nagar,Uttar Pradesh,7,real_state_totals_synthetic_district_distribution
F00772,PHC Kanpur Nagar #109,PHC,Kanpur Nagar,Uttar Pradesh,4,real_state_totals_synthetic_district_distribution
F00773,PHC Kanpur Nagar #110,PHC,Kanpur Nagar,Uttar Pradesh,8,real_state_totals_synthetic_district_distribution
F00774,PHC Kanpur Nagar #111,PHC,Kanpur Nagar,Uttar Pradesh,5,real_state_totals_synthetic_district_distribution
F00775,PHC Kanpur Nagar #112,PHC,Kanpur Nagar,Uttar Pradesh,10,real_state_totals_synthetic_district_distribution
F00776,PHC Kanpur Nagar #113,PHC,Kanpur Nagar,Uttar Pradesh,4,real_state_totals_synthetic_district_distribution
F00777,PHC Kanpur Nagar #114,PHC,Kanpur Nagar,Uttar Pradesh,7,real_state_totals_synthetic_district_distribution
F00778,PHC Kanpur Nagar #115,PHC,Kanpur Nagar,Uttar Pradesh,5,real_state_totals_synthetic_district_distribution
F00779,PHC Kanpur Nagar #116,PHC,Kanpur Nagar,Uttar Pradesh,10,real_state_totals_synthetic_district_distribution
F00780,PHC Kanpur Nagar #117,PHC,Kanpur Nagar,Uttar Pradesh,7,real_state_totals_synthetic_district_distribution
F00781,PHC Kanpur Nagar #118,PHC,Kanpur Nagar,Uttar Pradesh,9,real_state_totals_synthetic_district_distribution
F00782,PHC Kanpur Nagar #119,PHC,Kanpur Nagar,Uttar Pradesh,8,real_state_totals_synthetic_district_distribution
F00783,PHC Kanpur Nagar #120,PHC,Kanpur Nagar,Uttar Pradesh,8,real_state_totals_synthetic_district_distribution
F00784,PHC Kanpur Nagar #121,PHC,Kanpur Nagar,Uttar Pradesh,8,real_state_totals_synthetic_district_distribution
F00785,PHC Kanpur Nagar #122,PHC,Kanpur Nagar,Uttar Pradesh,6,real_state_totals_synthetic_district_distribution
F00786,PHC Kanpur Nagar #123,PHC,Kanpur Nagar,Uttar Pradesh,10,real_state_totals_synthetic_district_distribution
F00787,PHC Kanpur Nagar #124,PHC,Kanpur Nagar,Uttar Pradesh,7,real_state_totals_synthetic_district_distribution
F00788,PHC Kanpur Nagar #125,PHC,Kanpur Nagar,Uttar Pradesh,8,real_state_totals_synthetic_district_distribution
F00789,PHC Kanpur Nagar #126,PHC,Kanpur Nagar,Uttar Pradesh,10,real_state_totals_synthetic_district_distribution
F00790,PHC Kanpur Nagar #127,PHC,Kanpur Nagar,Uttar Pradesh,9,real_state_totals_synthetic_district_distribution
F00791,PHC Kanpur Nagar #128,PHC,Kanpur Nagar,Uttar Pradesh,8,real_state_totals_synthetic_district_distribution
F00792,PHC Kanpur Nagar #129,PHC,Kanpur Nagar,Uttar Pradesh,7,real_state_totals_synthetic_district_distribution
F00793,PHC Kanpur Nagar #130,PHC,Kanpur Nagar,Uttar Pradesh,10,real_state_totals_synthetic_district_distribution
F00794,PHC Kanpur Nagar #131,PHC,Kanpur Nagar,Uttar Pradesh,8,real_state_totals_synthetic_district_distribution
F00795,PHC Kanpur Nagar #132,PHC,Kanpur Nagar,Uttar Pradesh,7,real_state_totals_synthetic_district_distribution
F00796,PHC Kanpur Nagar #133,PHC,Kanpur Nagar,Uttar Pradesh,5,real_state_totals_synthetic_district_distribution
F00797,PHC Kanpur Nagar #134,PHC,Kanpur Nagar,Uttar Pradesh,9,real_state_totals_synthetic_district_distribution
F00798,PHC Kanpur Nagar #135,PHC,Kanpur Nagar,Uttar Pradesh,10,real_state_totals_synthetic_district_distribution
F00799,PHC Kanpur Nagar #136,PHC,Kanpur Nagar,Uttar Pradesh,7,real_state_totals_synthetic_district_distribution
F00800,PHC Kanpur Nagar #137,PHC,Kanpur Nagar,Uttar Pradesh,7,real_state_totals_synthetic_district_distribution
F00801,PHC Kanpur Nagar #138,PHC,Kanpur Nagar,Uttar Pradesh,6,real_state_totals_synthetic_district_distribution
F00802,PHC Kanpur Nagar #139,PHC,Kanpur Nagar,Uttar Pradesh,10,real_state_totals_synthetic_district_distribution
F00803,PHC Kanpur Nagar #140,PHC,Kanpur Nagar,Uttar Pradesh,5,real_state_totals_synthetic_district_distribution
F00804,PHC Kanpur Nagar #141,PHC,Kanpur Nagar,Uttar Pradesh,10,real_state_totals_synthetic_district_distribution
F00805,PHC Kanpur Nagar #142,PHC,Kanpur Nagar,Uttar Pradesh,9,real_state_totals_synthetic_district_distribution
F00806,PHC Kanpur Nagar #143,PHC,Kanpur Nagar,Uttar Pradesh,6,real_state_totals_synthetic_district_distribution
F00807,PHC Kanpur Nagar #144,PHC,Kanpur Nagar,Uttar Pradesh,10,real_state_totals_synthetic_district_distribution
F00808,PHC Kanpur Nagar #145,PHC,Kanpur Nagar,Uttar Pradesh,10,real_state_totals_synthetic_district_distribution
F00809,PHC Kanpur Nagar #146,PHC,Kanpur Nagar,Uttar Pradesh,8,real_state_totals_synthetic_district_distribution
F00810,PHC Kanpur Nagar #147,PHC,Kanpur Nagar,Uttar Pradesh,7,real_state_totals_synthetic_district_distribution
F00811,PHC Kanpur Nagar #148,PHC,Kanpur Nagar,Uttar Pradesh,9,real_state_totals_synthetic_district_distribution
F00812,PHC Kanpur Nagar #149,PHC,Kanpur Nagar,Uttar Pradesh,5,real_state_totals_synthetic_district_distribution
F00813,PHC Kanpur Nagar #150,PHC,Kanpur Nagar,Uttar Pradesh,6,real_state_totals_synthetic_district_distribution
F00814,PHC Kanpur Nagar #151,PHC,Kanpur Nagar,Uttar Pradesh,7,real_state_totals_synthetic_district_distribution
F00815,PHC Kanpur Nagar #152,PHC,Kanpur Nagar,Uttar Pradesh,4,real_state_totals_synthetic_district_distribution
F00816,PHC Kanpur Nagar #153,PHC,Kanpur Nagar,Uttar Pradesh,9,real_state_totals_synthetic_district_distribution
F00817,PHC Kanpur Nagar #154,PHC,Kanpur Nagar,Uttar Pradesh,6,real_state_totals_synthetic_district_distribution
F00818,PHC Kanpur Nagar #155,PHC,Kanpur Nagar,Uttar Pradesh,5,real_state_totals_synthetic_district_distribution
F00819,PHC Kanpur Nagar #156,PHC,Kanpur Nagar,Uttar Pradesh,6,real_state_totals_synthetic_district_distribution
F00820,PHC Kanpur Nagar #157,PHC,Kanpur Nagar,Uttar Pradesh,6,real_state_totals_synthetic_district_distribution
F00821,PHC Kanpur Nagar #158,PHC,Kanpur Nagar,Uttar Pradesh,6,real_state_totals_synthetic_district_distribution
F00822,PHC Kanpur Nagar #159,PHC,Kanpur Nagar,Uttar Pradesh,8,real_state_totals_synthetic_district_distribution
F00823,PHC Kanpur Nagar #160,PHC,Kanpur Nagar,Uttar Pradesh,4,real_state_totals_synthetic_district_distribution
F00824,PHC Kanpur Nagar #161,PHC,Kanpur Nagar,Uttar Pradesh,5,real_state_totals_synthetic_district_distribution
F00825,PHC Kanpur Nagar #162,PHC,Kanpur Nagar,Uttar Pradesh,5,real_state_totals_synthetic_district_distribution
F00826,PHC Kanpur Nagar #163,PHC,Kanpur Nagar,Uttar Pradesh,5,real_state_totals_synthetic_district_distribution
F00827,PHC Kanpur Nagar #164,PHC,Kanpur Nagar,Uttar Pradesh,7,real_state_totals_synthetic_district_distribution
F00828,PHC Kanpur Nagar #165,PHC,Kanpur Nagar,Uttar Pradesh,9,real_state_totals_synthetic_district_distribution
F00829,PHC Kanpur Nagar #166,PHC,Kanpur Nagar,Uttar Pradesh,5,real_state_totals_synthetic_district_distribution
F00830,PHC Kanpur Nagar #167,PHC,Kanpur Nagar,Uttar Pradesh,9,real_state_totals_synthetic_district_distribution
F00831,PHC Kanpur Nagar #168,PHC,Kanpur Nagar,Uttar Pradesh,5,real_state_totals_synthetic_district_distribution
F00832,PHC Kanpur Nagar #169,PHC,Kanpur Nagar,Uttar Pradesh,4,real_state_totals_synthetic_district_distribution
F00833,PHC Kanpur Nagar #170,PHC,Kanpur Nagar,Uttar Pradesh,7,real_state_totals_synthetic_district_distribution
F00834,PHC Kanpur Nagar #171,PHC,Kanpur Nagar,Uttar Pradesh,7,real_state_totals_synthetic_district_distribution
F00835,PHC Kanpur Nagar #172,PHC,Kanpur Nagar,Uttar Pradesh,6,real_state_totals_synthetic_district_distribution
F00836,PHC Kanpur Nagar #173,PHC,Kanpur Nagar,Uttar Pradesh,8,real_state_totals_synthetic_district_distribution
F00837,PHC Kanpur Nagar #174,PHC,Kanpur Nagar,Uttar Pradesh,7,real_state_totals_synthetic_district_distribution
F00838,PHC Kanpur Nagar #175,PHC,Kanpur Nagar,Uttar Pradesh,7,real_state_totals_synthetic_district_distribution
F00839,PHC Kanpur Nagar #176,PHC,Kanpur Nagar,Uttar Pradesh,4,real_state_totals_synthetic_district_distribution
F00840,PHC Kanpur Nagar #177,PHC,Kanpur Nagar,Uttar Pradesh,5,real_state_totals_synthetic_district_distribution
F00841,PHC Kanpur Nagar #178,PHC,Kanpur Nagar,Uttar Pradesh,10,real_state_totals_synthetic_district_distribution
F00842,PHC Kanpur Nagar #179,PHC,Kanpur Nagar,Uttar Pradesh,7,real_state_totals_synthetic_district_distribution
F00843,PHC Kanpur Nagar #180,PHC,Kanpur Nagar,Uttar Pradesh,7,real_state_totals_synthetic_district_distribution
F00844,PHC Kanpur Nagar #181,PHC,Kanpur Nagar,Uttar Pradesh,10,real_state_totals_synthetic_district_distribution
F00845,PHC Kanpur Nagar #182,PHC,Kanpur Nagar,Uttar Pradesh,8,real_state_totals_synthetic_district_distribution
F00846,PHC Kanpur Nagar #183,PHC,Kanpur Nagar,Uttar Pradesh,9,real_state_totals_synthetic_district_distribution
F00847,PHC Kanpur Nagar #184,PHC,Kanpur Nagar,Uttar Pradesh,4,real_state_totals_synthetic_district_distribution
F00848,PHC Kanpur Nagar #185,PHC,Kanpur Nagar,Uttar Pradesh,10,real_state_totals_synthetic_district_distribution
F00849,PHC Kanpur Nagar #186,PHC,Kanpur Nagar,Uttar Pradesh,10,real_state_totals_synthetic_district_distribution
F00850,CHC Kanpur Nagar #1,CHC,Kanpur Nagar,Uttar Pradesh,38,real_state_totals_synthetic_district_distribution
F00851,CHC Kanpur Nagar #2,CHC,Kanpur Nagar,Uttar Pradesh,32,real_state_totals_synthetic_district_distribution
F00852,CHC Kanpur Nagar #3,CHC,Kanpur Nagar,Uttar Pradesh,35,real_state_totals_synthetic_district_distribution
F00853,CHC Kanpur Nagar #4,CHC,Kanpur Nagar,Uttar Pradesh,20,real_state_totals_synthetic_district_distribution
F00854,CHC Kanpur Nagar #5,CHC,Kanpur Nagar,Uttar Pradesh,50,real_state_totals_synthetic_district_distribution
F00855,CHC Kanpur Nagar #6,CHC,Kanpur Nagar,Uttar Pradesh,31,real_state_totals_synthetic_district_distribution
F00856,CHC Kanpur Nagar #7,CHC,Kanpur Nagar,Uttar Pradesh,29,real_state_totals_synthetic_district_distribution
F00857,CHC Kanpur Nagar #8,CHC,Kanpur Nagar,Uttar Pradesh,44,real_state_totals_synthetic_district_distribution
F00858,CHC Kanpur Nagar #9,CHC,Kanpur Nagar,Uttar Pradesh,32,real_state_totals_synthetic_district_distribution
F00859,CHC Kanpur Nagar #10,CHC,Kanpur Nagar,Uttar Pradesh,47,real_state_totals_synthetic_district_distribution
F00860,CHC Kanpur Nagar #11,CHC,Kanpur Nagar,Uttar Pradesh,48,real_state_totals_synthetic_district_distribution
F00861,CHC Kanpur Nagar #12,CHC,Kanpur Nagar,Uttar Pradesh,50,real_state_totals_synthetic_district_distribution
F00862,CHC Kanpur Nagar #13,CHC,Kanpur Nagar,Uttar Pradesh,46,real_state_totals_synthetic_district_distribution
F00863,CHC Kanpur Nagar #14,CHC,Kanpur Nagar,Uttar Pradesh,33,real_state_totals_synthetic_district_distribution
F00864,CHC Kanpur Nagar #15,CHC,Kanpur Nagar,Uttar Pradesh,37,real_state_totals_synthetic_district_distribution
F00865,CHC Kanpur Nagar #16,CHC,Kanpur Nagar,Uttar Pradesh,43,real_state_totals_synthetic_district_distribution
F00866,CHC Kanpur Nagar #17,CHC,Kanpur Nagar,Uttar Pradesh,43,real_state_totals_synthetic_district_distribution
F00867,CHC Kanpur Nagar #18,CHC,Kanpur Nagar,Uttar Pradesh,37,real_state_totals_synthetic_district_distribution
F00868,CHC Kanpur Nagar #19,CHC,Kanpur Nagar,Uttar Pradesh,45,real_state_totals_synthetic_district_distribution
F00869,CHC Kanpur Nagar #20,CHC,Kanpur Nagar,Uttar Pradesh,39,real_state_totals_synthetic_district_distribution
F00870,CHC Kanpur Nagar #21,CHC,Kanpur Nagar,Uttar Pradesh,48,real_state_totals_synthetic_district_distribution
F00871,CHC Kanpur Nagar #22,CHC,Kanpur Nagar,Uttar Pradesh,27,real_state_totals_synthetic_district_distribution
F00872,CHC Kanpur Nagar #23,CHC,Kanpur Nagar,Uttar Pradesh,35,real_state_totals_synthetic_district_distribution
F00873,CHC Kanpur Nagar #24,CHC,Kanpur Nagar,Uttar Pradesh,27,real_state_totals_synthetic_district_distribution
F00874,CHC Kanpur Nagar #25,CHC,Kanpur Nagar,Uttar Pradesh,28,real_state_totals_synthetic_district_distribution
F00875,CHC Kanpur Nagar #26,CHC,Kanpur Nagar,Uttar Pradesh,33,real_state_totals_synthetic_district_distribution
F00876,CHC Kanpur Nagar #27,CHC,Kanpur Nagar,Uttar Pradesh,35,real_state_totals_synthetic_district_distribution
F00877,CHC Kanpur Nagar #28,CHC,Kanpur Nagar,Uttar Pradesh,20,real_state_totals_synthetic_district_distribution
F00878,CHC Kanpur Nagar #29,CHC,Kanpur Nagar,Uttar Pradesh,32,real_state_totals_synthetic_district_distribution
F00879,CHC Kanpur Nagar #30,CHC,Kanpur Nagar,Uttar Pradesh,30,real_state_totals_synthetic_district_distribution
F00880,CHC Kanpur Nagar #31,CHC,Kanpur Nagar,Uttar Pradesh,41,real_state_totals_synthetic_district_distribution
F00881,District Hospital Kanpur Nagar #1,District Hospital,Kanpur Nagar,Uttar Pradesh,273,real_state_totals_synthetic_district_distribution
F00882,District Hospital Kanpur Nagar #2,District Hospital,Kanpur Nagar,Uttar Pradesh,203,real_state_totals_synthetic_district_distribution
F00883,District Hospital Kanpur Nagar #3,District Hospital,Kanpur Nagar,Uttar Pradesh,285,real_state_totals_synthetic_district_distribution
F00884,District Hospital Kanpur Nagar #4,District Hospital,Kanpur Nagar,Uttar Pradesh,142,real_state_totals_synthetic_district_distribution
F00885,District Hospital Kanpur Nagar #5,District Hospital,Kanpur Nagar,Uttar Pradesh,219,real_state_totals_synthetic_district_distribution
F00886,District Hospital Kanpur Nagar #6,District Hospital,Kanpur Nagar,Uttar Pradesh,132,real_state_totals_synthetic_district_distribution
F00887,District Hospital Kanpur Nagar #7,District Hospital,Kanpur Nagar,Uttar Pradesh,259,real_state_totals_synthetic_district_distribution
F00888,District Hospital Kanpur Nagar #8,District Hospital,Kanpur Nagar,Uttar Pradesh,236,real_state_totals_synthetic_district_distribution
F00889,District Hospital Kanpur Nagar #9,District Hospital,Kanpur Nagar,Uttar Pradesh,106,real_state_totals_synthetic_district_distribution
F00890,PHC Agra #1,PHC,Agra,Uttar Pradesh,7,real_state_totals_synthetic_district_distribution
F00891,PHC Agra #2,PHC,Agra,Uttar Pradesh,8,real_state_totals_synthetic_district_distribution
F00892,PHC Agra #3,PHC,Agra,Uttar Pradesh,8,real_state_totals_synthetic_district_distribution
F00893,PHC Agra #4,PHC,Agra,Uttar Pradesh,9,real_state_totals_synthetic_district_distribution
F00894,PHC Agra #5,PHC,Agra,Uttar Pradesh,4,real_state_totals_synthetic_district_distribution
F00895,PHC Agra #6,PHC,Agra,Uttar Pradesh,4,real_state_totals_synthetic_district_distribution
F00896,PHC Agra #7,PHC,Agra,Uttar Pradesh,9,real_state_totals_synthetic_district_distribution
F00897,PHC Agra #8,PHC,Agra,Uttar Pradesh,7,real_state_totals_synthetic_district_distribution
F00898,PHC Agra #9,PHC,Agra,Uttar Pradesh,5,real_state_totals_synthetic_district_distribution
F00899,PHC Agra #10,PHC,Agra,Uttar Pradesh,10,real_state_totals_synthetic_district_distribution
F00900,PHC Agra #11,PHC,Agra,Uttar Pradesh,7,real_state_totals_synthetic_district_distribution
F00901,PHC Agra #12,PHC,Agra,Uttar Pradesh,5,real_state_totals_synthetic_district_distribution
F00902,PHC Agra #13,PHC,Agra,Uttar Pradesh,4,real_state_totals_synthetic_district_distribution
F00903,PHC Agra #14,PHC,Agra,Uttar Pradesh,6,real_state_totals_synthetic_district_distribution
F00904,PHC Agra #15,PHC,Agra,Uttar Pradesh,7,real_state_totals_synthetic_district_distribution
F00905,PHC Agra #16,PHC,Agra,Uttar Pradesh,6,real_state_totals_synthetic_district_distribution
F00906,PHC Agra #17,PHC,Agra,Uttar Pradesh,5,real_state_totals_synthetic_district_distribution
F00907,PHC Agra #18,PHC,Agra,Uttar Pradesh,7,real_state_totals_synthetic_district_distribution
F00908,PHC Agra #19,PHC,Agra,Uttar Pradesh,6,real_state_totals_synthetic_district_distribution
F00909,PHC Agra #20,PHC,Agra,Uttar Pradesh,6,real_state_totals_synthetic_district_distribution
F00910,PHC Agra #21,PHC,Agra,Uttar Pradesh,10,real_state_totals_synthetic_district_distribution
F00911,PHC Agra #22,PHC,Agra,Uttar Pradesh,7,real_state_totals_synthetic_district_distribution
F00912,PHC Agra #23,PHC,Agra,Uttar Pradesh,6,real_state_totals_synthetic_district_distribution
F00913,PHC Agra #24,PHC,Agra,Uttar Pradesh,10,real_state_totals_synthetic_district_distribution
F00914,PHC Agra #25,PHC,Agra,Uttar Pradesh,10,real_state_totals_synthetic_district_distribution
F00915,PHC Agra #26,PHC,Agra,Uttar Pradesh,7,real_state_totals_synthetic_district_distribution
F00916,PHC Agra #27,PHC,Agra,Uttar Pradesh,6,real_state_totals_synthetic_district_distribution
F00917,PHC Agra #28,PHC,Agra,Uttar Pradesh,10,real_state_totals_synthetic_district_distribution
F00918,PHC Agra #29,PHC,Agra,Uttar Pradesh,4,real_state_totals_synthetic_district_distribution
F00919,PHC Agra #30,PHC,Agra,Uttar Pradesh,7,real_state_totals_synthetic_district_distribution
F00920,PHC Agra #31,PHC,Agra,Uttar Pradesh,4,real_state_totals_synthetic_district_distribution
F00921,PHC Agra #32,PHC,Agra,Uttar Pradesh,9,real_state_totals_synthetic_district_distribution
F00922,PHC Agra #33,PHC,Agra,Uttar Pradesh,8,real_state_totals_synthetic_district_distribution
F00923,PHC Agra #34,PHC,Agra,Uttar Pradesh,4,real_state_totals_synthetic_district_distribution
F00924,PHC Agra #35,PHC,Agra,Uttar Pradesh,6,real_state_totals_synthetic_district_distribution
F00925,PHC Agra #36,PHC,Agra,Uttar Pradesh,5,real_state_totals_synthetic_district_distribution
F00926,PHC Agra #37,PHC,Agra,Uttar Pradesh,9,real_state_totals_synthetic_district_distribution
F00927,PHC Agra #38,PHC,Agra,Uttar Pradesh,4,real_state_totals_synthetic_district_distribution
F00928,PHC Agra #39,PHC,Agra,Uttar Pradesh,10,real_state_totals_synthetic_district_distribution
F00929,PHC Agra #40,PHC,Agra,Uttar Pradesh,9,real_state_totals_synthetic_district_distribution
F00930,PHC Agra #41,PHC,Agra,Uttar Pradesh,4,real_state_totals_synthetic_district_distribution
F00931,PHC Agra #42,PHC,Agra,Uttar Pradesh,10,real_state_totals_synthetic_district_distribution
F00932,PHC Agra #43,PHC,Agra,Uttar Pradesh,4,real_state_totals_synthetic_district_distribution
F00933,PHC Agra #44,PHC,Agra,Uttar Pradesh,5,real_state_totals_synthetic_district_distribution
F00934,PHC Agra #45,PHC,Agra,Uttar Pradesh,5,real_state_totals_synthetic_district_distribution
F00935,PHC Agra #46,PHC,Agra,Uttar Pradesh,10,real_state_totals_synthetic_district_distribution
F00936,PHC Agra #47,PHC,Agra,Uttar Pradesh,4,real_state_totals_synthetic_district_distribution
F00937,PHC Agra #48,PHC,Agra,Uttar Pradesh,8,real_state_totals_synthetic_district_distribution
F00938,PHC Agra #49,PHC,Agra,Uttar Pradesh,5,real_state_totals_synthetic_district_distribution
F00939,PHC Agra #50,PHC,Agra,Uttar Pradesh,5,real_state_totals_synthetic_district_distribution
F00940,PHC Agra #51,PHC,Agra,Uttar Pradesh,5,real_state_totals_synthetic_district_distribution
F00941,PHC Agra #52,PHC,Agra,Uttar Pradesh,7,real_state_totals_synthetic_district_distribution
F00942,PHC Agra #53,PHC,Agra,Uttar Pradesh,9,real_state_totals_synthetic_district_distribution
F00943,PHC Agra #54,PHC,Agra,Uttar Pradesh,4,real_state_totals_synthetic_district_distribution
F00944,PHC Agra #55,PHC,Agra,Uttar Pradesh,8,real_state_totals_synthetic_district_distribution
F00945,PHC Agra #56,PHC,Agra,Uttar Pradesh,5,real_state_totals_synthetic_district_distribution
F00946,PHC Agra #57,PHC,Agra,Uttar Pradesh,7,real_state_totals_synthetic_district_distribution
F00947,PHC Agra #58,PHC,Agra,Uttar Pradesh,9,real_state_totals_synthetic_district_distribution
F00948,PHC Agra #59,PHC,Agra,Uttar Pradesh,6,real_state_totals_synthetic_district_distribution
F00949,PHC Agra #60,PHC,Agra,Uttar Pradesh,10,real_state_totals_synthetic_district_distribution
F00950,PHC Agra #61,PHC,Agra,Uttar Pradesh,6,real_state_totals_synthetic_district_distribution
F00951,PHC Agra #62,PHC,Agra,Uttar Pradesh,5,real_state_totals_synthetic_district_distribution
F00952,PHC Agra #63,PHC,Agra,Uttar Pradesh,8,real_state_totals_synthetic_district_distribution
F00953,PHC Agra #64,PHC,Agra,Uttar Pradesh,8,real_state_totals_synthetic_district_distribution
F00954,PHC Agra #65,PHC,Agra,Uttar Pradesh,9,real_state_totals_synthetic_district_distribution
F00955,PHC Agra #66,PHC,Agra,Uttar Pradesh,9,real_state_totals_synthetic_district_distribution
F00956,PHC Agra #67,PHC,Agra,Uttar Pradesh,4,real_state_totals_synthetic_district_distribution
F00957,PHC Agra #68,PHC,Agra,Uttar Pradesh,10,real_state_totals_synthetic_district_distribution
F00958,PHC Agra #69,PHC,Agra,Uttar Pradesh,10,real_state_totals_synthetic_district_distribution
F00959,PHC Agra #70,PHC,Agra,Uttar Pradesh,5,real_state_totals_synthetic_district_distribution
F00960,PHC Agra #71,PHC,Agra,Uttar Pradesh,6,real_state_totals_synthetic_district_distribution
F00961,PHC Agra #72,PHC,Agra,Uttar Pradesh,4,real_state_totals_synthetic_district_distribution
F00962,PHC Agra #73,PHC,Agra,Uttar Pradesh,8,real_state_totals_synthetic_district_distribution
F00963,PHC Agra #74,PHC,Agra,Uttar Pradesh,4,real_state_totals_synthetic_district_distribution
F00964,PHC Agra #75,PHC,Agra,Uttar Pradesh,6,real_state_totals_synthetic_district_distribution
F00965,PHC Agra #76,PHC,Agra,Uttar Pradesh,8,real_state_totals_synthetic_district_distribution
F00966,PHC Agra #77,PHC,Agra,Uttar Pradesh,9,real_state_totals_synthetic_district_distribution
F00967,PHC Agra #78,PHC,Agra,Uttar Pradesh,7,real_state_totals_synthetic_district_distribution
F00968,PHC Agra #79,PHC,Agra,Uttar Pradesh,7,real_state_totals_synthetic_district_distribution
F00969,PHC Agra #80,PHC,Agra,Uttar Pradesh,9,real_state_totals_synthetic_district_distribution
F00970,PHC Agra #81,PHC,Agra,Uttar Pradesh,5,real_state_totals_synthetic_district_distribution
F00971,PHC Agra #82,PHC,Agra,Uttar Pradesh,4,real_state_totals_synthetic_district_distribution
F00972,PHC Agra #83,PHC,Agra,Uttar Pradesh,8,real_state_totals_synthetic_district_distribution
F00973,PHC Agra #84,PHC,Agra,Uttar Pradesh,9,real_state_totals_synthetic_district_distribution
F00974,PHC Agra #85,PHC,Agra,Uttar Pradesh,10,real_state_totals_synthetic_district_distribution
F00975,PHC Agra #86,PHC,Agra,Uttar Pradesh,9,real_state_totals_synthetic_district_distribution
F00976,PHC Agra #87,PHC,Agra,Uttar Pradesh,5,real_state_totals_synthetic_district_distribution
F00977,PHC Agra #88,PHC,Agra,Uttar Pradesh,4,real_state_totals_synthetic_district_distribution
F00978,PHC Agra #89,PHC,Agra,Uttar Pradesh,9,real_state_totals_synthetic_district_distribution
F00979,PHC Agra #90,PHC,Agra,Uttar Pradesh,10,real_state_totals_synthetic_district_distribution
F00980,PHC Agra #91,PHC,Agra,Uttar Pradesh,6,real_state_totals_synthetic_district_distribution
F00981,PHC Agra #92,PHC,Agra,Uttar Pradesh,10,real_state_totals_synthetic_district_distribution
F00982,PHC Agra #93,PHC,Agra,Uttar Pradesh,9,real_state_totals_synthetic_district_distribution
F00983,PHC Agra #94,PHC,Agra,Uttar Pradesh,8,real_state_totals_synthetic_district_distribution
F00984,PHC Agra #95,PHC,Agra,Uttar Pradesh,10,real_state_totals_synthetic_district_distribution
F00985,PHC Agra #96,PHC,Agra,Uttar Pradesh,4,real_state_totals_synthetic_district_distribution
F00986,PHC Agra #97,PHC,Agra,Uttar Pradesh,10,real_state_totals_synthetic_district_distribution
F00987,PHC Agra #98,PHC,Agra,Uttar Pradesh,8,real_state_totals_synthetic_district_distribution
F00988,PHC Agra #99,PHC,Agra,Uttar Pradesh,10,real_state_totals_synthetic_district_distribution
F00989,PHC Agra #100,PHC,Agra,Uttar Pradesh,4,real_state_totals_synthetic_district_distribution
F00990,PHC Agra #101,PHC,Agra,Uttar Pradesh,6,real_state_totals_synthetic_district_distribution
F00991,PHC Agra #102,PHC,Agra,Uttar Pradesh,8,real_state_totals_synthetic_district_distribution
F00992,PHC Agra #103,PHC,Agra,Uttar Pradesh,7,real_state_totals_synthetic_district_distribution
F00993,PHC Agra #104,PHC,Agra,Uttar Pradesh,9,real_state_totals_synthetic_district_distribution
F00994,PHC Agra #105,PHC,Agra,Uttar Pradesh,6,real_state_totals_synthetic_district_distribution
F00995,PHC Agra #106,PHC,Agra,Uttar Pradesh,4,real_state_totals_synthetic_district_distribution
F00996,PHC Agra #107,PHC,Agra,Uttar Pradesh,8,real_state_totals_synthetic_district_distribution
F00997,PHC Agra #108,PHC,Agra,Uttar Pradesh,9,real_state_totals_synthetic_district_distribution
F00998,PHC Agra #109,PHC,Agra,Uttar Pradesh,6,real_state_totals_synthetic_district_distribution
F00999,PHC Agra #110,PHC,Agra,Uttar Pradesh,4,real_state_totals_synthetic_district_distribution
F01000,PHC Agra #111,PHC,Agra,Uttar Pradesh,10,real_state_totals_synthetic_district_distribution
F01001,PHC Agra #112,PHC,Agra,Uttar Pradesh,7,real_state_totals_synthetic_district_distribution
F01002,PHC Agra #113,PHC,Agra,Uttar Pradesh,10,real_state_totals_synthetic_district_distribution
F01003,PHC Agra #114,PHC,Agra,Uttar Pradesh,7,real_state_totals_synthetic_district_distribution
F01004,PHC Agra #115,PHC,Agra,Uttar Pradesh,4,real_state_totals_synthetic_district_distribution
F01005,PHC Agra #116,PHC,Agra,Uttar Pradesh,7,real_state_totals_synthetic_district_distribution
F01006,PHC Agra #117,PHC,Agra,Uttar Pradesh,6,real_state_totals_synthetic_district_distribution
F01007,PHC Agra #118,PHC,Agra,Uttar Pradesh,9,real_state_totals_synthetic_district_distribution
F01008,PHC Agra #119,PHC,Agra,Uttar Pradesh,10,real_state_totals_synthetic_district_distribution
F01009,PHC Agra #120,PHC,Agra,Uttar Pradesh,7,real_state_totals_synthetic_district_distribution
F01010,PHC Agra #121,PHC,Agra,Uttar Pradesh,9,real_state_totals_synthetic_district_distribution
F01011,PHC Agra #122,PHC,Agra,Uttar Pradesh,5,real_state_totals_synthetic_district_distribution
F01012,PHC Agra #123,PHC,Agra,Uttar Pradesh,7,real_state_totals_synthetic_district_distribution
F01013,PHC Agra #124,PHC,Agra,Uttar Pradesh,5,real_state_totals_synthetic_district_distribution
F01014,PHC Agra #125,PHC,Agra,Uttar Pradesh,9,real_state_totals_synthetic_district_distribution
F01015,PHC Agra #126,PHC,Agra,Uttar Pradesh,8,real_state_totals_synthetic_district_distribution
F01016,PHC Agra #127,PHC,Agra,Uttar Pradesh,9,real_state_totals_synthetic_district_distribution
F01017,PHC Agra #128,PHC,Agra,Uttar Pradesh,6,real_state_totals_synthetic_district_distribution
F01018,PHC Agra #129,PHC,Agra,Uttar Pradesh,8,real_state_totals_synthetic_district_distribution
F01019,PHC Agra #130,PHC,Agra,Uttar Pradesh,10,real_state_totals_synthetic_district_distribution
F01020,PHC Agra #131,PHC,Agra,Uttar Pradesh,8,real_state_totals_synthetic_district_distribution
F01021,PHC Agra #132,PHC,Agra,Uttar Pradesh,10,real_state_totals_synthetic_district_distribution
F01022,PHC Agra #133,PHC,Agra,Uttar Pradesh,7,real_state_totals_synthetic_district_distribution
F01023,PHC Agra #134,PHC,Agra,Uttar Pradesh,7,real_state_totals_synthetic_district_distribution
F01024,PHC Agra #135,PHC,Agra,Uttar Pradesh,7,real_state_totals_synthetic_district_distribution
F01025,PHC Agra #136,PHC,Agra,Uttar Pradesh,10,real_state_totals_synthetic_district_distribution
F01026,PHC Agra #137,PHC,Agra,Uttar Pradesh,9,real_state_totals_synthetic_district_distribution
F01027,PHC Agra #138,PHC,Agra,Uttar Pradesh,8,real_state_totals_synthetic_district_distribution
F01028,PHC Agra #139,PHC,Agra,Uttar Pradesh,6,real_state_totals_synthetic_district_distribution
F01029,PHC Agra #140,PHC,Agra,Uttar Pradesh,6,real_state_totals_synthetic_district_distribution
F01030,PHC Agra #141,PHC,Agra,Uttar Pradesh,10,real_state_totals_synthetic_district_distribution
F01031,PHC Agra #142,PHC,Agra,Uttar Pradesh,5,real_state_totals_synthetic_district_distribution
F01032,PHC Agra #143,PHC,Agra,Uttar Pradesh,10,real_state_totals_synthetic_district_distribution
F01033,PHC Agra #144,PHC,Agra,Uttar Pradesh,4,real_state_totals_synthetic_district_distribution
F01034,PHC Agra #145,PHC,Agra,Uttar Pradesh,6,real_state_totals_synthetic_district_distribution
F01035,PHC Agra #146,PHC,Agra,Uttar Pradesh,7,real_state_totals_synthetic_district_distribution
F01036,PHC Agra #147,PHC,Agra,Uttar Pradesh,5,real_state_totals_synthetic_district_distribution
F01037,PHC Agra #148,PHC,Agra,Uttar Pradesh,10,real_state_totals_synthetic_district_distribution
F01038,PHC Agra #149,PHC,Agra,Uttar Pradesh,7,real_state_totals_synthetic_district_distribution
F01039,PHC Agra #150,PHC,Agra,Uttar Pradesh,8,real_state_totals_synthetic_district_distribution
F01040,PHC Agra #151,PHC,Agra,Uttar Pradesh,8,real_state_totals_synthetic_district_distribution
F01041,PHC Agra #152,PHC,Agra,Uttar Pradesh,9,real_state_totals_synthetic_district_distribution
F01042,PHC Agra #153,PHC,Agra,Uttar Pradesh,7,real_state_totals_synthetic_district_distribution
F01043,PHC Agra #154,PHC,Agra,Uttar Pradesh,6,real_state_totals_synthetic_district_distribution
F01044,PHC Agra #155,PHC,Agra,Uttar Pradesh,4,real_state_totals_synthetic_district_distribution
F01045,PHC Agra #156,PHC,Agra,Uttar Pradesh,7,real_state_totals_synthetic_district_distribution
F01046,PHC Agra #157,PHC,Agra,Uttar Pradesh,10,real_state_totals_synthetic_district_distribution
F01047,PHC Agra #158,PHC,Agra,Uttar Pradesh,6,real_state_totals_synthetic_district_distribution
F01048,PHC Agra #159,PHC,Agra,Uttar Pradesh,5,real_state_totals_synthetic_district_distribution
F01049,PHC Agra #160,PHC,Agra,Uttar Pradesh,7,real_state_totals_synthetic_district_distribution
F01050,PHC Agra #161,PHC,Agra,Uttar Pradesh,5,real_state_totals_synthetic_district_distribution
F01051,PHC Agra #162,PHC,Agra,Uttar Pradesh,6,real_state_totals_synthetic_district_distribution
F01052,PHC Agra #163,PHC,Agra,Uttar Pradesh,10,real_state_totals_synthetic_district_distribution
F01053,PHC Agra #164,PHC,Agra,Uttar Pradesh,6,real_state_totals_synthetic_district_distribution
F01054,PHC Agra #165,PHC,Agra,Uttar Pradesh,6,real_state_totals_synthetic_district_distribution
F01055,PHC Agra #166,PHC,Agra,Uttar Pradesh,6,real_state_totals_synthetic_district_distribution
F01056,PHC Agra #167,PHC,Agra,Uttar Pradesh,8,real_state_totals_synthetic_district_distribution
F01057,PHC Agra #168,PHC,Agra,Uttar Pradesh,9,real_state_totals_synthetic_district_distribution
F01058,PHC Agra #169,PHC,Agra,Uttar Pradesh,6,real_state_totals_synthetic_district_distribution
F01059,PHC Agra #170,PHC,Agra,Uttar Pradesh,8,real_state_totals_synthetic_district_distribution
F01060,PHC Agra #171,PHC,Agra,Uttar Pradesh,4,real_state_totals_synthetic_district_distribution
F01061,PHC Agra #172,PHC,Agra,Uttar Pradesh,8,real_state_totals_synthetic_district_distribution
F01062,PHC Agra #173,PHC,Agra,Uttar Pradesh,5,real_state_totals_synthetic_district_distribution
F01063,PHC Agra #174,PHC,Agra,Uttar Pradesh,4,real_state_totals_synthetic_district_distribution
F01064,PHC Agra #175,PHC,Agra,Uttar Pradesh,5,real_state_totals_synthetic_district_distribution
F01065,PHC Agra #176,PHC,Agra,Uttar Pradesh,9,real_state_totals_synthetic_district_distribution
F01066,PHC Agra #177,PHC,Agra,Uttar Pradesh,7,real_state_totals_synthetic_district_distribution
F01067,PHC Agra #178,PHC,Agra,Uttar Pradesh,7,real_state_totals_synthetic_district_distribution
F01068,PHC Agra #179,PHC,Agra,Uttar Pradesh,8,real_state_totals_synthetic_district_distribution
F01069,PHC Agra #180,PHC,Agra,Uttar Pradesh,10,real_state_totals_synthetic_district_distribution
F01070,CHC Agra #1,CHC,Agra,Uttar Pradesh,27,real_state_totals_synthetic_district_distribution
F01071,CHC Agra #2,CHC,Agra,Uttar Pradesh,42,real_state_totals_synthetic_district_distribution
F01072,CHC Agra #3,CHC,Agra,Uttar Pradesh,35,real_state_totals_synthetic_district_distribution
F01073,CHC Agra #4,CHC,Agra,Uttar Pradesh,40,real_state_totals_synthetic_district_distribution
F01074,CHC Agra #5,CHC,Agra,Uttar Pradesh,42,real_state_totals_synthetic_district_distribution
F01075,CHC Agra #6,CHC,Agra,Uttar Pradesh,35,real_state_totals_synthetic_district_distribution
F01076,CHC Agra #7,CHC,Agra,Uttar Pradesh,34,real_state_totals_synthetic_district_distribution
F01077,CHC Agra #8,CHC,Agra,Uttar Pradesh,45,real_state_totals_synthetic_district_distribution
F01078,CHC Agra #9,CHC,Agra,Uttar Pradesh,20,real_state_totals_synthetic_district_distribution
F01079,CHC Agra #10,CHC,Agra,Uttar Pradesh,22,real_state_totals_synthetic_district_distribution
F01080,CHC Agra #11,CHC,Agra,Uttar Pradesh,29,real_state_totals_synthetic_district_distribution
F01081,CHC Agra #12,CHC,Agra,Uttar Pradesh,27,real_state_totals_synthetic_district_distribution
F01082,CHC Agra #13,CHC,Agra,Uttar Pradesh,32,real_state_totals_synthetic_district_distribution
F01083,CHC Agra #14,CHC,Agra,Uttar Pradesh,42,real_state_totals_synthetic_district_distribution
F01084,CHC Agra #15,CHC,Agra,Uttar Pradesh,27,real_state_totals_synthetic_district_distribution
F01085,CHC Agra #16,CHC,Agra,Uttar Pradesh,29,real_state_totals_synthetic_district_distribution
F01086,CHC Agra #17,CHC,Agra,Uttar Pradesh,41,real_state_totals_synthetic_district_distribution
F01087,CHC Agra #18,CHC,Agra,Uttar Pradesh,38,real_state_totals_synthetic_district_distribution
F01088,CHC Agra #19,CHC,Agra,Uttar Pradesh,31,real_state_totals_synthetic_district_distribution
F01089,CHC Agra #20,CHC,Agra,Uttar Pradesh,35,real_state_totals_synthetic_district_distribution
F01090,CHC Agra #21,CHC,Agra,Uttar Pradesh,37,real_state_totals_synthetic_district_distribution
F01091,CHC Agra #22,CHC,Agra,Uttar Pradesh,36,real_state_totals_synthetic_district_distribution
F01092,CHC Agra #23,CHC,Agra,Uttar Pradesh,31,real_state_totals_synthetic_district_distribution
F01093,CHC Agra #24,CHC,Agra,Uttar Pradesh,33,real_state_totals_synthetic_district_distribution
F01094,CHC Agra #25,CHC,Agra,Uttar Pradesh,43,real_state_totals_synthetic_district_distribution
F01095,CHC Agra #26,CHC,Agra,Uttar Pradesh,37,real_state_totals_synthetic_district_distribution
F01096,CHC Agra #27,CHC,Agra,Uttar Pradesh,30,real_state_totals_synthetic_district_distribution
F01097,CHC Agra #28,CHC,Agra,Uttar Pradesh,31,real_state_totals_synthetic_district_distribution
F01098,CHC Agra #29,CHC,Agra,Uttar Pradesh,42,real_state_totals_synthetic_district_distribution
F01099,CHC Agra #30,CHC,Agra,Uttar Pradesh,34,real_state_totals_synthetic_district_distribution
F01100,District Hospital Agra #1,District Hospital,Agra,Uttar Pradesh,169,real_state_totals_synthetic_district_distribution
F01101,District Hospital Agra #2,District Hospital,Agra,Uttar Pradesh,178,real_state_totals_synthetic_district_distribution
F01102,District Hospital Agra #3,District Hospital,Agra,Uttar Pradesh,164,real_state_totals_synthetic_district_distribution
F01103,District Hospital Agra #4,District Hospital,Agra,Uttar Pradesh,159,real_state_totals_synthetic_district_distribution
F01104,District Hospital Agra #5,District Hospital,Agra,Uttar Pradesh,130,real_state_totals_synthetic_district_distribution
F01105,District Hospital Agra #6,District Hospital,Agra,Uttar Pradesh,284,real_state_totals_synthetic_district_distribution
F01106,District Hospital Agra #7,District Hospital,Agra,Uttar Pradesh,149,real_state_totals_synthetic_district_distribution
F01107,District Hospital Agra #8,District Hospital,Agra,Uttar Pradesh,180,real_state_totals_synthetic_district_distribution
F01108,District Hospital Agra #9,District Hospital,Agra,Uttar Pradesh,130,real_state_totals_synthetic_district_distribution
F01109,PHC Azamgarh #1,PHC,Azamgarh,Uttar Pradesh,9,real_state_totals_synthetic_district_distribution
F01110,PHC Azamgarh #2,PHC,Azamgarh,Uttar Pradesh,8,real_state_totals_synthetic_district_distribution
F01111,PHC Azamgarh #3,PHC,Azamgarh,Uttar Pradesh,10,real_state_totals_synthetic_district_distribution
F01112,PHC Azamgarh #4,PHC,Azamgarh,Uttar Pradesh,9,real_state_totals_synthetic_district_distribution
F01113,PHC Azamgarh #5,PHC,Azamgarh,Uttar Pradesh,5,real_state_totals_synthetic_district_distribution
F01114,PHC Azamgarh #6,PHC,Azamgarh,Uttar Pradesh,5,real_state_totals_synthetic_district_distribution
F01115,PHC Azamgarh #7,PHC,Azamgarh,Uttar Pradesh,5,real_state_totals_synthetic_district_distribution
F01116,PHC Azamgarh #8,PHC,Azamgarh,Uttar Pradesh,9,real_state_totals_synthetic_district_distribution
F01117,PHC Azamgarh #9,PHC,Azamgarh,Uttar Pradesh,7,real_state_totals_synthetic_district_distribution
F01118,PHC Azamgarh #10,PHC,Azamgarh,Uttar Pradesh,6,real_state_totals_synthetic_district_distribution
F01119,PHC Azamgarh #11,PHC,Azamgarh,Uttar Pradesh,9,real_state_totals_synthetic_district_distribution
F01120,PHC Azamgarh #12,PHC,Azamgarh,Uttar Pradesh,8,real_state_totals_synthetic_district_distribution
F01121,PHC Azamgarh #13,PHC,Azamgarh,Uttar Pradesh,10,real_state_totals_synthetic_district_distribution
F01122,PHC Azamgarh #14,PHC,Azamgarh,Uttar Pradesh,8,real_state_totals_synthetic_district_distribution
F01123,PHC Azamgarh #15,PHC,Azamgarh,Uttar Pradesh,8,real_state_totals_synthetic_district_distribution
F01124,PHC Azamgarh #16,PHC,Azamgarh,Uttar Pradesh,6,real_state_totals_synthetic_district_distribution
F01125,PHC Azamgarh #17,PHC,Azamgarh,Uttar Pradesh,4,real_state_totals_synthetic_district_distribution
F01126,PHC Azamgarh #18,PHC,Azamgarh,Uttar Pradesh,10,real_state_totals_synthetic_district_distribution
F01127,PHC Azamgarh #19,PHC,Azamgarh,Uttar Pradesh,5,real_state_totals_synthetic_district_distribution
F01128,PHC Azamgarh #20,PHC,Azamgarh,Uttar Pradesh,6,real_state_totals_synthetic_district_distribution
F01129,PHC Azamgarh #21,PHC,Azamgarh,Uttar Pradesh,5,real_state_totals_synthetic_district_distribution
F01130,PHC Azamgarh #22,PHC,Azamgarh,Uttar Pradesh,6,real_state_totals_synthetic_district_distribution
F01131,PHC Azamgarh #23,PHC,Azamgarh,Uttar Pradesh,5,real_state_totals_synthetic_district_distribution
F01132,PHC Azamgarh #24,PHC,Azamgarh,Uttar Pradesh,6,real_state_totals_synthetic_district_distribution
F01133,PHC Azamgarh #25,PHC,Azamgarh,Uttar Pradesh,4,real_state_totals_synthetic_district_distribution
F01134,PHC Azamgarh #26,PHC,Azamgarh,Uttar Pradesh,9,real_state_totals_synthetic_district_distribution
F01135,PHC Azamgarh #27,PHC,Azamgarh,Uttar Pradesh,8,real_state_totals_synthetic_district_distribution
F01136,PHC Azamgarh #28,PHC,Azamgarh,Uttar Pradesh,5,real_state_totals_synthetic_district_distribution
F01137,PHC Azamgarh #29,PHC,Azamgarh,Uttar Pradesh,6,real_state_totals_synthetic_district_distribution
F01138,PHC Azamgarh #30,PHC,Azamgarh,Uttar Pradesh,4,real_state_totals_synthetic_district_distribution
F01139,PHC Azamgarh #31,PHC,Azamgarh,Uttar Pradesh,4,real_state_totals_synthetic_district_distribution
F01140,PHC Azamgarh #32,PHC,Azamgarh,Uttar Pradesh,8,real_state_totals_synthetic_district_distribution
F01141,PHC Azamgarh #33,PHC,Azamgarh,Uttar Pradesh,6,real_state_totals_synthetic_district_distribution
F01142,PHC Azamgarh #34,PHC,Azamgarh,Uttar Pradesh,9,real_state_totals_synthetic_district_distribution
F01143,PHC Azamgarh #35,PHC,Azamgarh,Uttar Pradesh,5,real_state_totals_synthetic_district_distribution
F01144,PHC Azamgarh #36,PHC,Azamgarh,Uttar Pradesh,9,real_state_totals_synthetic_district_distribution
F01145,PHC Azamgarh #37,PHC,Azamgarh,Uttar Pradesh,10,real_state_totals_synthetic_district_distribution
F01146,PHC Azamgarh #38,PHC,Azamgarh,Uttar Pradesh,10,real_state_totals_synthetic_district_distribution
F01147,PHC Azamgarh #39,PHC,Azamgarh,Uttar Pradesh,7,real_state_totals_synthetic_district_distribution
F01148,PHC Azamgarh #40,PHC,Azamgarh,Uttar Pradesh,4,real_state_totals_synthetic_district_distribution
F01149,PHC Azamgarh #41,PHC,Azamgarh,Uttar Pradesh,10,real_state_totals_synthetic_district_distribution
F01150,PHC Azamgarh #42,PHC,Azamgarh,Uttar Pradesh,4,real_state_totals_synthetic_district_distribution
F01151,PHC Azamgarh #43,PHC,Azamgarh,Uttar Pradesh,8,real_state_totals_synthetic_district_distribution
F01152,PHC Azamgarh #44,PHC,Azamgarh,Uttar Pradesh,6,real_state_totals_synthetic_district_distribution
F01153,PHC Azamgarh #45,PHC,Azamgarh,Uttar Pradesh,7,real_state_totals_synthetic_district_distribution
F01154,PHC Azamgarh #46,PHC,Azamgarh,Uttar Pradesh,7,real_state_totals_synthetic_district_distribution
F01155,PHC Azamgarh #47,PHC,Azamgarh,Uttar Pradesh,7,real_state_totals_synthetic_district_distribution
F01156,PHC Azamgarh #48,PHC,Azamgarh,Uttar Pradesh,6,real_state_totals_synthetic_district_distribution
F01157,PHC Azamgarh #49,PHC,Azamgarh,Uttar Pradesh,5,real_state_totals_synthetic_district_distribution
F01158,PHC Azamgarh #50,PHC,Azamgarh,Uttar Pradesh,4,real_state_totals_synthetic_district_distribution
F01159,PHC Azamgarh #51,PHC,Azamgarh,Uttar Pradesh,6,real_state_totals_synthetic_district_distribution
F01160,PHC Azamgarh #52,PHC,Azamgarh,Uttar Pradesh,10,real_state_totals_synthetic_district_distribution
F01161,PHC Azamgarh #53,PHC,Azamgarh,Uttar Pradesh,7,real_state_totals_synthetic_district_distribution
F01162,PHC Azamgarh #54,PHC,Azamgarh,Uttar Pradesh,4,real_state_totals_synthetic_district_distribution
F01163,PHC Azamgarh #55,PHC,Azamgarh,Uttar Pradesh,10,real_state_totals_synthetic_district_distribution
F01164,PHC Azamgarh #56,PHC,Azamgarh,Uttar Pradesh,4,real_state_totals_synthetic_district_distribution
F01165,PHC Azamgarh #57,PHC,Azamgarh,Uttar Pradesh,7,real_state_totals_synthetic_district_distribution
F01166,PHC Azamgarh #58,PHC,Azamgarh,Uttar Pradesh,7,real_state_totals_synthetic_district_distribution
F01167,PHC Azamgarh #59,PHC,Azamgarh,Uttar Pradesh,4,real_state_totals_synthetic_district_distribution
F01168,PHC Azamgarh #60,PHC,Azamgarh,Uttar Pradesh,8,real_state_totals_synthetic_district_distribution
F01169,PHC Azamgarh #61,PHC,Azamgarh,Uttar Pradesh,9,real_state_totals_synthetic_district_distribution
F01170,PHC Azamgarh #62,PHC,Azamgarh,Uttar Pradesh,9,real_state_totals_synthetic_district_distribution
F01171,PHC Azamgarh #63,PHC,Azamgarh,Uttar Pradesh,4,real_state_totals_synthetic_district_distribution
F01172,PHC Azamgarh #64,PHC,Azamgarh,Uttar Pradesh,5,real_state_totals_synthetic_district_distribution
F01173,PHC Azamgarh #65,PHC,Azamgarh,Uttar Pradesh,5,real_state_totals_synthetic_district_distribution
F01174,PHC Azamgarh #66,PHC,Azamgarh,Uttar Pradesh,10,real_state_totals_synthetic_district_distribution
F01175,PHC Azamgarh #67,PHC,Azamgarh,Uttar Pradesh,8,real_state_totals_synthetic_district_distribution
F01176,PHC Azamgarh #68,PHC,Azamgarh,Uttar Pradesh,6,real_state_totals_synthetic_district_distribution
F01177,PHC Azamgarh #69,PHC,Azamgarh,Uttar Pradesh,4,real_state_totals_synthetic_district_distribution
F01178,PHC Azamgarh #70,PHC,Azamgarh,Uttar Pradesh,5,real_state_totals_synthetic_district_distribution
F01179,PHC Azamgarh #71,PHC,Azamgarh,Uttar Pradesh,4,real_state_totals_synthetic_district_distribution
F01180,PHC Azamgarh #72,PHC,Azamgarh,Uttar Pradesh,8,real_state_totals_synthetic_district_distribution
F01181,PHC Azamgarh #73,PHC,Azamgarh,Uttar Pradesh,10,real_state_totals_synthetic_district_distribution
F01182,PHC Azamgarh #74,PHC,Azamgarh,Uttar Pradesh,7,real_state_totals_synthetic_district_distribution
F01183,PHC Azamgarh #75,PHC,Azamgarh,Uttar Pradesh,8,real_state_totals_synthetic_district_distribution
F01184,PHC Azamgarh #76,PHC,Azamgarh,Uttar Pradesh,8,real_state_totals_synthetic_district_distribution
F01185,PHC Azamgarh #77,PHC,Azamgarh,Uttar Pradesh,10,real_state_totals_synthetic_district_distribution
F01186,PHC Azamgarh #78,PHC,Azamgarh,Uttar Pradesh,8,real_state_totals_synthetic_district_distribution
F01187,PHC Azamgarh #79,PHC,Azamgarh,Uttar Pradesh,5,real_state_totals_synthetic_district_distribution
F01188,PHC Azamgarh #80,PHC,Azamgarh,Uttar Pradesh,10,real_state_totals_synthetic_district_distribution
F01189,PHC Azamgarh #81,PHC,Azamgarh,Uttar Pradesh,8,real_state_totals_synthetic_district_distribution
F01190,PHC Azamgarh #82,PHC,Azamgarh,Uttar Pradesh,7,real_state_totals_synthetic_district_distribution
F01191,PHC Azamgarh #83,PHC,Azamgarh,Uttar Pradesh,7,real_state_totals_synthetic_district_distribution
F01192,PHC Azamgarh #84,PHC,Azamgarh,Uttar Pradesh,7,real_state_totals_synthetic_district_distribution
F01193,PHC Azamgarh #85,PHC,Azamgarh,Uttar Pradesh,6,real_state_totals_synthetic_district_distribution
F01194,PHC Azamgarh #86,PHC,Azamgarh,Uttar Pradesh,10,real_state_totals_synthetic_district_distribution
F01195,PHC Azamgarh #87,PHC,Azamgarh,Uttar Pradesh,8,real_state_totals_synthetic_district_distribution
F01196,PHC Azamgarh #88,PHC,Azamgarh,Uttar Pradesh,7,real_state_totals_synthetic_district_distribution
F01197,PHC Azamgarh #89,PHC,Azamgarh,Uttar Pradesh,6,real_state_totals_synthetic_district_distribution
F01198,PHC Azamgarh #90,PHC,Azamgarh,Uttar Pradesh,8,real_state_totals_synthetic_district_distribution
F01199,PHC Azamgarh #91,PHC,Azamgarh,Uttar Pradesh,8,real_state_totals_synthetic_district_distribution
F01200,PHC Azamgarh #92,PHC,Azamgarh,Uttar Pradesh,4,real_state_totals_synthetic_district_distribution
F01201,PHC Azamgarh #93,PHC,Azamgarh,Uttar Pradesh,8,real_state_totals_synthetic_district_distribution
F01202,PHC Azamgarh #94,PHC,Azamgarh,Uttar Pradesh,9,real_state_totals_synthetic_district_distribution
F01203,PHC Azamgarh #95,PHC,Azamgarh,Uttar Pradesh,4,real_state_totals_synthetic_district_distribution
F01204,PHC Azamgarh #96,PHC,Azamgarh,Uttar Pradesh,10,real_state_totals_synthetic_district_distribution
F01205,PHC Azamgarh #97,PHC,Azamgarh,Uttar Pradesh,5,real_state_totals_synthetic_district_distribution
F01206,PHC Azamgarh #98,PHC,Azamgarh,Uttar Pradesh,9,real_state_totals_synthetic_district_distribution
F01207,PHC Azamgarh #99,PHC,Azamgarh,Uttar Pradesh,5,real_state_totals_synthetic_district_distribution
F01208,PHC Azamgarh #100,PHC,Azamgarh,Uttar Pradesh,6,real_state_totals_synthetic_district_distribution
F01209,PHC Azamgarh #101,PHC,Azamgarh,Uttar Pradesh,9,real_state_totals_synthetic_district_distribution
F01210,PHC Azamgarh #102,PHC,Azamgarh,Uttar Pradesh,4,real_state_totals_synthetic_district_distribution
F01211,PHC Azamgarh #103,PHC,Azamgarh,Uttar Pradesh,5,real_state_totals_synthetic_district_distribution
F01212,PHC Azamgarh #104,PHC,Azamgarh,Uttar Pradesh,5,real_state_totals_synthetic_district_distribution
F01213,PHC Azamgarh #105,PHC,Azamgarh,Uttar Pradesh,5,real_state_totals_synthetic_district_distribution
F01214,PHC Azamgarh #106,PHC,Azamgarh,Uttar Pradesh,8,real_state_totals_synthetic_district_distribution
F01215,PHC Azamgarh #107,PHC,Azamgarh,Uttar Pradesh,4,real_state_totals_synthetic_district_distribution
F01216,PHC Azamgarh #108,PHC,Azamgarh,Uttar Pradesh,5,real_state_totals_synthetic_district_distribution
F01217,PHC Azamgarh #109,PHC,Azamgarh,Uttar Pradesh,4,real_state_totals_synthetic_district_distribution
F01218,PHC Azamgarh #110,PHC,Azamgarh,Uttar Pradesh,7,real_state_totals_synthetic_district_distribution
F01219,PHC Azamgarh #111,PHC,Azamgarh,Uttar Pradesh,7,real_state_totals_synthetic_district_distribution
F01220,PHC Azamgarh #112,PHC,Azamgarh,Uttar Pradesh,9,real_state_totals_synthetic_district_distribution
F01221,PHC Azamgarh #113,PHC,Azamgarh,Uttar Pradesh,8,real_state_totals_synthetic_district_distribution
F01222,PHC Azamgarh #114,PHC,Azamgarh,Uttar Pradesh,7,real_state_totals_synthetic_district_distribution
F01223,PHC Azamgarh #115,PHC,Azamgarh,Uttar Pradesh,6,real_state_totals_synthetic_district_distribution
F01224,PHC Azamgarh #116,PHC,Azamgarh,Uttar Pradesh,4,real_state_totals_synthetic_district_distribution
F01225,PHC Azamgarh #117,PHC,Azamgarh,Uttar Pradesh,5,real_state_totals_synthetic_district_distribution
F01226,PHC Azamgarh #118,PHC,Azamgarh,Uttar Pradesh,6,real_state_totals_synthetic_district_distribution
F01227,PHC Azamgarh #119,PHC,Azamgarh,Uttar Pradesh,9,real_state_totals_synthetic_district_distribution
F01228,PHC Azamgarh #120,PHC,Azamgarh,Uttar Pradesh,6,real_state_totals_synthetic_district_distribution
F01229,PHC Azamgarh #121,PHC,Azamgarh,Uttar Pradesh,9,real_state_totals_synthetic_district_distribution
F01230,PHC Azamgarh #122,PHC,Azamgarh,Uttar Pradesh,10,real_state_totals_synthetic_district_distribution
F01231,PHC Azamgarh #123,PHC,Azamgarh,Uttar Pradesh,7,real_state_totals_synthetic_district_distribution
F01232,PHC Azamgarh #124,PHC,Azamgarh,Uttar Pradesh,4,real_state_totals_synthetic_district_distribution
F01233,PHC Azamgarh #125,PHC,Azamgarh,Uttar Pradesh,9,real_state_totals_synthetic_district_distribution
F01234,PHC Azamgarh #126,PHC,Azamgarh,Uttar Pradesh,5,real_state_totals_synthetic_district_distribution
F01235,PHC Azamgarh #127,PHC,Azamgarh,Uttar Pradesh,6,real_state_totals_synthetic_district_distribution
F01236,PHC Azamgarh #128,PHC,Azamgarh,Uttar Pradesh,10,real_state_totals_synthetic_district_distribution
F01237,PHC Azamgarh #129,PHC,Azamgarh,Uttar Pradesh,10,real_state_totals_synthetic_district_distribution
F01238,PHC Azamgarh #130,PHC,Azamgarh,Uttar Pradesh,9,real_state_totals_synthetic_district_distribution
F01239,PHC Azamgarh #131,PHC,Azamgarh,Uttar Pradesh,8,real_state_totals_synthetic_district_distribution
F01240,PHC Azamgarh #132,PHC,Azamgarh,Uttar Pradesh,9,real_state_totals_synthetic_district_distribution
F01241,PHC Azamgarh #133,PHC,Azamgarh,Uttar Pradesh,10,real_state_totals_synthetic_district_distribution
F01242,PHC Azamgarh #134,PHC,Azamgarh,Uttar Pradesh,5,real_state_totals_synthetic_district_distribution
F01243,PHC Azamgarh #135,PHC,Azamgarh,Uttar Pradesh,7,real_state_totals_synthetic_district_distribution
F01244,PHC Azamgarh #136,PHC,Azamgarh,Uttar Pradesh,4,real_state_totals_synthetic_district_distribution
F01245,PHC Azamgarh #137,PHC,Azamgarh,Uttar Pradesh,8,real_state_totals_synthetic_district_distribution
F01246,PHC Azamgarh #138,PHC,Azamgarh,Uttar Pradesh,5,real_state_totals_synthetic_district_distribution
F01247,PHC Azamgarh #139,PHC,Azamgarh,Uttar Pradesh,9,real_state_totals_synthetic_district_distribution
F01248,PHC Azamgarh #140,PHC,Azamgarh,Uttar Pradesh,5,real_state_totals_synthetic_district_distribution
F01249,PHC Azamgarh #141,PHC,Azamgarh,Uttar Pradesh,6,real_state_totals_synthetic_district_distribution
F01250,PHC Azamgarh #142,PHC,Azamgarh,Uttar Pradesh,10,real_state_totals_synthetic_district_distribution
F01251,PHC Azamgarh #143,PHC,Azamgarh,Uttar Pradesh,5,real_state_totals_synthetic_district_distribution
F01252,PHC Azamgarh #144,PHC,Azamgarh,Uttar Pradesh,4,real_state_totals_synthetic_district_distribution
F01253,PHC Azamgarh #145,PHC,Azamgarh,Uttar Pradesh,4,real_state_totals_synthetic_district_distribution
F01254,PHC Azamgarh #146,PHC,Azamgarh,Uttar Pradesh,5,real_state_totals_synthetic_district_distribution
F01255,PHC Azamgarh #147,PHC,Azamgarh,Uttar Pradesh,10,real_state_totals_synthetic_district_distribution
F01256,PHC Azamgarh #148,PHC,Azamgarh,Uttar Pradesh,6,real_state_totals_synthetic_district_distribution
F01257,PHC Azamgarh #149,PHC,Azamgarh,Uttar Pradesh,8,real_state_totals_synthetic_district_distribution
F01258,PHC Azamgarh #150,PHC,Azamgarh,Uttar Pradesh,9,real_state_totals_synthetic_district_distribution
F01259,PHC Azamgarh #151,PHC,Azamgarh,Uttar Pradesh,10,real_state_totals_synthetic_district_distribution
F01260,PHC Azamgarh #152,PHC,Azamgarh,Uttar Pradesh,8,real_state_totals_synthetic_district_distribution
F01261,PHC Azamgarh #153,PHC,Azamgarh,Uttar Pradesh,6,real_state_totals_synthetic_district_distribution
F01262,PHC Azamgarh #154,PHC,Azamgarh,Uttar Pradesh,7,real_state_totals_synthetic_district_distribution
F01263,PHC Azamgarh #155,PHC,Azamgarh,Uttar Pradesh,4,real_state_totals_synthetic_district_distribution
F01264,PHC Azamgarh #156,PHC,Azamgarh,Uttar Pradesh,7,real_state_totals_synthetic_district_distribution
F01265,PHC Azamgarh #157,PHC,Azamgarh,Uttar Pradesh,9,real_state_totals_synthetic_district_distribution
F01266,PHC Azamgarh #158,PHC,Azamgarh,Uttar Pradesh,6,real_state_totals_synthetic_district_distribution
F01267,PHC Azamgarh #159,PHC,Azamgarh,Uttar Pradesh,9,real_state_totals_synthetic_district_distribution
F01268,PHC Azamgarh #160,PHC,Azamgarh,Uttar Pradesh,7,real_state_totals_synthetic_district_distribution
F01269,PHC Azamgarh #161,PHC,Azamgarh,Uttar Pradesh,6,real_state_totals_synthetic_district_distribution
F01270,PHC Azamgarh #162,PHC,Azamgarh,Uttar Pradesh,8,real_state_totals_synthetic_district_distribution
F01271,PHC Azamgarh #163,PHC,Azamgarh,Uttar Pradesh,8,real_state_totals_synthetic_district_distribution
F01272,PHC Azamgarh #164,PHC,Azamgarh,Uttar Pradesh,7,real_state_totals_synthetic_district_distribution
F01273,PHC Azamgarh #165,PHC,Azamgarh,Uttar Pradesh,7,real_state_totals_synthetic_district_distribution
F01274,PHC Azamgarh #166,PHC,Azamgarh,Uttar Pradesh,4,real_state_totals_synthetic_district_distribution
F01275,PHC Azamgarh #167,PHC,Azamgarh,Uttar Pradesh,8,real_state_totals_synthetic_district_distribution
F01276,PHC Azamgarh #168,PHC,Azamgarh,Uttar Pradesh,4,real_state_totals_synthetic_district_distribution
F01277,PHC Azamgarh #169,PHC,Azamgarh,Uttar Pradesh,7,real_state_totals_synthetic_district_distribution
F01278,PHC Azamgarh #170,PHC,Azamgarh,Uttar Pradesh,9,real_state_totals_synthetic_district_distribution
F01279,PHC Azamgarh #171,PHC,Azamgarh,Uttar Pradesh,6,real_state_totals_synthetic_district_distribution
F01280,PHC Azamgarh #172,PHC,Azamgarh,Uttar Pradesh,8,real_state_totals_synthetic_district_distribution
F01281,PHC Azamgarh #173,PHC,Azamgarh,Uttar Pradesh,6,real_state_totals_synthetic_district_distribution
F01282,PHC Azamgarh #174,PHC,Azamgarh,Uttar Pradesh,4,real_state_totals_synthetic_district_distribution
F01283,PHC Azamgarh #175,PHC,Azamgarh,Uttar Pradesh,4,real_state_totals_synthetic_district_distribution
F01284,PHC Azamgarh #176,PHC,Azamgarh,Uttar Pradesh,5,real_state_totals_synthetic_district_distribution
F01285,PHC Azamgarh #177,PHC,Azamgarh,Uttar Pradesh,9,real_state_totals_synthetic_district_distribution
F01286,PHC Azamgarh #178,PHC,Azamgarh,Uttar Pradesh,10,real_state_totals_synthetic_district_distribution
F01287,PHC Azamgarh #179,PHC,Azamgarh,Uttar Pradesh,10,real_state_totals_synthetic_district_distribution
F01288,PHC Azamgarh #180,PHC,Azamgarh,Uttar Pradesh,8,real_state_totals_synthetic_district_distribution
F01289,PHC Azamgarh #181,PHC,Azamgarh,Uttar Pradesh,8,real_state_totals_synthetic_district_distribution
F01290,PHC Azamgarh #182,PHC,Azamgarh,Uttar Pradesh,4,real_state_totals_synthetic_district_distribution
F01291,PHC Azamgarh #183,PHC,Azamgarh,Uttar Pradesh,10,real_state_totals_synthetic_district_distribution
F01292,PHC Azamgarh #184,PHC,Azamgarh,Uttar Pradesh,9,real_state_totals_synthetic_district_distribution
F01293,PHC Azamgarh #185,PHC,Azamgarh,Uttar Pradesh,10,real_state_totals_synthetic_district_distribution
F01294,PHC Azamgarh #186,PHC,Azamgarh,Uttar Pradesh,6,real_state_totals_synthetic_district_distribution
F01295,PHC Azamgarh #187,PHC,Azamgarh,Uttar Pradesh,8,real_state_totals_synthetic_district_distribution
F01296,PHC Azamgarh #188,PHC,Azamgarh,Uttar Pradesh,4,real_state_totals_synthetic_district_distribution
F01297,CHC Azamgarh #1,CHC,Azamgarh,Uttar Pradesh,44,real_state_totals_synthetic_district_distribution
F01298,CHC Azamgarh #2,CHC,Azamgarh,Uttar Pradesh,44,real_state_totals_synthetic_district_distribution
F01299,CHC Azamgarh #3,CHC,Azamgarh,Uttar Pradesh,25,real_state_totals_synthetic_district_distribution
F01300,CHC Azamgarh #4,CHC,Azamgarh,Uttar Pradesh,35,real_state_totals_synthetic_district_distribution
F01301,CHC Azamgarh #5,CHC,Azamgarh,Uttar Pradesh,36,real_state_totals_synthetic_district_distribution
F01302,CHC Azamgarh #6,CHC,Azamgarh,Uttar Pradesh,40,real_state_totals_synthetic_district_distribution
F01303,CHC Azamgarh #7,CHC,Azamgarh,Uttar Pradesh,34,real_state_totals_synthetic_district_distribution
F01304,CHC Azamgarh #8,CHC,Azamgarh,Uttar Pradesh,49,real_state_totals_synthetic_district_distribution
F01305,CHC Azamgarh #9,CHC,Azamgarh,Uttar Pradesh,28,real_state_totals_synthetic_district_distribution
F01306,CHC Azamgarh #10,CHC,Azamgarh,Uttar Pradesh,25,real_state_totals_synthetic_district_distribution
F01307,CHC Azamgarh #11,CHC,Azamgarh,Uttar Pradesh,38,real_state_totals_synthetic_district_distribution
F01308,CHC Azamgarh #12,CHC,Azamgarh,Uttar Pradesh,33,real_state_totals_synthetic_district_distribution
F01309,CHC Azamgarh #13,CHC,Azamgarh,Uttar Pradesh,40,real_state_totals_synthetic_district_distribution
F01310,CHC Azamgarh #14,CHC,Azamgarh,Uttar Pradesh,46,real_state_totals_synthetic_district_distribution
F01311,CHC Azamgarh #15,CHC,Azamgarh,Uttar Pradesh,35,real_state_totals_synthetic_district_distribution
F01312,CHC Azamgarh #16,CHC,Azamgarh,Uttar Pradesh,22,real_state_totals_synthetic_district_distribution
F01313,CHC Azamgarh #17,CHC,Azamgarh,Uttar Pradesh,35,real_state_totals_synthetic_district_distribution
F01314,CHC Azamgarh #18,CHC,Azamgarh,Uttar Pradesh,31,real_state_totals_synthetic_district_distribution
F01315,CHC Azamgarh #19,CHC,Azamgarh,Uttar Pradesh,33,real_state_totals_synthetic_district_distribution
F01316,CHC Azamgarh #20,CHC,Azamgarh,Uttar Pradesh,30,real_state_totals_synthetic_district_distribution
F01317,CHC Azamgarh #21,CHC,Azamgarh,Uttar Pradesh,30,real_state_totals_synthetic_district_distribution
F01318,CHC Azamgarh #22,CHC,Azamgarh,Uttar Pradesh,41,real_state_totals_synthetic_district_distribution
F01319,CHC Azamgarh #23,CHC,Azamgarh,Uttar Pradesh,23,real_state_totals_synthetic_district_distribution
F01320,CHC Azamgarh #24,CHC,Azamgarh,Uttar Pradesh,47,real_state_totals_synthetic_district_distribution
F01321,CHC Azamgarh #25,CHC,Azamgarh,Uttar Pradesh,25,real_state_totals_synthetic_district_distribution
F01322,CHC Azamgarh #26,CHC,Azamgarh,Uttar Pradesh,30,real_state_totals_synthetic_district_distribution
F01323,CHC Azamgarh #27,CHC,Azamgarh,Uttar Pradesh,33,real_state_totals_synthetic_district_distribution
F01324,CHC Azamgarh #28,CHC,Azamgarh,Uttar Pradesh,42,real_state_totals_synthetic_district_distribution
F01325,CHC Azamgarh #29,CHC,Azamgarh,Uttar Pradesh,35,real_state_totals_synthetic_district_distribution
F01326,CHC Azamgarh #30,CHC,Azamgarh,Uttar Pradesh,29,real_state_totals_synthetic_district_distribution
F01327,CHC Azamgarh #31,CHC,Azamgarh,Uttar Pradesh,41,real_state_totals_synthetic_district_distribution
F01328,District Hospital Azamgarh #1,District Hospital,Azamgarh,Uttar Pradesh,202,real_state_totals_synthetic_district_distribution
F01329,District Hospital Azamgarh #2,District Hospital,Azamgarh,Uttar Pradesh,294,real_state_totals_synthetic_district_distribution
F01330,District Hospital Azamgarh #3,District Hospital,Azamgarh,Uttar Pradesh,240,real_state_totals_synthetic_district_distribution
F01331,District Hospital Azamgarh #4,District Hospital,Azamgarh,Uttar Pradesh,109,real_state_totals_synthetic_district_distribution
F01332,District Hospital Azamgarh #5,District Hospital,Azamgarh,Uttar Pradesh,216,real_state_totals_synthetic_district_distribution
F01333,District Hospital Azamgarh #6,District Hospital,Azamgarh,Uttar Pradesh,122,real_state_totals_synthetic_district_distribution
F01334,District Hospital Azamgarh #7,District Hospital,Azamgarh,Uttar Pradesh,180,real_state_totals_synthetic_district_distribution
F01335,District Hospital Azamgarh #8,District Hospital,Azamgarh,Uttar Pradesh,164,real_state_totals_synthetic_district_distribution
F01336,District Hospital Azamgarh #9,District Hospital,Azamgarh,Uttar Pradesh,182,real_state_totals_synthetic_district_distribution
F01337,PHC Jaunpur #1,PHC,Jaunpur,Uttar Pradesh,4,real_state_totals_synthetic_district_distribution
F01338,PHC Jaunpur #2,PHC,Jaunpur,Uttar Pradesh,10,real_state_totals_synthetic_district_distribution
F01339,PHC Jaunpur #3,PHC,Jaunpur,Uttar Pradesh,7,real_state_totals_synthetic_district_distribution
F01340,PHC Jaunpur #4,PHC,Jaunpur,Uttar Pradesh,10,real_state_totals_synthetic_district_distribution
F01341,PHC Jaunpur #5,PHC,Jaunpur,Uttar Pradesh,8,real_state_totals_synthetic_district_distribution
F01342,PHC Jaunpur #6,PHC,Jaunpur,Uttar Pradesh,10,real_state_totals_synthetic_district_distribution
F01343,PHC Jaunpur #7,PHC,Jaunpur,Uttar Pradesh,4,real_state_totals_synthetic_district_distribution
F01344,PHC Jaunpur #8,PHC,Jaunpur,Uttar Pradesh,9,real_state_totals_synthetic_district_distribution
F01345,PHC Jaunpur #9,PHC,Jaunpur,Uttar Pradesh,10,real_state_totals_synthetic_district_distribution
F01346,PHC Jaunpur #10,PHC,Jaunpur,Uttar Pradesh,8,real_state_totals_synthetic_district_distribution
F01347,PHC Jaunpur #11,PHC,Jaunpur,Uttar Pradesh,7,real_state_totals_synthetic_district_distribution
F01348,PHC Jaunpur #12,PHC,Jaunpur,Uttar Pradesh,7,real_state_totals_synthetic_district_distribution
F01349,PHC Jaunpur #13,PHC,Jaunpur,Uttar Pradesh,4,real_state_totals_synthetic_district_distribution
F01350,PHC Jaunpur #14,PHC,Jaunpur,Uttar Pradesh,5,real_state_totals_synthetic_district_distribution
F01351,PHC Jaunpur #15,PHC,Jaunpur,Uttar Pradesh,8,real_state_totals_synthetic_district_distribution
F01352,PHC Jaunpur #16,PHC,Jaunpur,Uttar Pradesh,6,real_state_totals_synthetic_district_distribution
F01353,PHC Jaunpur #17,PHC,Jaunpur,Uttar Pradesh,8,real_state_totals_synthetic_district_distribution
F01354,PHC Jaunpur #18,PHC,Jaunpur,Uttar Pradesh,10,real_state_totals_synthetic_district_distribution
F01355,PHC Jaunpur #19,PHC,Jaunpur,Uttar Pradesh,7,real_state_totals_synthetic_district_distribution
F01356,PHC Jaunpur #20,PHC,Jaunpur,Uttar Pradesh,9,real_state_totals_synthetic_district_distribution
F01357,PHC Jaunpur #21,PHC,Jaunpur,Uttar Pradesh,7,real_state_totals_synthetic_district_distribution
F01358,PHC Jaunpur #22,PHC,Jaunpur,Uttar Pradesh,10,real_state_totals_synthetic_district_distribution
F01359,PHC Jaunpur #23,PHC,Jaunpur,Uttar Pradesh,4,real_state_totals_synthetic_district_distribution
F01360,PHC Jaunpur #24,PHC,Jaunpur,Uttar Pradesh,5,real_state_totals_synthetic_district_distribution
F01361,PHC Jaunpur #25,PHC,Jaunpur,Uttar Pradesh,6,real_state_totals_synthetic_district_distribution
F01362,PHC Jaunpur #26,PHC,Jaunpur,Uttar Pradesh,8,real_state_totals_synthetic_district_distribution
F01363,PHC Jaunpur #27,PHC,Jaunpur,Uttar Pradesh,5,real_state_totals_synthetic_district_distribution
F01364,PHC Jaunpur #28,PHC,Jaunpur,Uttar Pradesh,6,real_state_totals_synthetic_district_distribution
F01365,PHC Jaunpur #29,PHC,Jaunpur,Uttar Pradesh,7,real_state_totals_synthetic_district_distribution
F01366,PHC Jaunpur #30,PHC,Jaunpur,Uttar Pradesh,9,real_state_totals_synthetic_district_distribution
F01367,PHC Jaunpur #31,PHC,Jaunpur,Uttar Pradesh,7,real_state_totals_synthetic_district_distribution
F01368,PHC Jaunpur #32,PHC,Jaunpur,Uttar Pradesh,4,real_state_totals_synthetic_district_distribution
F01369,PHC Jaunpur #33,PHC,Jaunpur,Uttar Pradesh,4,real_state_totals_synthetic_district_distribution
F01370,PHC Jaunpur #34,PHC,Jaunpur,Uttar Pradesh,9,real_state_totals_synthetic_district_distribution
F01371,PHC Jaunpur #35,PHC,Jaunpur,Uttar Pradesh,8,real_state_totals_synthetic_district_distribution
F01372,PHC Jaunpur #36,PHC,Jaunpur,Uttar Pradesh,10,real_state_totals_synthetic_district_distribution
F01373,PHC Jaunpur #37,PHC,Jaunpur,Uttar Pradesh,5,real_state_totals_synthetic_district_distribution
F01374,PHC Jaunpur #38,PHC,Jaunpur,Uttar Pradesh,9,real_state_totals_synthetic_district_distribution
F01375,PHC Jaunpur #39,PHC,Jaunpur,Uttar Pradesh,5,real_state_totals_synthetic_district_distribution
F01376,PHC Jaunpur #40,PHC,Jaunpur,Uttar Pradesh,6,real_state_totals_synthetic_district_distribution
F01377,PHC Jaunpur #41,PHC,Jaunpur,Uttar Pradesh,8,real_state_totals_synthetic_district_distribution
F01378,PHC Jaunpur #42,PHC,Jaunpur,Uttar Pradesh,4,real_state_totals_synthetic_district_distribution
F01379,PHC Jaunpur #43,PHC,Jaunpur,Uttar Pradesh,8,real_state_totals_synthetic_district_distribution
F01380,PHC Jaunpur #44,PHC,Jaunpur,Uttar Pradesh,7,real_state_totals_synthetic_district_distribution
F01381,PHC Jaunpur #45,PHC,Jaunpur,Uttar Pradesh,4,real_state_totals_synthetic_district_distribution
F01382,PHC Jaunpur #46,PHC,Jaunpur,Uttar Pradesh,5,real_state_totals_synthetic_district_distribution
F01383,PHC Jaunpur #47,PHC,Jaunpur,Uttar Pradesh,10,real_state_totals_synthetic_district_distribution
F01384,PHC Jaunpur #48,PHC,Jaunpur,Uttar Pradesh,4,real_state_totals_synthetic_district_distribution
F01385,PHC Jaunpur #49,PHC,Jaunpur,Uttar Pradesh,7,real_state_totals_synthetic_district_distribution
F01386,PHC Jaunpur #50,PHC,Jaunpur,Uttar Pradesh,4,real_state_totals_synthetic_district_distribution
F01387,PHC Jaunpur #51,PHC,Jaunpur,Uttar Pradesh,9,real_state_totals_synthetic_district_distribution
F01388,PHC Jaunpur #52,PHC,Jaunpur,Uttar Pradesh,10,real_state_totals_synthetic_district_distribution
F01389,PHC Jaunpur #53,PHC,Jaunpur,Uttar Pradesh,5,real_state_totals_synthetic_district_distribution
F01390,PHC Jaunpur #54,PHC,Jaunpur,Uttar Pradesh,7,real_state_totals_synthetic_district_distribution
F01391,PHC Jaunpur #55,PHC,Jaunpur,Uttar Pradesh,9,real_state_totals_synthetic_district_distribution
F01392,PHC Jaunpur #56,PHC,Jaunpur,Uttar Pradesh,6,real_state_totals_synthetic_district_distribution
F01393,PHC Jaunpur #57,PHC,Jaunpur,Uttar Pradesh,8,real_state_totals_synthetic_district_distribution
F01394,PHC Jaunpur #58,PHC,Jaunpur,Uttar Pradesh,9,real_state_totals_synthetic_district_distribution
F01395,PHC Jaunpur #59,PHC,Jaunpur,Uttar Pradesh,6,real_state_totals_synthetic_district_distribution
F01396,PHC Jaunpur #60,PHC,Jaunpur,Uttar Pradesh,7,real_state_totals_synthetic_district_distribution
F01397,PHC Jaunpur #61,PHC,Jaunpur,Uttar Pradesh,10,real_state_totals_synthetic_district_distribution
F01398,PHC Jaunpur #62,PHC,Jaunpur,Uttar Pradesh,7,real_state_totals_synthetic_district_distribution
F01399,PHC Jaunpur #63,PHC,Jaunpur,Uttar Pradesh,7,real_state_totals_synthetic_district_distribution
F01400,PHC Jaunpur #64,PHC,Jaunpur,Uttar Pradesh,5,real_state_totals_synthetic_district_distribution
F01401,PHC Jaunpur #65,PHC,Jaunpur,Uttar Pradesh,7,real_state_totals_synthetic_district_distribution
F01402,PHC Jaunpur #66,PHC,Jaunpur,Uttar Pradesh,8,real_state_totals_synthetic_district_distribution
F01403,PHC Jaunpur #67,PHC,Jaunpur,Uttar Pradesh,5,real_state_totals_synthetic_district_distribution
F01404,PHC Jaunpur #68,PHC,Jaunpur,Uttar Pradesh,7,real_state_totals_synthetic_district_distribution
F01405,PHC Jaunpur #69,PHC,Jaunpur,Uttar Pradesh,5,real_state_totals_synthetic_district_distribution
F01406,PHC Jaunpur #70,PHC,Jaunpur,Uttar Pradesh,8,real_state_totals_synthetic_district_distribution
F01407,PHC Jaunpur #71,PHC,Jaunpur,Uttar Pradesh,8,real_state_totals_synthetic_district_distribution
F01408,PHC Jaunpur #72,PHC,Jaunpur,Uttar Pradesh,9,real_state_totals_synthetic_district_distribution
F01409,PHC Jaunpur #73,PHC,Jaunpur,Uttar Pradesh,5,real_state_totals_synthetic_district_distribution
F01410,PHC Jaunpur #74,PHC,Jaunpur,Uttar Pradesh,10,real_state_totals_synthetic_district_distribution
F01411,PHC Jaunpur #75,PHC,Jaunpur,Uttar Pradesh,4,real_state_totals_synthetic_district_distribution
F01412,PHC Jaunpur #76,PHC,Jaunpur,Uttar Pradesh,6,real_state_totals_synthetic_district_distribution
F01413,PHC Jaunpur #77,PHC,Jaunpur,Uttar Pradesh,10,real_state_totals_synthetic_district_distribution
F01414,PHC Jaunpur #78,PHC,Jaunpur,Uttar Pradesh,10,real_state_totals_synthetic_district_distribution
F01415,PHC Jaunpur #79,PHC,Jaunpur,Uttar Pradesh,10,real_state_totals_synthetic_district_distribution
F01416,PHC Jaunpur #80,PHC,Jaunpur,Uttar Pradesh,7,real_state_totals_synthetic_district_distribution
F01417,PHC Jaunpur #81,PHC,Jaunpur,Uttar Pradesh,6,real_state_totals_synthetic_district_distribution
F01418,PHC Jaunpur #82,PHC,Jaunpur,Uttar Pradesh,10,real_state_totals_synthetic_district_distribution
F01419,PHC Jaunpur #83,PHC,Jaunpur,Uttar Pradesh,8,real_state_totals_synthetic_district_distribution
F01420,PHC Jaunpur #84,PHC,Jaunpur,Uttar Pradesh,6,real_state_totals_synthetic_district_distribution
F01421,PHC Jaunpur #85,PHC,Jaunpur,Uttar Pradesh,10,real_state_totals_synthetic_district_distribution
F01422,PHC Jaunpur #86,PHC,Jaunpur,Uttar Pradesh,4,real_state_totals_synthetic_district_distribution
F01423,PHC Jaunpur #87,PHC,Jaunpur,Uttar Pradesh,6,real_state_totals_synthetic_district_distribution
F01424,PHC Jaunpur #88,PHC,Jaunpur,Uttar Pradesh,9,real_state_totals_synthetic_district_distribution
F01425,PHC Jaunpur #89,PHC,Jaunpur,Uttar Pradesh,6,real_state_totals_synthetic_district_distribution
F01426,PHC Jaunpur #90,PHC,Jaunpur,Uttar Pradesh,10,real_state_totals_synthetic_district_distribution
F01427,PHC Jaunpur #91,PHC,Jaunpur,Uttar Pradesh,8,real_state_totals_synthetic_district_distribution
F01428,PHC Jaunpur #92,PHC,Jaunpur,Uttar Pradesh,8,real_state_totals_synthetic_district_distribution
F01429,PHC Jaunpur #93,PHC,Jaunpur,Uttar Pradesh,9,real_state_totals_synthetic_district_distribution
F01430,PHC Jaunpur #94,PHC,Jaunpur,Uttar Pradesh,7,real_state_totals_synthetic_district_distribution
F01431,PHC Jaunpur #95,PHC,Jaunpur,Uttar Pradesh,10,real_state_totals_synthetic_district_distribution
F01432,PHC Jaunpur #96,PHC,Jaunpur,Uttar Pradesh,5,real_state_totals_synthetic_district_distribution
F01433,PHC Jaunpur #97,PHC,Jaunpur,Uttar Pradesh,7,real_state_totals_synthetic_district_distribution
F01434,PHC Jaunpur #98,PHC,Jaunpur,Uttar Pradesh,8,real_state_totals_synthetic_district_distribution
F01435,PHC Jaunpur #99,PHC,Jaunpur,Uttar Pradesh,7,real_state_totals_synthetic_district_distribution
F01436,PHC Jaunpur #100,PHC,Jaunpur,Uttar Pradesh,6,real_state_totals_synthetic_district_distribution
F01437,PHC Jaunpur #101,PHC,Jaunpur,Uttar Pradesh,6,real_state_totals_synthetic_district_distribution
F01438,PHC Jaunpur #102,PHC,Jaunpur,Uttar Pradesh,8,real_state_totals_synthetic_district_distribution
F01439,PHC Jaunpur #103,PHC,Jaunpur,Uttar Pradesh,10,real_state_totals_synthetic_district_distribution
F01440,PHC Jaunpur #104,PHC,Jaunpur,Uttar Pradesh,8,real_state_totals_synthetic_district_distribution
F01441,PHC Jaunpur #105,PHC,Jaunpur,Uttar Pradesh,7,real_state_totals_synthetic_district_distribution
F01442,PHC Jaunpur #106,PHC,Jaunpur,Uttar Pradesh,7,real_state_totals_synthetic_district_distribution
F01443,PHC Jaunpur #107,PHC,Jaunpur,Uttar Pradesh,6,real_state_totals_synthetic_district_distribution
F01444,PHC Jaunpur #108,PHC,Jaunpur,Uttar Pradesh,10,real_state_totals_synthetic_district_distribution
F01445,PHC Jaunpur #109,PHC,Jaunpur,Uttar Pradesh,5,real_state_totals_synthetic_district_distribution
F01446,PHC Jaunpur #110,PHC,Jaunpur,Uttar Pradesh,9,real_state_totals_synthetic_district_distribution
F01447,PHC Jaunpur #111,PHC,Jaunpur,Uttar Pradesh,5,real_state_totals_synthetic_district_distribution
F01448,PHC Jaunpur #112,PHC,Jaunpur,Uttar Pradesh,8,real_state_totals_synthetic_district_distribution
F01449,PHC Jaunpur #113,PHC,Jaunpur,Uttar Pradesh,7,real_state_totals_synthetic_district_distribution
F01450,PHC Jaunpur #114,PHC,Jaunpur,Uttar Pradesh,5,real_state_totals_synthetic_district_distribution
F01451,PHC Jaunpur #115,PHC,Jaunpur,Uttar Pradesh,10,real_state_totals_synthetic_district_distribution
F01452,PHC Jaunpur #116,PHC,Jaunpur,Uttar Pradesh,10,real_state_totals_synthetic_district_distribution
F01453,PHC Jaunpur #117,PHC,Jaunpur,Uttar Pradesh,7,real_state_totals_synthetic_district_distribution
F01454,PHC Jaunpur #118,PHC,Jaunpur,Uttar Pradesh,4,real_state_totals_synthetic_district_distribution
F01455,PHC Jaunpur #119,PHC,Jaunpur,Uttar Pradesh,6,real_state_totals_synthetic_district_distribution
F01456,PHC Jaunpur #120,PHC,Jaunpur,Uttar Pradesh,9,real_state_totals_synthetic_district_distribution
F01457,PHC Jaunpur #121,PHC,Jaunpur,Uttar Pradesh,7,real_state_totals_synthetic_district_distribution
F01458,PHC Jaunpur #122,PHC,Jaunpur,Uttar Pradesh,9,real_state_totals_synthetic_district_distribution
F01459,PHC Jaunpur #123,PHC,Jaunpur,Uttar Pradesh,10,real_state_totals_synthetic_district_distribution
F01460,PHC Jaunpur #124,PHC,Jaunpur,Uttar Pradesh,7,real_state_totals_synthetic_district_distribution
F01461,PHC Jaunpur #125,PHC,Jaunpur,Uttar Pradesh,7,real_state_totals_synthetic_district_distribution
F01462,PHC Jaunpur #126,PHC,Jaunpur,Uttar Pradesh,9,real_state_totals_synthetic_district_distribution
F01463,PHC Jaunpur #127,PHC,Jaunpur,Uttar Pradesh,10,real_state_totals_synthetic_district_distribution
F01464,PHC Jaunpur #128,PHC,Jaunpur,Uttar Pradesh,10,real_state_totals_synthetic_district_distribution
F01465,PHC Jaunpur #129,PHC,Jaunpur,Uttar Pradesh,9,real_state_totals_synthetic_district_distribution
F01466,PHC Jaunpur #130,PHC,Jaunpur,Uttar Pradesh,5,real_state_totals_synthetic_district_distribution
F01467,PHC Jaunpur #131,PHC,Jaunpur,Uttar Pradesh,7,real_state_totals_synthetic_district_distribution
F01468,PHC Jaunpur #132,PHC,Jaunpur,Uttar Pradesh,4,real_state_totals_synthetic_district_distribution
F01469,PHC Jaunpur #133,PHC,Jaunpur,Uttar Pradesh,5,real_state_totals_synthetic_district_distribution
F01470,PHC Jaunpur #134,PHC,Jaunpur,Uttar Pradesh,8,real_state_totals_synthetic_district_distribution
F01471,PHC Jaunpur #135,PHC,Jaunpur,Uttar Pradesh,8,real_state_totals_synthetic_district_distribution
F01472,PHC Jaunpur #136,PHC,Jaunpur,Uttar Pradesh,6,real_state_totals_synthetic_district_distribution
F01473,PHC Jaunpur #137,PHC,Jaunpur,Uttar Pradesh,10,real_state_totals_synthetic_district_distribution
F01474,PHC Jaunpur #138,PHC,Jaunpur,Uttar Pradesh,4,real_state_totals_synthetic_district_distribution
F01475,PHC Jaunpur #139,PHC,Jaunpur,Uttar Pradesh,10,real_state_totals_synthetic_district_distribution
F01476,PHC Jaunpur #140,PHC,Jaunpur,Uttar Pradesh,10,real_state_totals_synthetic_district_distribution
F01477,PHC Jaunpur #141,PHC,Jaunpur,Uttar Pradesh,7,real_state_totals_synthetic_district_distribution
F01478,PHC Jaunpur #142,PHC,Jaunpur,Uttar Pradesh,4,real_state_totals_synthetic_district_distribution
F01479,PHC Jaunpur #143,PHC,Jaunpur,Uttar Pradesh,8,real_state_totals_synthetic_district_distribution
F01480,PHC Jaunpur #144,PHC,Jaunpur,Uttar Pradesh,7,real_state_totals_synthetic_district_distribution
F01481,PHC Jaunpur #145,PHC,Jaunpur,Uttar Pradesh,4,real_state_totals_synthetic_district_distribution
F01482,PHC Jaunpur #146,PHC,Jaunpur,Uttar Pradesh,9,real_state_totals_synthetic_district_distribution
F01483,PHC Jaunpur #147,PHC,Jaunpur,Uttar Pradesh,5,real_state_totals_synthetic_district_distribution
F01484,PHC Jaunpur #148,PHC,Jaunpur,Uttar Pradesh,7,real_state_totals_synthetic_district_distribution
F01485,PHC Jaunpur #149,PHC,Jaunpur,Uttar Pradesh,10,real_state_totals_synthetic_district_distribution
F01486,PHC Jaunpur #150,PHC,Jaunpur,Uttar Pradesh,9,real_state_totals_synthetic_district_distribution
F01487,PHC Jaunpur #151,PHC,Jaunpur,Uttar Pradesh,5,real_state_totals_synthetic_district_distribution
F01488,PHC Jaunpur #152,PHC,Jaunpur,Uttar Pradesh,4,real_state_totals_synthetic_district_distribution
F01489,PHC Jaunpur #153,PHC,Jaunpur,Uttar Pradesh,7,real_state_totals_synthetic_district_distribution
F01490,PHC Jaunpur #154,PHC,Jaunpur,Uttar Pradesh,10,real_state_totals_synthetic_district_distribution
F01491,PHC Jaunpur #155,PHC,Jaunpur,Uttar Pradesh,6,real_state_totals_synthetic_district_distribution
F01492,PHC Jaunpur #156,PHC,Jaunpur,Uttar Pradesh,6,real_state_totals_synthetic_district_distribution
F01493,PHC Jaunpur #157,PHC,Jaunpur,Uttar Pradesh,8,real_state_totals_synthetic_district_distribution
F01494,PHC Jaunpur #158,PHC,Jaunpur,Uttar Pradesh,9,real_state_totals_synthetic_district_distribution
F01495,PHC Jaunpur #159,PHC,Jaunpur,Uttar Pradesh,7,real_state_totals_synthetic_district_distribution
F01496,PHC Jaunpur #160,PHC,Jaunpur,Uttar Pradesh,9,real_state_totals_synthetic_district_distribution
F01497,PHC Jaunpur #161,PHC,Jaunpur,Uttar Pradesh,4,real_state_totals_synthetic_district_distribution
F01498,PHC Jaunpur #162,PHC,Jaunpur,Uttar Pradesh,10,real_state_totals_synthetic_district_distribution
F01499,PHC Jaunpur #163,PHC,Jaunpur,Uttar Pradesh,6,real_state_totals_synthetic_district_distribution
F01500,PHC Jaunpur #164,PHC,Jaunpur,Uttar Pradesh,10,real_state_totals_synthetic_district_distribution
F01501,PHC Jaunpur #165,PHC,Jaunpur,Uttar Pradesh,9,real_state_totals_synthetic_district_distribution
F01502,PHC Jaunpur #166,PHC,Jaunpur,Uttar Pradesh,10,real_state_totals_synthetic_district_distribution
F01503,PHC Jaunpur #167,PHC,Jaunpur,Uttar Pradesh,8,real_state_totals_synthetic_district_distribution
F01504,PHC Jaunpur #168,PHC,Jaunpur,Uttar Pradesh,7,real_state_totals_synthetic_district_distribution
F01505,PHC Jaunpur #169,PHC,Jaunpur,Uttar Pradesh,6,real_state_totals_synthetic_district_distribution
F01506,PHC Jaunpur #170,PHC,Jaunpur,Uttar Pradesh,9,real_state_totals_synthetic_district_distribution
F01507,PHC Jaunpur #171,PHC,Jaunpur,Uttar Pradesh,9,real_state_totals_synthetic_district_distribution
F01508,PHC Jaunpur #172,PHC,Jaunpur,Uttar Pradesh,10,real_state_totals_synthetic_district_distribution
F01509,PHC Jaunpur #173,PHC,Jaunpur,Uttar Pradesh,7,real_state_totals_synthetic_district_distribution
F01510,PHC Jaunpur #174,PHC,Jaunpur,Uttar Pradesh,10,real_state_totals_synthetic_district_distribution
F01511,PHC Jaunpur #175,PHC,Jaunpur,Uttar Pradesh,8,real_state_totals_synthetic_district_distribution
F01512,PHC Jaunpur #176,PHC,Jaunpur,Uttar Pradesh,4,real_state_totals_synthetic_district_distribution
F01513,PHC Jaunpur #177,PHC,Jaunpur,Uttar Pradesh,8,real_state_totals_synthetic_district_distribution
F01514,PHC Jaunpur #178,PHC,Jaunpur,Uttar Pradesh,4,real_state_totals_synthetic_district_distribution
F01515,PHC Jaunpur #179,PHC,Jaunpur,Uttar Pradesh,5,real_state_totals_synthetic_district_distribution
F01516,PHC Jaunpur #180,PHC,Jaunpur,Uttar Pradesh,9,real_state_totals_synthetic_district_distribution
F01517,PHC Jaunpur #181,PHC,Jaunpur,Uttar Pradesh,9,real_state_totals_synthetic_district_distribution
F01518,PHC Jaunpur #182,PHC,Jaunpur,Uttar Pradesh,6,real_state_totals_synthetic_district_distribution
F01519,PHC Jaunpur #183,PHC,Jaunpur,Uttar Pradesh,5,real_state_totals_synthetic_district_distribution
F01520,CHC Jaunpur #1,CHC,Jaunpur,Uttar Pradesh,43,real_state_totals_synthetic_district_distribution
F01521,CHC Jaunpur #2,CHC,Jaunpur,Uttar Pradesh,22,real_state_totals_synthetic_district_distribution
F01522,CHC Jaunpur #3,CHC,Jaunpur,Uttar Pradesh,33,real_state_totals_synthetic_district_distribution
F01523,CHC Jaunpur #4,CHC,Jaunpur,Uttar Pradesh,23,real_state_totals_synthetic_district_distribution
F01524,CHC Jaunpur #5,CHC,Jaunpur,Uttar Pradesh,44,real_state_totals_synthetic_district_distribution
F01525,CHC Jaunpur #6,CHC,Jaunpur,Uttar Pradesh,40,real_state_totals_synthetic_district_distribution
F01526,CHC Jaunpur #7,CHC,Jaunpur,Uttar Pradesh,42,real_state_totals_synthetic_district_distribution
F01527,CHC Jaunpur #8,CHC,Jaunpur,Uttar Pradesh,47,real_state_totals_synthetic_district_distribution
F01528,CHC Jaunpur #9,CHC,Jaunpur,Uttar Pradesh,23,real_state_totals_synthetic_district_distribution
F01529,CHC Jaunpur #10,CHC,Jaunpur,Uttar Pradesh,34,real_state_totals_synthetic_district_distribution
F01530,CHC Jaunpur #11,CHC,Jaunpur,Uttar Pradesh,25,real_state_totals_synthetic_district_distribution
F01531,CHC Jaunpur #12,CHC,Jaunpur,Uttar Pradesh,42,real_state_totals_synthetic_district_distribution
F01532,CHC Jaunpur #13,CHC,Jaunpur,Uttar Pradesh,29,real_state_totals_synthetic_district_distribution
F01533,CHC Jaunpur #14,CHC,Jaunpur,Uttar Pradesh,48,real_state_totals_synthetic_district_distribution
F01534,CHC Jaunpur #15,CHC,Jaunpur,Uttar Pradesh,20,real_state_totals_synthetic_district_distribution
F01535,CHC Jaunpur #16,CHC,Jaunpur,Uttar Pradesh,21,real_state_totals_synthetic_district_distribution
F01536,CHC Jaunpur #17,CHC,Jaunpur,Uttar Pradesh,30,real_state_totals_synthetic_district_distribution
F01537,CHC Jaunpur #18,CHC,Jaunpur,Uttar Pradesh,45,real_state_totals_synthetic_district_distribution
F01538,CHC Jaunpur #19,CHC,Jaunpur,Uttar Pradesh,21,real_state_totals_synthetic_district_distribution
F01539,CHC Jaunpur #20,CHC,Jaunpur,Uttar Pradesh,29,real_state_totals_synthetic_district_distribution
F01540,CHC Jaunpur #21,CHC,Jaunpur,Uttar Pradesh,31,real_state_totals_synthetic_district_distribution
F01541,CHC Jaunpur #22,CHC,Jaunpur,Uttar Pradesh,31,real_state_totals_synthetic_district_distribution
F01542,CHC Jaunpur #23,CHC,Jaunpur,Uttar Pradesh,33,real_state_totals_synthetic_district_distribution
F01543,CHC Jaunpur #24,CHC,Jaunpur,Uttar Pradesh,24,real_state_totals_synthetic_district_distribution
F01544,CHC Jaunpur #25,CHC,Jaunpur,Uttar Pradesh,27,real_state_totals_synthetic_district_distribution
F01545,CHC Jaunpur #26,CHC,Jaunpur,Uttar Pradesh,36,real_state_totals_synthetic_district_distribution
F01546,CHC Jaunpur #27,CHC,Jaunpur,Uttar Pradesh,33,real_state_totals_synthetic_district_distribution
F01547,CHC Jaunpur #28,CHC,Jaunpur,Uttar Pradesh,38,real_state_totals_synthetic_district_distribution
F01548,CHC Jaunpur #29,CHC,Jaunpur,Uttar Pradesh,41,real_state_totals_synthetic_district_distribution
F01549,CHC Jaunpur #30,CHC,Jaunpur,Uttar Pradesh,45,real_state_totals_synthetic_district_distribution
F01550,District Hospital Jaunpur #1,District Hospital,Jaunpur,Uttar Pradesh,146,real_state_totals_synthetic_district_distribution
F01551,District Hospital Jaunpur #2,District Hospital,Jaunpur,Uttar Pradesh,143,real_state_totals_synthetic_district_distribution
F01552,District Hospital Jaunpur #3,District Hospital,Jaunpur,Uttar Pradesh,144,real_state_totals_synthetic_district_distribution
F01553,District Hospital Jaunpur #4,District Hospital,Jaunpur,Uttar Pradesh,120,real_state_totals_synthetic_district_distribution
F01554,District Hospital Jaunpur #5,District Hospital,Jaunpur,Uttar Pradesh,256,real_state_totals_synthetic_district_distribution
F01555,District Hospital Jaunpur #6,District Hospital,Jaunpur,Uttar Pradesh,197,real_state_totals_synthetic_district_distribution
F01556,District Hospital Jaunpur #7,District Hospital,Jaunpur,Uttar Pradesh,258,real_state_totals_synthetic_district_distribution
F01557,District Hospital Jaunpur #8,District Hospital,Jaunpur,Uttar Pradesh,274,real_state_totals_synthetic_district_distribution
F01558,District Hospital Jaunpur #9,District Hospital,Jaunpur,Uttar Pradesh,161,real_state_totals_synthetic_district_distribution
F01559,PHC Aligarh #1,PHC,Aligarh,Uttar Pradesh,7,real_state_totals_synthetic_district_distribution
F01560,PHC Aligarh #2,PHC,Aligarh,Uttar Pradesh,8,real_state_totals_synthetic_district_distribution
F01561,PHC Aligarh #3,PHC,Aligarh,Uttar Pradesh,5,real_state_totals_synthetic_district_distribution
F01562,PHC Aligarh #4,PHC,Aligarh,Uttar Pradesh,5,real_state_totals_synthetic_district_distribution
F01563,PHC Aligarh #5,PHC,Aligarh,Uttar Pradesh,7,real_state_totals_synthetic_district_distribution
F01564,PHC Aligarh #6,PHC,Aligarh,Uttar Pradesh,9,real_state_totals_synthetic_district_distribution
F01565,PHC Aligarh #7,PHC,Aligarh,Uttar Pradesh,6,real_state_totals_synthetic_district_distribution
F01566,PHC Aligarh #8,PHC,Aligarh,Uttar Pradesh,7,real_state_totals_synthetic_district_distribution
F01567,PHC Aligarh #9,PHC,Aligarh,Uttar Pradesh,6,real_state_totals_synthetic_district_distribution
F01568,PHC Aligarh #10,PHC,Aligarh,Uttar Pradesh,9,real_state_totals_synthetic_district_distribution
F01569,PHC Aligarh #11,PHC,Aligarh,Uttar Pradesh,4,real_state_totals_synthetic_district_distribution
F01570,PHC Aligarh #12,PHC,Aligarh,Uttar Pradesh,10,real_state_totals_synthetic_district_distribution
F01571,PHC Aligarh #13,PHC,Aligarh,Uttar Pradesh,7,real_state_totals_synthetic_district_distribution
F01572,PHC Aligarh #14,PHC,Aligarh,Uttar Pradesh,6,real_state_totals_synthetic_district_distribution
F01573,PHC Aligarh #15,PHC,Aligarh,Uttar Pradesh,9,real_state_totals_synthetic_district_distribution
F01574,PHC Aligarh #16,PHC,Aligarh,Uttar Pradesh,8,real_state_totals_synthetic_district_distribution
F01575,PHC Aligarh #17,PHC,Aligarh,Uttar Pradesh,5,real_state_totals_synthetic_district_distribution
F01576,PHC Aligarh #18,PHC,Aligarh,Uttar Pradesh,4,real_state_totals_synthetic_district_distribution
F01577,PHC Aligarh #19,PHC,Aligarh,Uttar Pradesh,7,real_state_totals_synthetic_district_distribution
F01578,PHC Aligarh #20,PHC,Aligarh,Uttar Pradesh,6,real_state_totals_synthetic_district_distribution
F01579,PHC Aligarh #21,PHC,Aligarh,Uttar Pradesh,8,real_state_totals_synthetic_district_distribution
F01580,PHC Aligarh #22,PHC,Aligarh,Uttar Pradesh,6,real_state_totals_synthetic_district_distribution
F01581,PHC Aligarh #23,PHC,Aligarh,Uttar Pradesh,9,real_state_totals_synthetic_district_distribution
F01582,PHC Aligarh #24,PHC,Aligarh,Uttar Pradesh,7,real_state_totals_synthetic_district_distribution
F01583,PHC Aligarh #25,PHC,Aligarh,Uttar Pradesh,9,real_state_totals_synthetic_district_distribution
F01584,PHC Aligarh #26,PHC,Aligarh,Uttar Pradesh,6,real_state_totals_synthetic_district_distribution
F01585,PHC Aligarh #27,PHC,Aligarh,Uttar Pradesh,7,real_state_totals_synthetic_district_distribution
F01586,PHC Aligarh #28,PHC,Aligarh,Uttar Pradesh,10,real_state_totals_synthetic_district_distribution
F01587,PHC Aligarh #29,PHC,Aligarh,Uttar Pradesh,6,real_state_totals_synthetic_district_distribution
F01588,PHC Aligarh #30,PHC,Aligarh,Uttar Pradesh,5,real_state_totals_synthetic_district_distribution
F01589,PHC Aligarh #31,PHC,Aligarh,Uttar Pradesh,7,real_state_totals_synthetic_district_distribution
F01590,PHC Aligarh #32,PHC,Aligarh,Uttar Pradesh,10,real_state_totals_synthetic_district_distribution
F01591,PHC Aligarh #33,PHC,Aligarh,Uttar Pradesh,7,real_state_totals_synthetic_district_distribution
F01592,PHC Aligarh #34,PHC,Aligarh,Uttar Pradesh,4,real_state_totals_synthetic_district_distribution
F01593,PHC Aligarh #35,PHC,Aligarh,Uttar Pradesh,5,real_state_totals_synthetic_district_distribution
F01594,PHC Aligarh #36,PHC,Aligarh,Uttar Pradesh,7,real_state_totals_synthetic_district_distribution
F01595,PHC Aligarh #37,PHC,Aligarh,Uttar Pradesh,8,real_state_totals_synthetic_district_distribution
F01596,PHC Aligarh #38,PHC,Aligarh,Uttar Pradesh,6,real_state_totals_synthetic_district_distribution
F01597,PHC Aligarh #39,PHC,Aligarh,Uttar Pradesh,8,real_state_totals_synthetic_district_distribution
F01598,PHC Aligarh #40,PHC,Aligarh,Uttar Pradesh,6,real_state_totals_synthetic_district_distribution
F01599,PHC Aligarh #41,PHC,Aligarh,Uttar Pradesh,9,real_state_totals_synthetic_district_distribution
F01600,PHC Aligarh #42,PHC,Aligarh,Uttar Pradesh,6,real_state_totals_synthetic_district_distribution
F01601,PHC Aligarh #43,PHC,Aligarh,Uttar Pradesh,4,real_state_totals_synthetic_district_distribution
F01602,PHC Aligarh #44,PHC,Aligarh,Uttar Pradesh,10,real_state_totals_synthetic_district_distribution
F01603,PHC Aligarh #45,PHC,Aligarh,Uttar Pradesh,9,real_state_totals_synthetic_district_distribution
F01604,PHC Aligarh #46,PHC,Aligarh,Uttar Pradesh,7,real_state_totals_synthetic_district_distribution
F01605,PHC Aligarh #47,PHC,Aligarh,Uttar Pradesh,6,real_state_totals_synthetic_district_distribution
F01606,PHC Aligarh #48,PHC,Aligarh,Uttar Pradesh,4,real_state_totals_synthetic_district_distribution
F01607,PHC Aligarh #49,PHC,Aligarh,Uttar Pradesh,8,real_state_totals_synthetic_district_distribution
F01608,PHC Aligarh #50,PHC,Aligarh,Uttar Pradesh,10,real_state_totals_synthetic_district_distribution
F01609,PHC Aligarh #51,PHC,Aligarh,Uttar Pradesh,9,real_state_totals_synthetic_district_distribution
F01610,PHC Aligarh #52,PHC,Aligarh,Uttar Pradesh,10,real_state_totals_synthetic_district_distribution
F01611,PHC Aligarh #53,PHC,Aligarh,Uttar Pradesh,9,real_state_totals_synthetic_district_distribution
F01612,PHC Aligarh #54,PHC,Aligarh,Uttar Pradesh,4,real_state_totals_synthetic_district_distribution
F01613,PHC Aligarh #55,PHC,Aligarh,Uttar Pradesh,8,real_state_totals_synthetic_district_distribution
F01614,PHC Aligarh #56,PHC,Aligarh,Uttar Pradesh,9,real_state_totals_synthetic_district_distribution
F01615,PHC Aligarh #57,PHC,Aligarh,Uttar Pradesh,7,real_state_totals_synthetic_district_distribution
F01616,PHC Aligarh #58,PHC,Aligarh,Uttar Pradesh,10,real_state_totals_synthetic_district_distribution
F01617,PHC Aligarh #59,PHC,Aligarh,Uttar Pradesh,6,real_state_totals_synthetic_district_distribution
F01618,PHC Aligarh #60,PHC,Aligarh,Uttar Pradesh,10,real_state_totals_synthetic_district_distribution
F01619,PHC Aligarh #61,PHC,Aligarh,Uttar Pradesh,10,real_state_totals_synthetic_district_distribution
F01620,PHC Aligarh #62,PHC,Aligarh,Uttar Pradesh,5,real_state_totals_synthetic_district_distribution
F01621,PHC Aligarh #63,PHC,Aligarh,Uttar Pradesh,8,real_state_totals_synthetic_district_distribution
F01622,PHC Aligarh #64,PHC,Aligarh,Uttar Pradesh,10,real_state_totals_synthetic_district_distribution
F01623,PHC Aligarh #65,PHC,Aligarh,Uttar Pradesh,6,real_state_totals_synthetic_district_distribution
F01624,PHC Aligarh #66,PHC,Aligarh,Uttar Pradesh,5,real_state_totals_synthetic_district_distribution
F01625,PHC Aligarh #67,PHC,Aligarh,Uttar Pradesh,9,real_state_totals_synthetic_district_distribution
F01626,PHC Aligarh #68,PHC,Aligarh,Uttar Pradesh,5,real_state_totals_synthetic_district_distribution
F01627,PHC Aligarh #69,PHC,Aligarh,Uttar Pradesh,8,real_state_totals_synthetic_district_distribution
F01628,PHC Aligarh #70,PHC,Aligarh,Uttar Pradesh,6,real_state_totals_synthetic_district_distribution
F01629,PHC Aligarh #71,PHC,Aligarh,Uttar Pradesh,9,real_state_totals_synthetic_district_distribution
F01630,PHC Aligarh #72,PHC,Aligarh,Uttar Pradesh,10,real_state_totals_synthetic_district_distribution
F01631,PHC Aligarh #73,PHC,Aligarh,Uttar Pradesh,9,real_state_totals_synthetic_district_distribution
F01632,PHC Aligarh #74,PHC,Aligarh,Uttar Pradesh,10,real_state_totals_synthetic_district_distribution
F01633,PHC Aligarh #75,PHC,Aligarh,Uttar Pradesh,9,real_state_totals_synthetic_district_distribution
F01634,PHC Aligarh #76,PHC,Aligarh,Uttar Pradesh,9,real_state_totals_synthetic_district_distribution
F01635,PHC Aligarh #77,PHC,Aligarh,Uttar Pradesh,10,real_state_totals_synthetic_district_distribution
F01636,PHC Aligarh #78,PHC,Aligarh,Uttar Pradesh,5,real_state_totals_synthetic_district_distribution
F01637,PHC Aligarh #79,PHC,Aligarh,Uttar Pradesh,9,real_state_totals_synthetic_district_distribution
F01638,PHC Aligarh #80,PHC,Aligarh,Uttar Pradesh,4,real_state_totals_synthetic_district_distribution
F01639,PHC Aligarh #81,PHC,Aligarh,Uttar Pradesh,9,real_state_totals_synthetic_district_distribution
F01640,PHC Aligarh #82,PHC,Aligarh,Uttar Pradesh,9,real_state_totals_synthetic_district_distribution
F01641,PHC Aligarh #83,PHC,Aligarh,Uttar Pradesh,4,real_state_totals_synthetic_district_distribution
F01642,PHC Aligarh #84,PHC,Aligarh,Uttar Pradesh,6,real_state_totals_synthetic_district_distribution
F01643,PHC Aligarh #85,PHC,Aligarh,Uttar Pradesh,10,real_state_totals_synthetic_district_distribution
F01644,PHC Aligarh #86,PHC,Aligarh,Uttar Pradesh,7,real_state_totals_synthetic_district_distribution
F01645,PHC Aligarh #87,PHC,Aligarh,Uttar Pradesh,4,real_state_totals_synthetic_district_distribution
F01646,PHC Aligarh #88,PHC,Aligarh,Uttar Pradesh,8,real_state_totals_synthetic_district_distribution
F01647,PHC Aligarh #89,PHC,Aligarh,Uttar Pradesh,6,real_state_totals_synthetic_district_distribution
F01648,PHC Aligarh #90,PHC,Aligarh,Uttar Pradesh,9,real_state_totals_synthetic_district_distribution
F01649,PHC Aligarh #91,PHC,Aligarh,Uttar Pradesh,5,real_state_totals_synthetic_district_distribution
F01650,PHC Aligarh #92,PHC,Aligarh,Uttar Pradesh,4,real_state_totals_synthetic_district_distribution
F01651,PHC Aligarh #93,PHC,Aligarh,Uttar Pradesh,6,real_state_totals_synthetic_district_distribution
F01652,PHC Aligarh #94,PHC,Aligarh,Uttar Pradesh,6,real_state_totals_synthetic_district_distribution
F01653,PHC Aligarh #95,PHC,Aligarh,Uttar Pradesh,9,real_state_totals_synthetic_district_distribution
F01654,PHC Aligarh #96,PHC,Aligarh,Uttar Pradesh,7,real_state_totals_synthetic_district_distribution
F01655,PHC Aligarh #97,PHC,Aligarh,Uttar Pradesh,5,real_state_totals_synthetic_district_distribution
F01656,PHC Aligarh #98,PHC,Aligarh,Uttar Pradesh,5,real_state_totals_synthetic_district_distribution
F01657,PHC Aligarh #99,PHC,Aligarh,Uttar Pradesh,5,real_state_totals_synthetic_district_distribution
F01658,PHC Aligarh #100,PHC,Aligarh,Uttar Pradesh,10,real_state_totals_synthetic_district_distribution
F01659,PHC Aligarh #101,PHC,Aligarh,Uttar Pradesh,8,real_state_totals_synthetic_district_distribution
F01660,PHC Aligarh #102,PHC,Aligarh,Uttar Pradesh,6,real_state_totals_synthetic_district_distribution
F01661,PHC Aligarh #103,PHC,Aligarh,Uttar Pradesh,8,real_state_totals_synthetic_district_distribution
F01662,PHC Aligarh #104,PHC,Aligarh,Uttar Pradesh,8,real_state_totals_synthetic_district_distribution
F01663,PHC Aligarh #105,PHC,Aligarh,Uttar Pradesh,6,real_state_totals_synthetic_district_distribution
F01664,PHC Aligarh #106,PHC,Aligarh,Uttar Pradesh,10,real_state_totals_synthetic_district_distribution
F01665,PHC Aligarh #107,PHC,Aligarh,Uttar Pradesh,5,real_state_totals_synthetic_district_distribution
F01666,PHC Aligarh #108,PHC,Aligarh,Uttar Pradesh,6,real_state_totals_synthetic_district_distribution
F01667,PHC Aligarh #109,PHC,Aligarh,Uttar Pradesh,10,real_state_totals_synthetic_district_distribution
F01668,PHC Aligarh #110,PHC,Aligarh,Uttar Pradesh,7,real_state_totals_synthetic_district_distribution
F01669,PHC Aligarh #111,PHC,Aligarh,Uttar Pradesh,10,real_state_totals_synthetic_district_distribution
F01670,PHC Aligarh #112,PHC,Aligarh,Uttar Pradesh,6,real_state_totals_synthetic_district_distribution
F01671,PHC Aligarh #113,PHC,Aligarh,Uttar Pradesh,9,real_state_totals_synthetic_district_distribution
F01672,PHC Aligarh #114,PHC,Aligarh,Uttar Pradesh,10,real_state_totals_synthetic_district_distribution
F01673,PHC Aligarh #115,PHC,Aligarh,Uttar Pradesh,6,real_state_totals_synthetic_district_distribution
F01674,PHC Aligarh #116,PHC,Aligarh,Uttar Pradesh,10,real_state_totals_synthetic_district_distribution
F01675,PHC Aligarh #117,PHC,Aligarh,Uttar Pradesh,4,real_state_totals_synthetic_district_distribution
F01676,PHC Aligarh #118,PHC,Aligarh,Uttar Pradesh,7,real_state_totals_synthetic_district_distribution
F01677,PHC Aligarh #119,PHC,Aligarh,Uttar Pradesh,4,real_state_totals_synthetic_district_distribution
F01678,PHC Aligarh #120,PHC,Aligarh,Uttar Pradesh,5,real_state_totals_synthetic_district_distribution
F01679,PHC Aligarh #121,PHC,Aligarh,Uttar Pradesh,10,real_state_totals_synthetic_district_distribution
F01680,PHC Aligarh #122,PHC,Aligarh,Uttar Pradesh,5,real_state_totals_synthetic_district_distribution
F01681,PHC Aligarh #123,PHC,Aligarh,Uttar Pradesh,10,real_state_totals_synthetic_district_distribution
F01682,PHC Aligarh #124,PHC,Aligarh,Uttar Pradesh,9,real_state_totals_synthetic_district_distribution
F01683,PHC Aligarh #125,PHC,Aligarh,Uttar Pradesh,9,real_state_totals_synthetic_district_distribution
F01684,PHC Aligarh #126,PHC,Aligarh,Uttar Pradesh,9,real_state_totals_synthetic_district_distribution
F01685,PHC Aligarh #127,PHC,Aligarh,Uttar Pradesh,7,real_state_totals_synthetic_district_distribution
F01686,PHC Aligarh #128,PHC,Aligarh,Uttar Pradesh,10,real_state_totals_synthetic_district_distribution
F01687,PHC Aligarh #129,PHC,Aligarh,Uttar Pradesh,10,real_state_totals_synthetic_district_distribution
F01688,PHC Aligarh #130,PHC,Aligarh,Uttar Pradesh,8,real_state_totals_synthetic_district_distribution
F01689,PHC Aligarh #131,PHC,Aligarh,Uttar Pradesh,6,real_state_totals_synthetic_district_distribution
F01690,PHC Aligarh #132,PHC,Aligarh,Uttar Pradesh,4,real_state_totals_synthetic_district_distribution
F01691,PHC Aligarh #133,PHC,Aligarh,Uttar Pradesh,10,real_state_totals_synthetic_district_distribution
F01692,PHC Aligarh #134,PHC,Aligarh,Uttar Pradesh,7,real_state_totals_synthetic_district_distribution
F01693,PHC Aligarh #135,PHC,Aligarh,Uttar Pradesh,4,real_state_totals_synthetic_district_distribution
F01694,PHC Aligarh #136,PHC,Aligarh,Uttar Pradesh,6,real_state_totals_synthetic_district_distribution
F01695,PHC Aligarh #137,PHC,Aligarh,Uttar Pradesh,8,real_state_totals_synthetic_district_distribution
F01696,PHC Aligarh #138,PHC,Aligarh,Uttar Pradesh,4,real_state_totals_synthetic_district_distribution
F01697,PHC Aligarh #139,PHC,Aligarh,Uttar Pradesh,7,real_state_totals_synthetic_district_distribution
F01698,PHC Aligarh #140,PHC,Aligarh,Uttar Pradesh,6,real_state_totals_synthetic_district_distribution
F01699,PHC Aligarh #141,PHC,Aligarh,Uttar Pradesh,9,real_state_totals_synthetic_district_distribution
F01700,PHC Aligarh #142,PHC,Aligarh,Uttar Pradesh,9,real_state_totals_synthetic_district_distribution
F01701,PHC Aligarh #143,PHC,Aligarh,Uttar Pradesh,9,real_state_totals_synthetic_district_distribution
F01702,PHC Aligarh #144,PHC,Aligarh,Uttar Pradesh,6,real_state_totals_synthetic_district_distribution
F01703,PHC Aligarh #145,PHC,Aligarh,Uttar Pradesh,8,real_state_totals_synthetic_district_distribution
F01704,PHC Aligarh #146,PHC,Aligarh,Uttar Pradesh,7,real_state_totals_synthetic_district_distribution
F01705,PHC Aligarh #147,PHC,Aligarh,Uttar Pradesh,10,real_state_totals_synthetic_district_distribution
F01706,PHC Aligarh #148,PHC,Aligarh,Uttar Pradesh,9,real_state_totals_synthetic_district_distribution
F01707,PHC Aligarh #149,PHC,Aligarh,Uttar Pradesh,6,real_state_totals_synthetic_district_distribution
F01708,PHC Aligarh #150,PHC,Aligarh,Uttar Pradesh,4,real_state_totals_synthetic_district_distribution
F01709,CHC Aligarh #1,CHC,Aligarh,Uttar Pradesh,41,real_state_totals_synthetic_district_distribution
F01710,CHC Aligarh #2,CHC,Aligarh,Uttar Pradesh,27,real_state_totals_synthetic_district_distribution
F01711,CHC Aligarh #3,CHC,Aligarh,Uttar Pradesh,35,real_state_totals_synthetic_district_distribution
F01712,CHC Aligarh #4,CHC,Aligarh,Uttar Pradesh,20,real_state_totals_synthetic_district_distribution
F01713,CHC Aligarh #5,CHC,Aligarh,Uttar Pradesh,39,real_state_totals_synthetic_district_distribution
F01714,CHC Aligarh #6,CHC,Aligarh,Uttar Pradesh,48,real_state_totals_synthetic_district_distribution
F01715,CHC Aligarh #7,CHC,Aligarh,Uttar Pradesh,50,real_state_totals_synthetic_district_distribution
F01716,CHC Aligarh #8,CHC,Aligarh,Uttar Pradesh,37,real_state_totals_synthetic_district_distribution
F01717,CHC Aligarh #9,CHC,Aligarh,Uttar Pradesh,30,real_state_totals_synthetic_district_distribution
F01718,CHC Aligarh #10,CHC,Aligarh,Uttar Pradesh,49,real_state_totals_synthetic_district_distribution
F01719,CHC Aligarh #11,CHC,Aligarh,Uttar Pradesh,39,real_state_totals_synthetic_district_distribution
F01720,CHC Aligarh #12,CHC,Aligarh,Uttar Pradesh,27,real_state_totals_synthetic_district_distribution
F01721,CHC Aligarh #13,CHC,Aligarh,Uttar Pradesh,40,real_state_totals_synthetic_district_distribution
F01722,CHC Aligarh #14,CHC,Aligarh,Uttar Pradesh,22,real_state_totals_synthetic_district_distribution
F01723,CHC Aligarh #15,CHC,Aligarh,Uttar Pradesh,40,real_state_totals_synthetic_district_distribution
F01724,CHC Aligarh #16,CHC,Aligarh,Uttar Pradesh,46,real_state_totals_synthetic_district_distribution
F01725,CHC Aligarh #17,CHC,Aligarh,Uttar Pradesh,34,real_state_totals_synthetic_district_distribution
F01726,CHC Aligarh #18,CHC,Aligarh,Uttar Pradesh,49,real_state_totals_synthetic_district_distribution
F01727,CHC Aligarh #19,CHC,Aligarh,Uttar Pradesh,42,real_state_totals_synthetic_district_distribution
F01728,CHC Aligarh #20,CHC,Aligarh,Uttar Pradesh,29,real_state_totals_synthetic_district_distribution
F01729,CHC Aligarh #21,CHC,Aligarh,Uttar Pradesh,40,real_state_totals_synthetic_district_distribution
F01730,CHC Aligarh #22,CHC,Aligarh,Uttar Pradesh,33,real_state_totals_synthetic_district_distribution
F01731,CHC Aligarh #23,CHC,Aligarh,Uttar Pradesh,23,real_state_totals_synthetic_district_distribution
F01732,CHC Aligarh #24,CHC,Aligarh,Uttar Pradesh,24,real_state_totals_synthetic_district_distribution
F01733,CHC Aligarh #25,CHC,Aligarh,Uttar Pradesh,21,real_state_totals_synthetic_district_distribution
F01734,District Hospital Aligarh #1,District Hospital,Aligarh,Uttar Pradesh,109,real_state_totals_synthetic_district_distribution
F01735,District Hospital Aligarh #2,District Hospital,Aligarh,Uttar Pradesh,177,real_state_totals_synthetic_district_distribution
F01736,District Hospital Aligarh #3,District Hospital,Aligarh,Uttar Pradesh,226,real_state_totals_synthetic_district_distribution
F01737,District Hospital Aligarh #4,District Hospital,Aligarh,Uttar Pradesh,129,real_state_totals_synthetic_district_distribution
F01738,District Hospital Aligarh #5,District Hospital,Aligarh,Uttar Pradesh,124,real_state_totals_synthetic_district_distribution
F01739,District Hospital Aligarh #6,District Hospital,Aligarh,Uttar Pradesh,160,real_state_totals_synthetic_district_distribution
F01740,District Hospital Aligarh #7,District Hospital,Aligarh,Uttar Pradesh,237,real_state_totals_synthetic_district_distribution
F01741,PHC Bahraich #1,PHC,Bahraich,Uttar Pradesh,5,real_state_totals_synthetic_district_distribution
F01742,PHC Bahraich #2,PHC,Bahraich,Uttar Pradesh,7,real_state_totals_synthetic_district_distribution
F01743,PHC Bahraich #3,PHC,Bahraich,Uttar Pradesh,7,real_state_totals_synthetic_district_distribution
F01744,PHC Bahraich #4,PHC,Bahraich,Uttar Pradesh,6,real_state_totals_synthetic_district_distribution
F01745,PHC Bahraich #5,PHC,Bahraich,Uttar Pradesh,9,real_state_totals_synthetic_district_distribution
F01746,PHC Bahraich #6,PHC,Bahraich,Uttar Pradesh,9,real_state_totals_synthetic_district_distribution
F01747,PHC Bahraich #7,PHC,Bahraich,Uttar Pradesh,9,real_state_totals_synthetic_district_distribution
F01748,PHC Bahraich #8,PHC,Bahraich,Uttar Pradesh,8,real_state_totals_synthetic_district_distribution
F01749,PHC Bahraich #9,PHC,Bahraich,Uttar Pradesh,7,real_state_totals_synthetic_district_distribution
F01750,PHC Bahraich #10,PHC,Bahraich,Uttar Pradesh,8,real_state_totals_synthetic_district_distribution
F01751,PHC Bahraich #11,PHC,Bahraich,Uttar Pradesh,9,real_state_totals_synthetic_district_distribution
F01752,PHC Bahraich #12,PHC,Bahraich,Uttar Pradesh,9,real_state_totals_synthetic_district_distribution
F01753,PHC Bahraich #13,PHC,Bahraich,Uttar Pradesh,5,real_state_totals_synthetic_district_distribution
F01754,PHC Bahraich #14,PHC,Bahraich,Uttar Pradesh,7,real_state_totals_synthetic_district_distribution
F01755,PHC Bahraich #15,PHC,Bahraich,Uttar Pradesh,9,real_state_totals_synthetic_district_distribution
F01756,PHC Bahraich #16,PHC,Bahraich,Uttar Pradesh,4,real_state_totals_synthetic_district_distribution
F01757,PHC Bahraich #17,PHC,Bahraich,Uttar Pradesh,10,real_state_totals_synthetic_district_distribution
F01758,PHC Bahraich #18,PHC,Bahraich,Uttar Pradesh,7,real_state_totals_synthetic_district_distribution
F01759,PHC Bahraich #19,PHC,Bahraich,Uttar Pradesh,8,real_state_totals_synthetic_district_distribution
F01760,PHC Bahraich #20,PHC,Bahraich,Uttar Pradesh,7,real_state_totals_synthetic_district_distribution
F01761,PHC Bahraich #21,PHC,Bahraich,Uttar Pradesh,6,real_state_totals_synthetic_district_distribution
F01762,PHC Bahraich #22,PHC,Bahraich,Uttar Pradesh,4,real_state_totals_synthetic_district_distribution
F01763,PHC Bahraich #23,PHC,Bahraich,Uttar Pradesh,9,real_state_totals_synthetic_district_distribution
F01764,PHC Bahraich #24,PHC,Bahraich,Uttar Pradesh,6,real_state_totals_synthetic_district_distribution
F01765,PHC Bahraich #25,PHC,Bahraich,Uttar Pradesh,5,real_state_totals_synthetic_district_distribution
F01766,PHC Bahraich #26,PHC,Bahraich,Uttar Pradesh,7,real_state_totals_synthetic_district_distribution
F01767,PHC Bahraich #27,PHC,Bahraich,Uttar Pradesh,7,real_state_totals_synthetic_district_distribution
F01768,PHC Bahraich #28,PHC,Bahraich,Uttar Pradesh,5,real_state_totals_synthetic_district_distribution
F01769,PHC Bahraich #29,PHC,Bahraich,Uttar Pradesh,10,real_state_totals_synthetic_district_distribution
F01770,PHC Bahraich #30,PHC,Bahraich,Uttar Pradesh,6,real_state_totals_synthetic_district_distribution
F01771,PHC Bahraich #31,PHC,Bahraich,Uttar Pradesh,4,real_state_totals_synthetic_district_distribution
F01772,PHC Bahraich #32,PHC,Bahraich,Uttar Pradesh,9,real_state_totals_synthetic_district_distribution
F01773,PHC Bahraich #33,PHC,Bahraich,Uttar Pradesh,6,real_state_totals_synthetic_district_distribution
F01774,PHC Bahraich #34,PHC,Bahraich,Uttar Pradesh,8,real_state_totals_synthetic_district_distribution
F01775,PHC Bahraich #35,PHC,Bahraich,Uttar Pradesh,9,real_state_totals_synthetic_district_distribution
F01776,PHC Bahraich #36,PHC,Bahraich,Uttar Pradesh,6,real_state_totals_synthetic_district_distribution
F01777,PHC Bahraich #37,PHC,Bahraich,Uttar Pradesh,4,real_state_totals_synthetic_district_distribution
F01778,PHC Bahraich #38,PHC,Bahraich,Uttar Pradesh,7,real_state_totals_synthetic_district_distribution
F01779,PHC Bahraich #39,PHC,Bahraich,Uttar Pradesh,6,real_state_totals_synthetic_district_distribution
F01780,PHC Bahraich #40,PHC,Bahraich,Uttar Pradesh,5,real_state_totals_synthetic_district_distribution
F01781,PHC Bahraich #41,PHC,Bahraich,Uttar Pradesh,4,real_state_totals_synthetic_district_distribution
F01782,PHC Bahraich #42,PHC,Bahraich,Uttar Pradesh,10,real_state_totals_synthetic_district_distribution
F01783,PHC Bahraich #43,PHC,Bahraich,Uttar Pradesh,10,real_state_totals_synthetic_district_distribution
F01784,PHC Bahraich #44,PHC,Bahraich,Uttar Pradesh,7,real_state_totals_synthetic_district_distribution
F01785,PHC Bahraich #45,PHC,Bahraich,Uttar Pradesh,4,real_state_totals_synthetic_district_distribution
F01786,PHC Bahraich #46,PHC,Bahraich,Uttar Pradesh,9,real_state_totals_synthetic_district_distribution
F01787,PHC Bahraich #47,PHC,Bahraich,Uttar Pradesh,5,real_state_totals_synthetic_district_distribution
F01788,PHC Bahraich #48,PHC,Bahraich,Uttar Pradesh,9,real_state_totals_synthetic_district_distribution
F01789,PHC Bahraich #49,PHC,Bahraich,Uttar Pradesh,9,real_state_totals_synthetic_district_distribution
F01790,PHC Bahraich #50,PHC,Bahraich,Uttar Pradesh,8,real_state_totals_synthetic_district_distribution
F01791,PHC Bahraich #51,PHC,Bahraich,Uttar Pradesh,4,real_state_totals_synthetic_district_distribution
F01792,PHC Bahraich #52,PHC,Bahraich,Uttar Pradesh,4,real_state_totals_synthetic_district_distribution
F01793,PHC Bahraich #53,PHC,Bahraich,Uttar Pradesh,10,real_state_totals_synthetic_district_distribution
F01794,PHC Bahraich #54,PHC,Bahraich,Uttar Pradesh,6,real_state_totals_synthetic_district_distribution
F01795,PHC Bahraich #55,PHC,Bahraich,Uttar Pradesh,5,real_state_totals_synthetic_district_distribution
F01796,PHC Bahraich #56,PHC,Bahraich,Uttar Pradesh,5,real_state_totals_synthetic_district_distribution
F01797,PHC Bahraich #57,PHC,Bahraich,Uttar Pradesh,10,real_state_totals_synthetic_district_distribution
F01798,PHC Bahraich #58,PHC,Bahraich,Uttar Pradesh,8,real_state_totals_synthetic_district_distribution
F01799,PHC Bahraich #59,PHC,Bahraich,Uttar Pradesh,5,real_state_totals_synthetic_district_distribution
F01800,PHC Bahraich #60,PHC,Bahraich,Uttar Pradesh,4,real_state_totals_synthetic_district_distribution
F01801,PHC Bahraich #61,PHC,Bahraich,Uttar Pradesh,10,real_state_totals_synthetic_district_distribution
F01802,PHC Bahraich #62,PHC,Bahraich,Uttar Pradesh,10,real_state_totals_synthetic_district_distribution
F01803,PHC Bahraich #63,PHC,Bahraich,Uttar Pradesh,8,real_state_totals_synthetic_district_distribution
F01804,PHC Bahraich #64,PHC,Bahraich,Uttar Pradesh,5,real_state_totals_synthetic_district_distribution
F01805,PHC Bahraich #65,PHC,Bahraich,Uttar Pradesh,8,real_state_totals_synthetic_district_distribution
F01806,PHC Bahraich #66,PHC,Bahraich,Uttar Pradesh,5,real_state_totals_synthetic_district_distribution
F01807,PHC Bahraich #67,PHC,Bahraich,Uttar Pradesh,10,real_state_totals_synthetic_district_distribution
F01808,PHC Bahraich #68,PHC,Bahraich,Uttar Pradesh,10,real_state_totals_synthetic_district_distribution
F01809,PHC Bahraich #69,PHC,Bahraich,Uttar Pradesh,5,real_state_totals_synthetic_district_distribution
F01810,PHC Bahraich #70,PHC,Bahraich,Uttar Pradesh,6,real_state_totals_synthetic_district_distribution
F01811,PHC Bahraich #71,PHC,Bahraich,Uttar Pradesh,10,real_state_totals_synthetic_district_distribution
F01812,PHC Bahraich #72,PHC,Bahraich,Uttar Pradesh,5,real_state_totals_synthetic_district_distribution
F01813,PHC Bahraich #73,PHC,Bahraich,Uttar Pradesh,10,real_state_totals_synthetic_district_distribution
F01814,PHC Bahraich #74,PHC,Bahraich,Uttar Pradesh,8,real_state_totals_synthetic_district_distribution
F01815,PHC Bahraich #75,PHC,Bahraich,Uttar Pradesh,4,real_state_totals_synthetic_district_distribution
F01816,PHC Bahraich #76,PHC,Bahraich,Uttar Pradesh,6,real_state_totals_synthetic_district_distribution
F01817,PHC Bahraich #77,PHC,Bahraich,Uttar Pradesh,10,real_state_totals_synthetic_district_distribution
F01818,PHC Bahraich #78,PHC,Bahraich,Uttar Pradesh,5,real_state_totals_synthetic_district_distribution
F01819,PHC Bahraich #79,PHC,Bahraich,Uttar Pradesh,5,real_state_totals_synthetic_district_distribution
F01820,PHC Bahraich #80,PHC,Bahraich,Uttar Pradesh,8,real_state_totals_synthetic_district_distribution
F01821,PHC Bahraich #81,PHC,Bahraich,Uttar Pradesh,6,real_state_totals_synthetic_district_distribution
F01822,PHC Bahraich #82,PHC,Bahraich,Uttar Pradesh,10,real_state_totals_synthetic_district_distribution
F01823,PHC Bahraich #83,PHC,Bahraich,Uttar Pradesh,5,real_state_totals_synthetic_district_distribution
F01824,PHC Bahraich #84,PHC,Bahraich,Uttar Pradesh,4,real_state_totals_synthetic_district_distribution
F01825,PHC Bahraich #85,PHC,Bahraich,Uttar Pradesh,9,real_state_totals_synthetic_district_distribution
F01826,PHC Bahraich #86,PHC,Bahraich,Uttar Pradesh,10,real_state_totals_synthetic_district_distribution
F01827,PHC Bahraich #87,PHC,Bahraich,Uttar Pradesh,4,real_state_totals_synthetic_district_distribution
F01828,PHC Bahraich #88,PHC,Bahraich,Uttar Pradesh,5,real_state_totals_synthetic_district_distribution
F01829,PHC Bahraich #89,PHC,Bahraich,Uttar Pradesh,4,real_state_totals_synthetic_district_distribution
F01830,PHC Bahraich #90,PHC,Bahraich,Uttar Pradesh,6,real_state_totals_synthetic_district_distribution
F01831,PHC Bahraich #91,PHC,Bahraich,Uttar Pradesh,10,real_state_totals_synthetic_district_distribution
F01832,PHC Bahraich #92,PHC,Bahraich,Uttar Pradesh,10,real_state_totals_synthetic_district_distribution
F01833,PHC Bahraich #93,PHC,Bahraich,Uttar Pradesh,5,real_state_totals_synthetic_district_distribution
F01834,PHC Bahraich #94,PHC,Bahraich,Uttar Pradesh,8,real_state_totals_synthetic_district_distribution
F01835,PHC Bahraich #95,PHC,Bahraich,Uttar Pradesh,6,real_state_totals_synthetic_district_distribution
F01836,PHC Bahraich #96,PHC,Bahraich,Uttar Pradesh,4,real_state_totals_synthetic_district_distribution
F01837,PHC Bahraich #97,PHC,Bahraich,Uttar Pradesh,5,real_state_totals_synthetic_district_distribution
F01838,PHC Bahraich #98,PHC,Bahraich,Uttar Pradesh,6,real_state_totals_synthetic_district_distribution
F01839,PHC Bahraich #99,PHC,Bahraich,Uttar Pradesh,4,real_state_totals_synthetic_district_distribution
F01840,PHC Bahraich #100,PHC,Bahraich,Uttar Pradesh,5,real_state_totals_synthetic_district_distribution
F01841,PHC Bahraich #101,PHC,Bahraich,Uttar Pradesh,9,real_state_totals_synthetic_district_distribution
F01842,PHC Bahraich #102,PHC,Bahraich,Uttar Pradesh,7,real_state_totals_synthetic_district_distribution
F01843,PHC Bahraich #103,PHC,Bahraich,Uttar Pradesh,8,real_state_totals_synthetic_district_distribution
F01844,PHC Bahraich #104,PHC,Bahraich,Uttar Pradesh,4,real_state_totals_synthetic_district_distribution
F01845,PHC Bahraich #105,PHC,Bahraich,Uttar Pradesh,9,real_state_totals_synthetic_district_distribution
F01846,PHC Bahraich #106,PHC,Bahraich,Uttar Pradesh,4,real_state_totals_synthetic_district_distribution
F01847,PHC Bahraich #107,PHC,Bahraich,Uttar Pradesh,7,real_state_totals_synthetic_district_distribution
F01848,PHC Bahraich #108,PHC,Bahraich,Uttar Pradesh,7,real_state_totals_synthetic_district_distribution
F01849,PHC Bahraich #109,PHC,Bahraich,Uttar Pradesh,10,real_state_totals_synthetic_district_distribution
F01850,PHC Bahraich #110,PHC,Bahraich,Uttar Pradesh,6,real_state_totals_synthetic_district_distribution
F01851,PHC Bahraich #111,PHC,Bahraich,Uttar Pradesh,8,real_state_totals_synthetic_district_distribution
F01852,PHC Bahraich #112,PHC,Bahraich,Uttar Pradesh,8,real_state_totals_synthetic_district_distribution
F01853,PHC Bahraich #113,PHC,Bahraich,Uttar Pradesh,4,real_state_totals_synthetic_district_distribution
F01854,PHC Bahraich #114,PHC,Bahraich,Uttar Pradesh,7,real_state_totals_synthetic_district_distribution
F01855,PHC Bahraich #115,PHC,Bahraich,Uttar Pradesh,8,real_state_totals_synthetic_district_distribution
F01856,PHC Bahraich #116,PHC,Bahraich,Uttar Pradesh,5,real_state_totals_synthetic_district_distribution
F01857,PHC Bahraich #117,PHC,Bahraich,Uttar Pradesh,8,real_state_totals_synthetic_district_distribution
F01858,PHC Bahraich #118,PHC,Bahraich,Uttar Pradesh,4,real_state_totals_synthetic_district_distribution
F01859,PHC Bahraich #119,PHC,Bahraich,Uttar Pradesh,9,real_state_totals_synthetic_district_distribution
F01860,PHC Bahraich #120,PHC,Bahraich,Uttar Pradesh,10,real_state_totals_synthetic_district_distribution
F01861,PHC Bahraich #121,PHC,Bahraich,Uttar Pradesh,10,real_state_totals_synthetic_district_distribution
F01862,PHC Bahraich #122,PHC,Bahraich,Uttar Pradesh,9,real_state_totals_synthetic_district_distribution
F01863,PHC Bahraich #123,PHC,Bahraich,Uttar Pradesh,8,real_state_totals_synthetic_district_distribution
F01864,PHC Bahraich #124,PHC,Bahraich,Uttar Pradesh,6,real_state_totals_synthetic_district_distribution
F01865,PHC Bahraich #125,PHC,Bahraich,Uttar Pradesh,7,real_state_totals_synthetic_district_distribution
F01866,PHC Bahraich #126,PHC,Bahraich,Uttar Pradesh,9,real_state_totals_synthetic_district_distribution
F01867,PHC Bahraich #127,PHC,Bahraich,Uttar Pradesh,4,real_state_totals_synthetic_district_distribution
F01868,PHC Bahraich #128,PHC,Bahraich,Uttar Pradesh,4,real_state_totals_synthetic_district_distribution
F01869,PHC Bahraich #129,PHC,Bahraich,Uttar Pradesh,7,real_state_totals_synthetic_district_distribution
F01870,PHC Bahraich #130,PHC,Bahraich,Uttar Pradesh,10,real_state_totals_synthetic_district_distribution
F01871,PHC Bahraich #131,PHC,Bahraich,Uttar Pradesh,7,real_state_totals_synthetic_district_distribution
F01872,PHC Bahraich #132,PHC,Bahraich,Uttar Pradesh,7,real_state_totals_synthetic_district_distribution
F01873,PHC Bahraich #133,PHC,Bahraich,Uttar Pradesh,9,real_state_totals_synthetic_district_distribution
F01874,PHC Bahraich #134,PHC,Bahraich,Uttar Pradesh,4,real_state_totals_synthetic_district_distribution
F01875,PHC Bahraich #135,PHC,Bahraich,Uttar Pradesh,7,real_state_totals_synthetic_district_distribution
F01876,PHC Bahraich #136,PHC,Bahraich,Uttar Pradesh,9,real_state_totals_synthetic_district_distribution
F01877,PHC Bahraich #137,PHC,Bahraich,Uttar Pradesh,7,real_state_totals_synthetic_district_distribution
F01878,PHC Bahraich #138,PHC,Bahraich,Uttar Pradesh,4,real_state_totals_synthetic_district_distribution
F01879,PHC Bahraich #139,PHC,Bahraich,Uttar Pradesh,4,real_state_totals_synthetic_district_distribution
F01880,PHC Bahraich #140,PHC,Bahraich,Uttar Pradesh,6,real_state_totals_synthetic_district_distribution
F01881,PHC Bahraich #141,PHC,Bahraich,Uttar Pradesh,8,real_state_totals_synthetic_district_distribution
F01882,PHC Bahraich #142,PHC,Bahraich,Uttar Pradesh,5,real_state_totals_synthetic_district_distribution
F01883,CHC Bahraich #1,CHC,Bahraich,Uttar Pradesh,22,real_state_totals_synthetic_district_distribution
F01884,CHC Bahraich #2,CHC,Bahraich,Uttar Pradesh,24,real_state_totals_synthetic_district_distribution
F01885,CHC Bahraich #3,CHC,Bahraich,Uttar Pradesh,28,real_state_totals_synthetic_district_distribution
F01886,CHC Bahraich #4,CHC,Bahraich,Uttar Pradesh,39,real_state_totals_synthetic_district_distribution
F01887,CHC Bahraich #5,CHC,Bahraich,Uttar Pradesh,40,real_state_totals_synthetic_district_distribution
F01888,CHC Bahraich #6,CHC,Bahraich,Uttar Pradesh,38,real_state_totals_synthetic_district_distribution
F01889,CHC Bahraich #7,CHC,Bahraich,Uttar Pradesh,37,real_state_totals_synthetic_district_distribution
F01890,CHC Bahraich #8,CHC,Bahraich,Uttar Pradesh,42,real_state_totals_synthetic_district_distribution
F01891,CHC Bahraich #9,CHC,Bahraich,Uttar Pradesh,30,real_state_totals_synthetic_district_distribution
F01892,CHC Bahraich #10,CHC,Bahraich,Uttar Pradesh,32,real_state_totals_synthetic_district_distribution
F01893,CHC Bahraich #11,CHC,Bahraich,Uttar Pradesh,39,real_state_totals_synthetic_district_distribution
F01894,CHC Bahraich #12,CHC,Bahraich,Uttar Pradesh,36,real_state_totals_synthetic_district_distribution
F01895,CHC Bahraich #13,CHC,Bahraich,Uttar Pradesh,29,real_state_totals_synthetic_district_distribution
F01896,CHC Bahraich #14,CHC,Bahraich,Uttar Pradesh,34,real_state_totals_synthetic_district_distribution
F01897,CHC Bahraich #15,CHC,Bahraich,Uttar Pradesh,36,real_state_totals_synthetic_district_distribution
F01898,CHC Bahraich #16,CHC,Bahraich,Uttar Pradesh,39,real_state_totals_synthetic_district_distribution
F01899,CHC Bahraich #17,CHC,Bahraich,Uttar Pradesh,33,real_state_totals_synthetic_district_distribution
F01900,CHC Bahraich #18,CHC,Bahraich,Uttar Pradesh,23,real_state_totals_synthetic_district_distribution
F01901,CHC Bahraich #19,CHC,Bahraich,Uttar Pradesh,45,real_state_totals_synthetic_district_distribution
F01902,CHC Bahraich #20,CHC,Bahraich,Uttar Pradesh,42,real_state_totals_synthetic_district_distribution
F01903,CHC Bahraich #21,CHC,Bahraich,Uttar Pradesh,23,real_state_totals_synthetic_district_distribution
F01904,CHC Bahraich #22,CHC,Bahraich,Uttar Pradesh,47,real_state_totals_synthetic_district_distribution
F01905,CHC Bahraich #23,CHC,Bahraich,Uttar Pradesh,40,real_state_totals_synthetic_district_distribution
F01906,CHC Bahraich #24,CHC,Bahraich,Uttar Pradesh,40,real_state_totals_synthetic_district_distribution
F01907,District Hospital Bahraich #1,District Hospital,Bahraich,Uttar Pradesh,296,real_state_totals_synthetic_district_distribution
F01908,District Hospital Bahraich #2,District Hospital,Bahraich,Uttar Pradesh,241,real_state_totals_synthetic_district_distribution
F01909,District Hospital Bahraich #3,District Hospital,Bahraich,Uttar Pradesh,284,real_state_totals_synthetic_district_distribution
F01910,District Hospital Bahraich #4,District Hospital,Bahraich,Uttar Pradesh,155,real_state_totals_synthetic_district_distribution
F01911,District Hospital Bahraich #5,District Hospital,Bahraich,Uttar Pradesh,210,real_state_totals_synthetic_district_distribution
F01912,District Hospital Bahraich #6,District Hospital,Bahraich,Uttar Pradesh,215,real_state_totals_synthetic_district_distribution
F01913,District Hospital Bahraich #7,District Hospital,Bahraich,Uttar Pradesh,158,real_state_totals_synthetic_district_distribution
F01914,PHC Budaun #1,PHC,Budaun,Uttar Pradesh,7,real_state_totals_synthetic_district_distribution
F01915,PHC Budaun #2,PHC,Budaun,Uttar Pradesh,6,real_state_totals_synthetic_district_distribution
F01916,PHC Budaun #3,PHC,Budaun,Uttar Pradesh,10,real_state_totals_synthetic_district_distribution
F01917,PHC Budaun #4,PHC,Budaun,Uttar Pradesh,7,real_state_totals_synthetic_district_distribution
F01918,PHC Budaun #5,PHC,Budaun,Uttar Pradesh,7,real_state_totals_synthetic_district_distribution
F01919,PHC Budaun #6,PHC,Budaun,Uttar Pradesh,7,real_state_totals_synthetic_district_distribution
F01920,PHC Budaun #7,PHC,Budaun,Uttar Pradesh,9,real_state_totals_synthetic_district_distribution
F01921,PHC Budaun #8,PHC,Budaun,Uttar Pradesh,4,real_state_totals_synthetic_district_distribution
F01922,PHC Budaun #9,PHC,Budaun,Uttar Pradesh,6,real_state_totals_synthetic_district_distribution
F01923,PHC Budaun #10,PHC,Budaun,Uttar Pradesh,7,real_state_totals_synthetic_district_distribution
F01924,PHC Budaun #11,PHC,Budaun,Uttar Pradesh,6,real_state_totals_synthetic_district_distribution
F01925,PHC Budaun #12,PHC,Budaun,Uttar Pradesh,9,real_state_totals_synthetic_district_distribution
F01926,PHC Budaun #13,PHC,Budaun,Uttar Pradesh,6,real_state_totals_synthetic_district_distribution
F01927,PHC Budaun #14,PHC,Budaun,Uttar Pradesh,6,real_state_totals_synthetic_district_distribution
F01928,PHC Budaun #15,PHC,Budaun,Uttar Pradesh,5,real_state_totals_synthetic_district_distribution
F01929,PHC Budaun #16,PHC,Budaun,Uttar Pradesh,9,real_state_totals_synthetic_district_distribution
F01930,PHC Budaun #17,PHC,Budaun,Uttar Pradesh,7,real_state_totals_synthetic_district_distribution
F01931,PHC Budaun #18,PHC,Budaun,Uttar Pradesh,4,real_state_totals_synthetic_district_distribution
F01932,PHC Budaun #19,PHC,Budaun,Uttar Pradesh,4,real_state_totals_synthetic_district_distribution
F01933,PHC Budaun #20,PHC,Budaun,Uttar Pradesh,10,real_state_totals_synthetic_district_distribution
F01934,PHC Budaun #21,PHC,Budaun,Uttar Pradesh,4,real_state_totals_synthetic_district_distribution
F01935,PHC Budaun #22,PHC,Budaun,Uttar Pradesh,4,real_state_totals_synthetic_district_distribution
F01936,PHC Budaun #23,PHC,Budaun,Uttar Pradesh,7,real_state_totals_synthetic_district_distribution
F01937,PHC Budaun #24,PHC,Budaun,Uttar Pradesh,4,real_state_totals_synthetic_district_distribution
F01938,PHC Budaun #25,PHC,Budaun,Uttar Pradesh,9,real_state_totals_synthetic_district_distribution
F01939,PHC Budaun #26,PHC,Budaun,Uttar Pradesh,9,real_state_totals_synthetic_district_distribution
F01940,PHC Budaun #27,PHC,Budaun,Uttar Pradesh,6,real_state_totals_synthetic_district_distribution
F01941,PHC Budaun #28,PHC,Budaun,Uttar Pradesh,10,real_state_totals_synthetic_district_distribution
F01942,PHC Budaun #29,PHC,Budaun,Uttar Pradesh,5,real_state_totals_synthetic_district_distribution
F01943,PHC Budaun #30,PHC,Budaun,Uttar Pradesh,8,real_state_totals_synthetic_district_distribution
F01944,PHC Budaun #31,PHC,Budaun,Uttar Pradesh,4,real_state_totals_synthetic_district_distribution
F01945,PHC Budaun #32,PHC,Budaun,Uttar Pradesh,8,real_state_totals_synthetic_district_distribution
F01946,PHC Budaun #33,PHC,Budaun,Uttar Pradesh,8,real_state_totals_synthetic_district_distribution
F01947,PHC Budaun #34,PHC,Budaun,Uttar Pradesh,8,real_state_totals_synthetic_district_distribution
F01948,PHC Budaun #35,PHC,Budaun,Uttar Pradesh,6,real_state_totals_synthetic_district_distribution
F01949,PHC Budaun #36,PHC,Budaun,Uttar Pradesh,9,real_state_totals_synthetic_district_distribution
F01950,PHC Budaun #37,PHC,Budaun,Uttar Pradesh,4,real_state_totals_synthetic_district_distribution
F01951,PHC Budaun #38,PHC,Budaun,Uttar Pradesh,7,real_state_totals_synthetic_district_distribution
F01952,PHC Budaun #39,PHC,Budaun,Uttar Pradesh,6,real_state_totals_synthetic_district_distribution
F01953,PHC Budaun #40,PHC,Budaun,Uttar Pradesh,10,real_state_totals_synthetic_district_distribution
F01954,PHC Budaun #41,PHC,Budaun,Uttar Pradesh,9,real_state_totals_synthetic_district_distribution
F01955,PHC Budaun #42,PHC,Budaun,Uttar Pradesh,10,real_state_totals_synthetic_district_distribution
F01956,PHC Budaun #43,PHC,Budaun,Uttar Pradesh,7,real_state_totals_synthetic_district_distribution
F01957,PHC Budaun #44,PHC,Budaun,Uttar Pradesh,10,real_state_totals_synthetic_district_distribution
F01958,PHC Budaun #45,PHC,Budaun,Uttar Pradesh,9,real_state_totals_synthetic_district_distribution
F01959,PHC Budaun #46,PHC,Budaun,Uttar Pradesh,4,real_state_totals_synthetic_district_distribution
F01960,PHC Budaun #47,PHC,Budaun,Uttar Pradesh,6,real_state_totals_synthetic_district_distribution
F01961,PHC Budaun #48,PHC,Budaun,Uttar Pradesh,8,real_state_totals_synthetic_district_distribution
F01962,PHC Budaun #49,PHC,Budaun,Uttar Pradesh,6,real_state_totals_synthetic_district_distribution
F01963,PHC Budaun #50,PHC,Budaun,Uttar Pradesh,6,real_state_totals_synthetic_district_distribution
F01964,PHC Budaun #51,PHC,Budaun,Uttar Pradesh,4,real_state_totals_synthetic_district_distribution
F01965,PHC Budaun #52,PHC,Budaun,Uttar Pradesh,8,real_state_totals_synthetic_district_distribution
F01966,PHC Budaun #53,PHC,Budaun,Uttar Pradesh,8,real_state_totals_synthetic_district_distribution
F01967,PHC Budaun #54,PHC,Budaun,Uttar Pradesh,5,real_state_totals_synthetic_district_distribution
F01968,PHC Budaun #55,PHC,Budaun,Uttar Pradesh,5,real_state_totals_synthetic_district_distribution
F01969,PHC Budaun #56,PHC,Budaun,Uttar Pradesh,9,real_state_totals_synthetic_district_distribution
F01970,PHC Budaun #57,PHC,Budaun,Uttar Pradesh,7,real_state_totals_synthetic_district_distribution
F01971,PHC Budaun #58,PHC,Budaun,Uttar Pradesh,5,real_state_totals_synthetic_district_distribution
F01972,PHC Budaun #59,PHC,Budaun,Uttar Pradesh,10,real_state_totals_synthetic_district_distribution
F01973,PHC Budaun #60,PHC,Budaun,Uttar Pradesh,4,real_state_totals_synthetic_district_distribution
F01974,PHC Budaun #61,PHC,Budaun,Uttar Pradesh,6,real_state_totals_synthetic_district_distribution
F01975,PHC Budaun #62,PHC,Budaun,Uttar Pradesh,10,real_state_totals_synthetic_district_distribution
F01976,PHC Budaun #63,PHC,Budaun,Uttar Pradesh,8,real_state_totals_synthetic_district_distribution
F01977,PHC Budaun #64,PHC,Budaun,Uttar Pradesh,6,real_state_totals_synthetic_district_distribution
F01978,PHC Budaun #65,PHC,Budaun,Uttar Pradesh,4,real_state_totals_synthetic_district_distribution
F01979,PHC Budaun #66,PHC,Budaun,Uttar Pradesh,10,real_state_totals_synthetic_district_distribution
F01980,PHC Budaun #67,PHC,Budaun,Uttar Pradesh,6,real_state_totals_synthetic_district_distribution
F01981,PHC Budaun #68,PHC,Budaun,Uttar Pradesh,8,real_state_totals_synthetic_district_distribution
F01982,PHC Budaun #69,PHC,Budaun,Uttar Pradesh,5,real_state_totals_synthetic_district_distribution
F01983,PHC Budaun #70,PHC,Budaun,Uttar Pradesh,10,real_state_totals_synthetic_district_distribution
F01984,PHC Budaun #71,PHC,Budaun,Uttar Pradesh,7,real_state_totals_synthetic_district_distribution
F01985,PHC Budaun #72,PHC,Budaun,Uttar Pradesh,10,real_state_totals_synthetic_district_distribution
F01986,PHC Budaun #73,PHC,Budaun,Uttar Pradesh,8,real_state_totals_synthetic_district_distribution
F01987,PHC Budaun #74,PHC,Budaun,Uttar Pradesh,10,real_state_totals_synthetic_district_distribution
F01988,PHC Budaun #75,PHC,Budaun,Uttar Pradesh,10,real_state_totals_synthetic_district_distribution
F01989,PHC Budaun #76,PHC,Budaun,Uttar Pradesh,8,real_state_totals_synthetic_district_distribution
F01990,PHC Budaun #77,PHC,Budaun,Uttar Pradesh,8,real_state_totals_synthetic_district_distribution
F01991,PHC Budaun #78,PHC,Budaun,Uttar Pradesh,9,real_state_totals_synthetic_district_distribution
F01992,PHC Budaun #79,PHC,Budaun,Uttar Pradesh,9,real_state_totals_synthetic_district_distribution
F01993,PHC Budaun #80,PHC,Budaun,Uttar Pradesh,8,real_state_totals_synthetic_district_distribution
F01994,PHC Budaun #81,PHC,Budaun,Uttar Pradesh,4,real_state_totals_synthetic_district_distribution
F01995,PHC Budaun #82,PHC,Budaun,Uttar Pradesh,8,real_state_totals_synthetic_district_distribution
F01996,PHC Budaun #83,PHC,Budaun,Uttar Pradesh,9,real_state_totals_synthetic_district_distribution
F01997,PHC Budaun #84,PHC,Budaun,Uttar Pradesh,10,real_state_totals_synthetic_district_distribution
F01998,PHC Budaun #85,PHC,Budaun,Uttar Pradesh,9,real_state_totals_synthetic_district_distribution
F01999,PHC Budaun #86,PHC,Budaun,Uttar Pradesh,6,real_state_totals_synthetic_district_distribution
F02000,PHC Budaun #87,PHC,Budaun,Uttar Pradesh,4,real_state_totals_synthetic_district_distribution
F02001,PHC Budaun #88,PHC,Budaun,Uttar Pradesh,5,real_state_totals_synthetic_district_distribution
F02002,PHC Budaun #89,PHC,Budaun,Uttar Pradesh,6,real_state_totals_synthetic_district_distribution
F02003,PHC Budaun #90,PHC,Budaun,Uttar Pradesh,9,real_state_totals_synthetic_district_distribution
F02004,PHC Budaun #91,PHC,Budaun,Uttar Pradesh,10,real_state_totals_synthetic_district_distribution
F02005,PHC Budaun #92,PHC,Budaun,Uttar Pradesh,6,real_state_totals_synthetic_district_distribution
F02006,PHC Budaun #93,PHC,Budaun,Uttar Pradesh,6,real_state_totals_synthetic_district_distribution
F02007,PHC Budaun #94,PHC,Budaun,Uttar Pradesh,6,real_state_totals_synthetic_district_distribution
F02008,PHC Budaun #95,PHC,Budaun,Uttar Pradesh,4,real_state_totals_synthetic_district_distribution
F02009,PHC Budaun #96,PHC,Budaun,Uttar Pradesh,5,real_state_totals_synthetic_district_distribution
F02010,PHC Budaun #97,PHC,Budaun,Uttar Pradesh,10,real_state_totals_synthetic_district_distribution
F02011,PHC Budaun #98,PHC,Budaun,Uttar Pradesh,5,real_state_totals_synthetic_district_distribution
F02012,PHC Budaun #99,PHC,Budaun,Uttar Pradesh,8,real_state_totals_synthetic_district_distribution
F02013,PHC Budaun #100,PHC,Budaun,Uttar Pradesh,9,real_state_totals_synthetic_district_distribution
F02014,PHC Budaun #101,PHC,Budaun,Uttar Pradesh,7,real_state_totals_synthetic_district_distribution
F02015,PHC Budaun #102,PHC,Budaun,Uttar Pradesh,4,real_state_totals_synthetic_district_distribution
F02016,PHC Budaun #103,PHC,Budaun,Uttar Pradesh,5,real_state_totals_synthetic_district_distribution
F02017,PHC Budaun #104,PHC,Budaun,Uttar Pradesh,9,real_state_totals_synthetic_district_distribution
F02018,PHC Budaun #105,PHC,Budaun,Uttar Pradesh,9,real_state_totals_synthetic_district_distribution
F02019,PHC Budaun #106,PHC,Budaun,Uttar Pradesh,4,real_state_totals_synthetic_district_distribution
F02020,PHC Budaun #107,PHC,Budaun,Uttar Pradesh,4,real_state_totals_synthetic_district_distribution
F02021,PHC Budaun #108,PHC,Budaun,Uttar Pradesh,9,real_state_totals_synthetic_district_distribution
F02022,PHC Budaun #109,PHC,Budaun,Uttar Pradesh,8,real_state_totals_synthetic_district_distribution
F02023,PHC Budaun #110,PHC,Budaun,Uttar Pradesh,5,real_state_totals_synthetic_district_distribution
F02024,PHC Budaun #111,PHC,Budaun,Uttar Pradesh,7,real_state_totals_synthetic_district_distribution
F02025,PHC Budaun #112,PHC,Budaun,Uttar Pradesh,7,real_state_totals_synthetic_district_distribution
F02026,PHC Budaun #113,PHC,Budaun,Uttar Pradesh,7,real_state_totals_synthetic_district_distribution
F02027,PHC Budaun #114,PHC,Budaun,Uttar Pradesh,6,real_state_totals_synthetic_district_distribution
F02028,PHC Budaun #115,PHC,Budaun,Uttar Pradesh,5,real_state_totals_synthetic_district_distribution
F02029,PHC Budaun #116,PHC,Budaun,Uttar Pradesh,6,real_state_totals_synthetic_district_distribution
F02030,PHC Budaun #117,PHC,Budaun,Uttar Pradesh,6,real_state_totals_synthetic_district_distribution
F02031,PHC Budaun #118,PHC,Budaun,Uttar Pradesh,9,real_state_totals_synthetic_district_distribution
F02032,PHC Budaun #119,PHC,Budaun,Uttar Pradesh,6,real_state_totals_synthetic_district_distribution
F02033,PHC Budaun #120,PHC,Budaun,Uttar Pradesh,10,real_state_totals_synthetic_district_distribution
F02034,PHC Budaun #121,PHC,Budaun,Uttar Pradesh,8,real_state_totals_synthetic_district_distribution
F02035,PHC Budaun #122,PHC,Budaun,Uttar Pradesh,8,real_state_totals_synthetic_district_distribution
F02036,PHC Budaun #123,PHC,Budaun,Uttar Pradesh,4,real_state_totals_synthetic_district_distribution
F02037,PHC Budaun #124,PHC,Budaun,Uttar Pradesh,4,real_state_totals_synthetic_district_distribution
F02038,PHC Budaun #125,PHC,Budaun,Uttar Pradesh,5,real_state_totals_synthetic_district_distribution
F02039,PHC Budaun #126,PHC,Budaun,Uttar Pradesh,5,real_state_totals_synthetic_district_distribution
F02040,PHC Budaun #127,PHC,Budaun,Uttar Pradesh,10,real_state_totals_synthetic_district_distribution
F02041,CHC Budaun #1,CHC,Budaun,Uttar Pradesh,39,real_state_totals_synthetic_district_distribution
F02042,CHC Budaun #2,CHC,Budaun,Uttar Pradesh,21,real_state_totals_synthetic_district_distribution
F02043,CHC Budaun #3,CHC,Budaun,Uttar Pradesh,41,real_state_totals_synthetic_district_distribution
F02044,CHC Budaun #4,CHC,Budaun,Uttar Pradesh,22,real_state_totals_synthetic_district_distribution
F02045,CHC Budaun #5,CHC,Budaun,Uttar Pradesh,28,real_state_totals_synthetic_district_distribution
F02046,CHC Budaun #6,CHC,Budaun,Uttar Pradesh,34,real_state_totals_synthetic_district_distribution
F02047,CHC Budaun #7,CHC,Budaun,Uttar Pradesh,41,real_state_totals_synthetic_district_distribution
F02048,CHC Budaun #8,CHC,Budaun,Uttar Pradesh,33,real_state_totals_synthetic_district_distribution
F02049,CHC Budaun #9,CHC,Budaun,Uttar Pradesh,35,real_state_totals_synthetic_district_distribution
F02050,CHC Budaun #10,CHC,Budaun,Uttar Pradesh,39,real_state_totals_synthetic_district_distribution
F02051,CHC Budaun #11,CHC,Budaun,Uttar Pradesh,34,real_state_totals_synthetic_district_distribution
F02052,CHC Budaun #12,CHC,Budaun,Uttar Pradesh,33,real_state_totals_synthetic_district_distribution
F02053,CHC Budaun #13,CHC,Budaun,Uttar Pradesh,28,real_state_totals_synthetic_district_distribution
F02054,CHC Budaun #14,CHC,Budaun,Uttar Pradesh,26,real_state_totals_synthetic_district_distribution
F02055,CHC Budaun #15,CHC,Budaun,Uttar Pradesh,44,real_state_totals_synthetic_district_distribution
F02056,CHC Budaun #16,CHC,Budaun,Uttar Pradesh,36,real_state_totals_synthetic_district_distribution
F02057,CHC Budaun #17,CHC,Budaun,Uttar Pradesh,23,real_state_totals_synthetic_district_distribution
F02058,CHC Budaun #18,CHC,Budaun,Uttar Pradesh,31,real_state_totals_synthetic_district_distribution
F02059,CHC Budaun #19,CHC,Budaun,Uttar Pradesh,33,real_state_totals_synthetic_district_distribution
F02060,CHC Budaun #20,CHC,Budaun,Uttar Pradesh,23,real_state_totals_synthetic_district_distribution
F02061,CHC Budaun #21,CHC,Budaun,Uttar Pradesh,29,real_state_totals_synthetic_district_distribution
F02062,District Hospital Budaun #1,District Hospital,Budaun,Uttar Pradesh,273,real_state_totals_synthetic_district_distribution
F02063,District Hospital Budaun #2,District Hospital,Budaun,Uttar Pradesh,273,real_state_totals_synthetic_district_distribution
F02064,District Hospital Budaun #3,District Hospital,Budaun,Uttar Pradesh,251,real_state_totals_synthetic_district_distribution
F02065,District Hospital Budaun #4,District Hospital,Budaun,Uttar Pradesh,224,real_state_totals_synthetic_district_distribution
F02066,District Hospital Budaun #5,District Hospital,Budaun,Uttar Pradesh,234,real_state_totals_synthetic_district_distribution
F02067,District Hospital Budaun #6,District Hospital,Budaun,Uttar Pradesh,270,real_state_totals_synthetic_district_distribution
F02068,PHC Jhansi #1,PHC,Jhansi,Uttar Pradesh,6,real_state_totals_synthetic_district_distribution
F02069,PHC Jhansi #2,PHC,Jhansi,Uttar Pradesh,4,real_state_totals_synthetic_district_distribution
F02070,PHC Jhansi #3,PHC,Jhansi,Uttar Pradesh,5,real_state_totals_synthetic_district_distribution
F02071,PHC Jhansi #4,PHC,Jhansi,Uttar Pradesh,7,real_state_totals_synthetic_district_distribution
F02072,PHC Jhansi #5,PHC,Jhansi,Uttar Pradesh,8,real_state_totals_synthetic_district_distribution
F02073,PHC Jhansi #6,PHC,Jhansi,Uttar Pradesh,4,real_state_totals_synthetic_district_distribution
F02074,PHC Jhansi #7,PHC,Jhansi,Uttar Pradesh,4,real_state_totals_synthetic_district_distribution
F02075,PHC Jhansi #8,PHC,Jhansi,Uttar Pradesh,5,real_state_totals_synthetic_district_distribution
F02076,PHC Jhansi #9,PHC,Jhansi,Uttar Pradesh,6,real_state_totals_synthetic_district_distribution
F02077,PHC Jhansi #10,PHC,Jhansi,Uttar Pradesh,5,real_state_totals_synthetic_district_distribution
F02078,PHC Jhansi #11,PHC,Jhansi,Uttar Pradesh,10,real_state_totals_synthetic_district_distribution
F02079,PHC Jhansi #12,PHC,Jhansi,Uttar Pradesh,5,real_state_totals_synthetic_district_distribution
F02080,PHC Jhansi #13,PHC,Jhansi,Uttar Pradesh,10,real_state_totals_synthetic_district_distribution
F02081,PHC Jhansi #14,PHC,Jhansi,Uttar Pradesh,6,real_state_totals_synthetic_district_distribution
F02082,PHC Jhansi #15,PHC,Jhansi,Uttar Pradesh,6,real_state_totals_synthetic_district_distribution
F02083,PHC Jhansi #16,PHC,Jhansi,Uttar Pradesh,6,real_state_totals_synthetic_district_distribution
F02084,PHC Jhansi #17,PHC,Jhansi,Uttar Pradesh,4,real_state_totals_synthetic_district_distribution
F02085,PHC Jhansi #18,PHC,Jhansi,Uttar Pradesh,4,real_state_totals_synthetic_district_distribution
F02086,PHC Jhansi #19,PHC,Jhansi,Uttar Pradesh,7,real_state_totals_synthetic_district_distribution
F02087,PHC Jhansi #20,PHC,Jhansi,Uttar Pradesh,9,real_state_totals_synthetic_district_distribution
F02088,PHC Jhansi #21,PHC,Jhansi,Uttar Pradesh,7,real_state_totals_synthetic_district_distribution
F02089,PHC Jhansi #22,PHC,Jhansi,Uttar Pradesh,5,real_state_totals_synthetic_district_distribution
F02090,PHC Jhansi #23,PHC,Jhansi,Uttar Pradesh,5,real_state_totals_synthetic_district_distribution
F02091,PHC Jhansi #24,PHC,Jhansi,Uttar Pradesh,7,real_state_totals_synthetic_district_distribution
F02092,PHC Jhansi #25,PHC,Jhansi,Uttar Pradesh,8,real_state_totals_synthetic_district_distribution
F02093,PHC Jhansi #26,PHC,Jhansi,Uttar Pradesh,9,real_state_totals_synthetic_district_distribution
F02094,PHC Jhansi #27,PHC,Jhansi,Uttar Pradesh,5,real_state_totals_synthetic_district_distribution
F02095,PHC Jhansi #28,PHC,Jhansi,Uttar Pradesh,8,real_state_totals_synthetic_district_distribution
F02096,PHC Jhansi #29,PHC,Jhansi,Uttar Pradesh,8,real_state_totals_synthetic_district_distribution
F02097,PHC Jhansi #30,PHC,Jhansi,Uttar Pradesh,10,real_state_totals_synthetic_district_distribution
F02098,PHC Jhansi #31,PHC,Jhansi,Uttar Pradesh,9,real_state_totals_synthetic_district_distribution
F02099,PHC Jhansi #32,PHC,Jhansi,Uttar Pradesh,10,real_state_totals_synthetic_district_distribution
F02100,PHC Jhansi #33,PHC,Jhansi,Uttar Pradesh,6,real_state_totals_synthetic_district_distribution
F02101,PHC Jhansi #34,PHC,Jhansi,Uttar Pradesh,4,real_state_totals_synthetic_district_distribution
F02102,PHC Jhansi #35,PHC,Jhansi,Uttar Pradesh,7,real_state_totals_synthetic_district_distribution
F02103,PHC Jhansi #36,PHC,Jhansi,Uttar Pradesh,10,real_state_totals_synthetic_district_distribution
F02104,PHC Jhansi #37,PHC,Jhansi,Uttar Pradesh,9,real_state_totals_synthetic_district_distribution
F02105,PHC Jhansi #38,PHC,Jhansi,Uttar Pradesh,4,real_state_totals_synthetic_district_distribution
F02106,PHC Jhansi #39,PHC,Jhansi,Uttar Pradesh,7,real_state_totals_synthetic_district_distribution
F02107,PHC Jhansi #40,PHC,Jhansi,Uttar Pradesh,4,real_state_totals_synthetic_district_distribution
F02108,PHC Jhansi #41,PHC,Jhansi,Uttar Pradesh,7,real_state_totals_synthetic_district_distribution
F02109,PHC Jhansi #42,PHC,Jhansi,Uttar Pradesh,4,real_state_totals_synthetic_district_distribution
F02110,PHC Jhansi #43,PHC,Jhansi,Uttar Pradesh,10,real_state_totals_synthetic_district_distribution
F02111,PHC Jhansi #44,PHC,Jhansi,Uttar Pradesh,6,real_state_totals_synthetic_district_distribution
F02112,PHC Jhansi #45,PHC,Jhansi,Uttar Pradesh,8,real_state_totals_synthetic_district_distribution
F02113,PHC Jhansi #46,PHC,Jhansi,Uttar Pradesh,7,real_state_totals_synthetic_district_distribution
F02114,PHC Jhansi #47,PHC,Jhansi,Uttar Pradesh,8,real_state_totals_synthetic_district_distribution
F02115,PHC Jhansi #48,PHC,Jhansi,Uttar Pradesh,7,real_state_totals_synthetic_district_distribution
F02116,PHC Jhansi #49,PHC,Jhansi,Uttar Pradesh,9,real_state_totals_synthetic_district_distribution
F02117,PHC Jhansi #50,PHC,Jhansi,Uttar Pradesh,9,real_state_totals_synthetic_district_distribution
F02118,PHC Jhansi #51,PHC,Jhansi,Uttar Pradesh,7,real_state_totals_synthetic_district_distribution
F02119,PHC Jhansi #52,PHC,Jhansi,Uttar Pradesh,6,real_state_totals_synthetic_district_distribution
F02120,PHC Jhansi #53,PHC,Jhansi,Uttar Pradesh,4,real_state_totals_synthetic_district_distribution
F02121,PHC Jhansi #54,PHC,Jhansi,Uttar Pradesh,7,real_state_totals_synthetic_district_distribution
F02122,PHC Jhansi #55,PHC,Jhansi,Uttar Pradesh,4,real_state_totals_synthetic_district_distribution
F02123,PHC Jhansi #56,PHC,Jhansi,Uttar Pradesh,6,real_state_totals_synthetic_district_distribution
F02124,PHC Jhansi #57,PHC,Jhansi,Uttar Pradesh,5,real_state_totals_synthetic_district_distribution
F02125,PHC Jhansi #58,PHC,Jhansi,Uttar Pradesh,10,real_state_totals_synthetic_district_distribution
F02126,PHC Jhansi #59,PHC,Jhansi,Uttar Pradesh,8,real_state_totals_synthetic_district_distribution
F02127,PHC Jhansi #60,PHC,Jhansi,Uttar Pradesh,7,real_state_totals_synthetic_district_distribution
F02128,PHC Jhansi #61,PHC,Jhansi,Uttar Pradesh,10,real_state_totals_synthetic_district_distribution
F02129,PHC Jhansi #62,PHC,Jhansi,Uttar Pradesh,9,real_state_totals_synthetic_district_distribution
F02130,PHC Jhansi #63,PHC,Jhansi,Uttar Pradesh,6,real_state_totals_synthetic_district_distribution
F02131,PHC Jhansi #64,PHC,Jhansi,Uttar Pradesh,4,real_state_totals_synthetic_district_distribution
F02132,PHC Jhansi #65,PHC,Jhansi,Uttar Pradesh,7,real_state_totals_synthetic_district_distribution
F02133,PHC Jhansi #66,PHC,Jhansi,Uttar Pradesh,10,real_state_totals_synthetic_district_distribution
F02134,PHC Jhansi #67,PHC,Jhansi,Uttar Pradesh,4,real_state_totals_synthetic_district_distribution
F02135,PHC Jhansi #68,PHC,Jhansi,Uttar Pradesh,5,real_state_totals_synthetic_district_distribution
F02136,PHC Jhansi #69,PHC,Jhansi,Uttar Pradesh,7,real_state_totals_synthetic_district_distribution
F02137,PHC Jhansi #70,PHC,Jhansi,Uttar Pradesh,8,real_state_totals_synthetic_district_distribution
F02138,PHC Jhansi #71,PHC,Jhansi,Uttar Pradesh,7,real_state_totals_synthetic_district_distribution
F02139,PHC Jhansi #72,PHC,Jhansi,Uttar Pradesh,8,real_state_totals_synthetic_district_distribution
F02140,PHC Jhansi #73,PHC,Jhansi,Uttar Pradesh,4,real_state_totals_synthetic_district_distribution
F02141,PHC Jhansi #74,PHC,Jhansi,Uttar Pradesh,7,real_state_totals_synthetic_district_distribution
F02142,PHC Jhansi #75,PHC,Jhansi,Uttar Pradesh,10,real_state_totals_synthetic_district_distribution
F02143,PHC Jhansi #76,PHC,Jhansi,Uttar Pradesh,6,real_state_totals_synthetic_district_distribution
F02144,PHC Jhansi #77,PHC,Jhansi,Uttar Pradesh,9,real_state_totals_synthetic_district_distribution
F02145,PHC Jhansi #78,PHC,Jhansi,Uttar Pradesh,6,real_state_totals_synthetic_district_distribution
F02146,PHC Jhansi #79,PHC,Jhansi,Uttar Pradesh,5,real_state_totals_synthetic_district_distribution
F02147,PHC Jhansi #80,PHC,Jhansi,Uttar Pradesh,6,real_state_totals_synthetic_district_distribution
F02148,PHC Jhansi #81,PHC,Jhansi,Uttar Pradesh,10,real_state_totals_synthetic_district_distribution
F02149,CHC Jhansi #1,CHC,Jhansi,Uttar Pradesh,25,real_state_totals_synthetic_district_distribution
F02150,CHC Jhansi #2,CHC,Jhansi,Uttar Pradesh,22,real_state_totals_synthetic_district_distribution
F02151,CHC Jhansi #3,CHC,Jhansi,Uttar Pradesh,36,real_state_totals_synthetic_district_distribution
F02152,CHC Jhansi #4,CHC,Jhansi,Uttar Pradesh,40,real_state_totals_synthetic_district_distribution
F02153,CHC Jhansi #5,CHC,Jhansi,Uttar Pradesh,23,real_state_totals_synthetic_district_distribution
F02154,CHC Jhansi #6,CHC,Jhansi,Uttar Pradesh,36,real_state_totals_synthetic_district_distribution
F02155,CHC Jhansi #7,CHC,Jhansi,Uttar Pradesh,36,real_state_totals_synthetic_district_distribution
F02156,CHC Jhansi #8,CHC,Jhansi,Uttar Pradesh,26,real_state_totals_synthetic_district_distribution
F02157,CHC Jhansi #9,CHC,Jhansi,Uttar Pradesh,48,real_state_totals_synthetic_district_distribution
F02158,CHC Jhansi #10,CHC,Jhansi,Uttar Pradesh,44,real_state_totals_synthetic_district_distribution
F02159,CHC Jhansi #11,CHC,Jhansi,Uttar Pradesh,31,real_state_totals_synthetic_district_distribution
F02160,CHC Jhansi #12,CHC,Jhansi,Uttar Pradesh,31,real_state_totals_synthetic_district_distribution
F02161,CHC Jhansi #13,CHC,Jhansi,Uttar Pradesh,43,real_state_totals_synthetic_district_distribution
F02162,CHC Jhansi #14,CHC,Jhansi,Uttar Pradesh,50,real_state_totals_synthetic_district_distribution
F02163,District Hospital Jhansi #1,District Hospital,Jhansi,Uttar Pradesh,265,real_state_totals_synthetic_district_distribution
F02164,District Hospital Jhansi #2,District Hospital,Jhansi,Uttar Pradesh,137,real_state_totals_synthetic_district_distribution
F02165,District Hospital Jhansi #3,District Hospital,Jhansi,Uttar Pradesh,160,real_state_totals_synthetic_district_distribution
F02166,District Hospital Jhansi #4,District Hospital,Jhansi,Uttar Pradesh,126,real_state_totals_synthetic_district_distribution
F02167,PHC Ayodhya #1,PHC,Ayodhya,Uttar Pradesh,5,real_state_totals_synthetic_district_distribution
F02168,PHC Ayodhya #2,PHC,Ayodhya,Uttar Pradesh,6,real_state_totals_synthetic_district_distribution
F02169,PHC Ayodhya #3,PHC,Ayodhya,Uttar Pradesh,5,real_state_totals_synthetic_district_distribution
F02170,PHC Ayodhya #4,PHC,Ayodhya,Uttar Pradesh,5,real_state_totals_synthetic_district_distribution
F02171,PHC Ayodhya #5,PHC,Ayodhya,Uttar Pradesh,8,real_state_totals_synthetic_district_distribution
F02172,PHC Ayodhya #6,PHC,Ayodhya,Uttar Pradesh,5,real_state_totals_synthetic_district_distribution
F02173,PHC Ayodhya #7,PHC,Ayodhya,Uttar Pradesh,10,real_state_totals_synthetic_district_distribution
F02174,PHC Ayodhya #8,PHC,Ayodhya,Uttar Pradesh,10,real_state_totals_synthetic_district_distribution
F02175,PHC Ayodhya #9,PHC,Ayodhya,Uttar Pradesh,9,real_state_totals_synthetic_district_distribution
F02176,PHC Ayodhya #10,PHC,Ayodhya,Uttar Pradesh,4,real_state_totals_synthetic_district_distribution
F02177,PHC Ayodhya #11,PHC,Ayodhya,Uttar Pradesh,5,real_state_totals_synthetic_district_distribution
F02178,PHC Ayodhya #12,PHC,Ayodhya,Uttar Pradesh,10,real_state_totals_synthetic_district_distribution
F02179,PHC Ayodhya #13,PHC,Ayodhya,Uttar Pradesh,9,real_state_totals_synthetic_district_distribution
F02180,PHC Ayodhya #14,PHC,Ayodhya,Uttar Pradesh,7,real_state_totals_synthetic_district_distribution
F02181,PHC Ayodhya #15,PHC,Ayodhya,Uttar Pradesh,7,real_state_totals_synthetic_district_distribution
F02182,PHC Ayodhya #16,PHC,Ayodhya,Uttar Pradesh,10,real_state_totals_synthetic_district_distribution
F02183,PHC Ayodhya #17,PHC,Ayodhya,Uttar Pradesh,8,real_state_totals_synthetic_district_distribution
F02184,PHC Ayodhya #18,PHC,Ayodhya,Uttar Pradesh,10,real_state_totals_synthetic_district_distribution
F02185,PHC Ayodhya #19,PHC,Ayodhya,Uttar Pradesh,8,real_state_totals_synthetic_district_distribution
F02186,PHC Ayodhya #20,PHC,Ayodhya,Uttar Pradesh,7,real_state_totals_synthetic_district_distribution
F02187,PHC Ayodhya #21,PHC,Ayodhya,Uttar Pradesh,9,real_state_totals_synthetic_district_distribution
F02188,PHC Ayodhya #22,PHC,Ayodhya,Uttar Pradesh,8,real_state_totals_synthetic_district_distribution
F02189,PHC Ayodhya #23,PHC,Ayodhya,Uttar Pradesh,9,real_state_totals_synthetic_district_distribution
F02190,PHC Ayodhya #24,PHC,Ayodhya,Uttar Pradesh,9,real_state_totals_synthetic_district_distribution
F02191,PHC Ayodhya #25,PHC,Ayodhya,Uttar Pradesh,8,real_state_totals_synthetic_district_distribution
F02192,PHC Ayodhya #26,PHC,Ayodhya,Uttar Pradesh,6,real_state_totals_synthetic_district_distribution
F02193,PHC Ayodhya #27,PHC,Ayodhya,Uttar Pradesh,10,real_state_totals_synthetic_district_distribution
F02194,PHC Ayodhya #28,PHC,Ayodhya,Uttar Pradesh,9,real_state_totals_synthetic_district_distribution
F02195,PHC Ayodhya #29,PHC,Ayodhya,Uttar Pradesh,6,real_state_totals_synthetic_district_distribution
F02196,PHC Ayodhya #30,PHC,Ayodhya,Uttar Pradesh,5,real_state_totals_synthetic_district_distribution
F02197,PHC Ayodhya #31,PHC,Ayodhya,Uttar Pradesh,7,real_state_totals_synthetic_district_distribution
F02198,PHC Ayodhya #32,PHC,Ayodhya,Uttar Pradesh,4,real_state_totals_synthetic_district_distribution
F02199,PHC Ayodhya #33,PHC,Ayodhya,Uttar Pradesh,7,real_state_totals_synthetic_district_distribution
F02200,PHC Ayodhya #34,PHC,Ayodhya,Uttar Pradesh,7,real_state_totals_synthetic_district_distribution
F02201,PHC Ayodhya #35,PHC,Ayodhya,Uttar Pradesh,9,real_state_totals_synthetic_district_distribution
F02202,PHC Ayodhya #36,PHC,Ayodhya,Uttar Pradesh,6,real_state_totals_synthetic_district_distribution
F02203,PHC Ayodhya #37,PHC,Ayodhya,Uttar Pradesh,10,real_state_totals_synthetic_district_distribution
F02204,PHC Ayodhya #38,PHC,Ayodhya,Uttar Pradesh,6,real_state_totals_synthetic_district_distribution
F02205,PHC Ayodhya #39,PHC,Ayodhya,Uttar Pradesh,8,real_state_totals_synthetic_district_distribution
F02206,PHC Ayodhya #40,PHC,Ayodhya,Uttar Pradesh,4,real_state_totals_synthetic_district_distribution
F02207,PHC Ayodhya #41,PHC,Ayodhya,Uttar Pradesh,6,real_state_totals_synthetic_district_distribution
F02208,PHC Ayodhya #42,PHC,Ayodhya,Uttar Pradesh,8,real_state_totals_synthetic_district_distribution
F02209,PHC Ayodhya #43,PHC,Ayodhya,Uttar Pradesh,4,real_state_totals_synthetic_district_distribution
F02210,PHC Ayodhya #44,PHC,Ayodhya,Uttar Pradesh,6,real_state_totals_synthetic_district_distribution
F02211,PHC Ayodhya #45,PHC,Ayodhya,Uttar Pradesh,7,real_state_totals_synthetic_district_distribution
F02212,PHC Ayodhya #46,PHC,Ayodhya,Uttar Pradesh,7,real_state_totals_synthetic_district_distribution
F02213,PHC Ayodhya #47,PHC,Ayodhya,Uttar Pradesh,4,real_state_totals_synthetic_district_distribution
F02214,PHC Ayodhya #48,PHC,Ayodhya,Uttar Pradesh,4,real_state_totals_synthetic_district_distribution
F02215,PHC Ayodhya #49,PHC,Ayodhya,Uttar Pradesh,6,real_state_totals_synthetic_district_distribution
F02216,PHC Ayodhya #50,PHC,Ayodhya,Uttar Pradesh,10,real_state_totals_synthetic_district_distribution
F02217,PHC Ayodhya #51,PHC,Ayodhya,Uttar Pradesh,6,real_state_totals_synthetic_district_distribution
F02218,PHC Ayodhya #52,PHC,Ayodhya,Uttar Pradesh,4,real_state_totals_synthetic_district_distribution
F02219,PHC Ayodhya #53,PHC,Ayodhya,Uttar Pradesh,9,real_state_totals_synthetic_district_distribution
F02220,PHC Ayodhya #54,PHC,Ayodhya,Uttar Pradesh,10,real_state_totals_synthetic_district_distribution
F02221,PHC Ayodhya #55,PHC,Ayodhya,Uttar Pradesh,10,real_state_totals_synthetic_district_distribution
F02222,PHC Ayodhya #56,PHC,Ayodhya,Uttar Pradesh,4,real_state_totals_synthetic_district_distribution
F02223,PHC Ayodhya #57,PHC,Ayodhya,Uttar Pradesh,8,real_state_totals_synthetic_district_distribution
F02224,PHC Ayodhya #58,PHC,Ayodhya,Uttar Pradesh,8,real_state_totals_synthetic_district_distribution
F02225,PHC Ayodhya #59,PHC,Ayodhya,Uttar Pradesh,8,real_state_totals_synthetic_district_distribution
F02226,PHC Ayodhya #60,PHC,Ayodhya,Uttar Pradesh,7,real_state_totals_synthetic_district_distribution
F02227,PHC Ayodhya #61,PHC,Ayodhya,Uttar Pradesh,7,real_state_totals_synthetic_district_distribution
F02228,PHC Ayodhya #62,PHC,Ayodhya,Uttar Pradesh,8,real_state_totals_synthetic_district_distribution
F02229,PHC Ayodhya #63,PHC,Ayodhya,Uttar Pradesh,8,real_state_totals_synthetic_district_distribution
F02230,PHC Ayodhya #64,PHC,Ayodhya,Uttar Pradesh,10,real_state_totals_synthetic_district_distribution
F02231,PHC Ayodhya #65,PHC,Ayodhya,Uttar Pradesh,9,real_state_totals_synthetic_district_distribution
F02232,PHC Ayodhya #66,PHC,Ayodhya,Uttar Pradesh,4,real_state_totals_synthetic_district_distribution
F02233,PHC Ayodhya #67,PHC,Ayodhya,Uttar Pradesh,7,real_state_totals_synthetic_district_distribution
F02234,PHC Ayodhya #68,PHC,Ayodhya,Uttar Pradesh,10,real_state_totals_synthetic_district_distribution
F02235,PHC Ayodhya #69,PHC,Ayodhya,Uttar Pradesh,8,real_state_totals_synthetic_district_distribution
F02236,PHC Ayodhya #70,PHC,Ayodhya,Uttar Pradesh,9,real_state_totals_synthetic_district_distribution
F02237,PHC Ayodhya #71,PHC,Ayodhya,Uttar Pradesh,5,real_state_totals_synthetic_district_distribution
F02238,PHC Ayodhya #72,PHC,Ayodhya,Uttar Pradesh,6,real_state_totals_synthetic_district_distribution
F02239,PHC Ayodhya #73,PHC,Ayodhya,Uttar Pradesh,8,real_state_totals_synthetic_district_distribution
F02240,PHC Ayodhya #74,PHC,Ayodhya,Uttar Pradesh,7,real_state_totals_synthetic_district_distribution
F02241,PHC Ayodhya #75,PHC,Ayodhya,Uttar Pradesh,8,real_state_totals_synthetic_district_distribution
F02242,PHC Ayodhya #76,PHC,Ayodhya,Uttar Pradesh,5,real_state_totals_synthetic_district_distribution
F02243,PHC Ayodhya #77,PHC,Ayodhya,Uttar Pradesh,4,real_state_totals_synthetic_district_distribution
F02244,PHC Ayodhya #78,PHC,Ayodhya,Uttar Pradesh,7,real_state_totals_synthetic_district_distribution
F02245,PHC Ayodhya #79,PHC,Ayodhya,Uttar Pradesh,4,real_state_totals_synthetic_district_distribution
F02246,PHC Ayodhya #80,PHC,Ayodhya,Uttar Pradesh,10,real_state_totals_synthetic_district_distribution
F02247,PHC Ayodhya #81,PHC,Ayodhya,Uttar Pradesh,10,real_state_totals_synthetic_district_distribution
F02248,PHC Ayodhya #82,PHC,Ayodhya,Uttar Pradesh,6,real_state_totals_synthetic_district_distribution
F02249,PHC Ayodhya #83,PHC,Ayodhya,Uttar Pradesh,9,real_state_totals_synthetic_district_distribution
F02250,PHC Ayodhya #84,PHC,Ayodhya,Uttar Pradesh,4,real_state_totals_synthetic_district_distribution
F02251,PHC Ayodhya #85,PHC,Ayodhya,Uttar Pradesh,8,real_state_totals_synthetic_district_distribution
F02252,PHC Ayodhya #86,PHC,Ayodhya,Uttar Pradesh,9,real_state_totals_synthetic_district_distribution
F02253,PHC Ayodhya #87,PHC,Ayodhya,Uttar Pradesh,5,real_state_totals_synthetic_district_distribution
F02254,PHC Ayodhya #88,PHC,Ayodhya,Uttar Pradesh,4,real_state_totals_synthetic_district_distribution
F02255,PHC Ayodhya #89,PHC,Ayodhya,Uttar Pradesh,5,real_state_totals_synthetic_district_distribution
F02256,PHC Ayodhya #90,PHC,Ayodhya,Uttar Pradesh,9,real_state_totals_synthetic_district_distribution
F02257,PHC Ayodhya #91,PHC,Ayodhya,Uttar Pradesh,7,real_state_totals_synthetic_district_distribution
F02258,PHC Ayodhya #92,PHC,Ayodhya,Uttar Pradesh,7,real_state_totals_synthetic_district_distribution
F02259,PHC Ayodhya #93,PHC,Ayodhya,Uttar Pradesh,8,real_state_totals_synthetic_district_distribution
F02260,PHC Ayodhya #94,PHC,Ayodhya,Uttar Pradesh,8,real_state_totals_synthetic_district_distribution
F02261,PHC Ayodhya #95,PHC,Ayodhya,Uttar Pradesh,8,real_state_totals_synthetic_district_distribution
F02262,PHC Ayodhya #96,PHC,Ayodhya,Uttar Pradesh,5,real_state_totals_synthetic_district_distribution
F02263,PHC Ayodhya #97,PHC,Ayodhya,Uttar Pradesh,6,real_state_totals_synthetic_district_distribution
F02264,PHC Ayodhya #98,PHC,Ayodhya,Uttar Pradesh,6,real_state_totals_synthetic_district_distribution
F02265,PHC Ayodhya #99,PHC,Ayodhya,Uttar Pradesh,6,real_state_totals_synthetic_district_distribution
F02266,PHC Ayodhya #100,PHC,Ayodhya,Uttar Pradesh,7,real_state_totals_synthetic_district_distribution
F02267,PHC Ayodhya #101,PHC,Ayodhya,Uttar Pradesh,7,real_state_totals_synthetic_district_distribution
F02268,CHC Ayodhya #1,CHC,Ayodhya,Uttar Pradesh,44,real_state_totals_synthetic_district_distribution
F02269,CHC Ayodhya #2,CHC,Ayodhya,Uttar Pradesh,30,real_state_totals_synthetic_district_distribution
F02270,CHC Ayodhya #3,CHC,Ayodhya,Uttar Pradesh,41,real_state_totals_synthetic_district_distribution
F02271,CHC Ayodhya #4,CHC,Ayodhya,Uttar Pradesh,39,real_state_totals_synthetic_district_distribution
F02272,CHC Ayodhya #5,CHC,Ayodhya,Uttar Pradesh,21,real_state_totals_synthetic_district_distribution
F02273,CHC Ayodhya #6,CHC,Ayodhya,Uttar Pradesh,45,real_state_totals_synthetic_district_distribution
F02274,CHC Ayodhya #7,CHC,Ayodhya,Uttar Pradesh,40,real_state_totals_synthetic_district_distribution
F02275,CHC Ayodhya #8,CHC,Ayodhya,Uttar Pradesh,40,real_state_totals_synthetic_district_distribution
F02276,CHC Ayodhya #9,CHC,Ayodhya,Uttar Pradesh,30,real_state_totals_synthetic_district_distribution
F02277,CHC Ayodhya #10,CHC,Ayodhya,Uttar Pradesh,22,real_state_totals_synthetic_district_distribution
F02278,CHC Ayodhya #11,CHC,Ayodhya,Uttar Pradesh,30,real_state_totals_synthetic_district_distribution
F02279,CHC Ayodhya #12,CHC,Ayodhya,Uttar Pradesh,23,real_state_totals_synthetic_district_distribution
F02280,CHC Ayodhya #13,CHC,Ayodhya,Uttar Pradesh,37,real_state_totals_synthetic_district_distribution
F02281,CHC Ayodhya #14,CHC,Ayodhya,Uttar Pradesh,41,real_state_totals_synthetic_district_distribution
F02282,CHC Ayodhya #15,CHC,Ayodhya,Uttar Pradesh,32,real_state_totals_synthetic_district_distribution
F02283,CHC Ayodhya #16,CHC,Ayodhya,Uttar Pradesh,29,real_state_totals_synthetic_district_distribution
F02284,CHC Ayodhya #17,CHC,Ayodhya,Uttar Pradesh,28,real_state_totals_synthetic_district_distribution
F02285,District Hospital Ayodhya #1,District Hospital,Ayodhya,Uttar Pradesh,285,real_state_totals_synthetic_district_distribution
F02286,District Hospital Ayodhya #2,District Hospital,Ayodhya,Uttar Pradesh,268,real_state_totals_synthetic_district_distribution
F02287,District Hospital Ayodhya #3,District Hospital,Ayodhya,Uttar Pradesh,254,real_state_totals_synthetic_district_distribution
F02288,District Hospital Ayodhya #4,District Hospital,Ayodhya,Uttar Pradesh,138,real_state_totals_synthetic_district_distribution
F02289,District Hospital Ayodhya #5,District Hospital,Ayodhya,Uttar Pradesh,185,real_state_totals_synthetic_district_distribution
F02290,PHC Kannauj #1,PHC,Kannauj,Uttar Pradesh,4,real_state_totals_synthetic_district_distribution
F02291,PHC Kannauj #2,PHC,Kannauj,Uttar Pradesh,8,real_state_totals_synthetic_district_distribution
F02292,PHC Kannauj #3,PHC,Kannauj,Uttar Pradesh,9,real_state_totals_synthetic_district_distribution
F02293,PHC Kannauj #4,PHC,Kannauj,Uttar Pradesh,5,real_state_totals_synthetic_district_distribution
F02294,PHC Kannauj #5,PHC,Kannauj,Uttar Pradesh,6,real_state_totals_synthetic_district_distribution
F02295,PHC Kannauj #6,PHC,Kannauj,Uttar Pradesh,6,real_state_totals_synthetic_district_distribution
F02296,PHC Kannauj #7,PHC,Kannauj,Uttar Pradesh,9,real_state_totals_synthetic_district_distribution
F02297,PHC Kannauj #8,PHC,Kannauj,Uttar Pradesh,9,real_state_totals_synthetic_district_distribution
F02298,PHC Kannauj #9,PHC,Kannauj,Uttar Pradesh,9,real_state_totals_synthetic_district_distribution
F02299,PHC Kannauj #10,PHC,Kannauj,Uttar Pradesh,7,real_state_totals_synthetic_district_distribution
F02300,PHC Kannauj #11,PHC,Kannauj,Uttar Pradesh,5,real_state_totals_synthetic_district_distribution
F02301,PHC Kannauj #12,PHC,Kannauj,Uttar Pradesh,8,real_state_totals_synthetic_district_distribution
F02302,PHC Kannauj #13,PHC,Kannauj,Uttar Pradesh,9,real_state_totals_synthetic_district_distribution
F02303,PHC Kannauj #14,PHC,Kannauj,Uttar Pradesh,4,real_state_totals_synthetic_district_distribution
F02304,PHC Kannauj #15,PHC,Kannauj,Uttar Pradesh,6,real_state_totals_synthetic_district_distribution
F02305,PHC Kannauj #16,PHC,Kannauj,Uttar Pradesh,8,real_state_totals_synthetic_district_distribution
F02306,PHC Kannauj #17,PHC,Kannauj,Uttar Pradesh,7,real_state_totals_synthetic_district_distribution
F02307,PHC Kannauj #18,PHC,Kannauj,Uttar Pradesh,9,real_state_totals_synthetic_district_distribution
F02308,PHC Kannauj #19,PHC,Kannauj,Uttar Pradesh,10,real_state_totals_synthetic_district_distribution
F02309,PHC Kannauj #20,PHC,Kannauj,Uttar Pradesh,6,real_state_totals_synthetic_district_distribution
F02310,PHC Kannauj #21,PHC,Kannauj,Uttar Pradesh,10,real_state_totals_synthetic_district_distribution
F02311,PHC Kannauj #22,PHC,Kannauj,Uttar Pradesh,5,real_state_totals_synthetic_district_distribution
F02312,PHC Kannauj #23,PHC,Kannauj,Uttar Pradesh,9,real_state_totals_synthetic_district_distribution
F02313,PHC Kannauj #24,PHC,Kannauj,Uttar Pradesh,9,real_state_totals_synthetic_district_distribution
F02314,PHC Kannauj #25,PHC,Kannauj,Uttar Pradesh,10,real_state_totals_synthetic_district_distribution
F02315,PHC Kannauj #26,PHC,Kannauj,Uttar Pradesh,9,real_state_totals_synthetic_district_distribution
F02316,PHC Kannauj #27,PHC,Kannauj,Uttar Pradesh,9,real_state_totals_synthetic_district_distribution
F02317,PHC Kannauj #28,PHC,Kannauj,Uttar Pradesh,8,real_state_totals_synthetic_district_distribution
F02318,PHC Kannauj #29,PHC,Kannauj,Uttar Pradesh,4,real_state_totals_synthetic_district_distribution
F02319,PHC Kannauj #30,PHC,Kannauj,Uttar Pradesh,9,real_state_totals_synthetic_district_distribution
F02320,PHC Kannauj #31,PHC,Kannauj,Uttar Pradesh,9,real_state_totals_synthetic_district_distribution
F02321,PHC Kannauj #32,PHC,Kannauj,Uttar Pradesh,7,real_state_totals_synthetic_district_distribution
F02322,PHC Kannauj #33,PHC,Kannauj,Uttar Pradesh,8,real_state_totals_synthetic_district_distribution
F02323,PHC Kannauj #34,PHC,Kannauj,Uttar Pradesh,6,real_state_totals_synthetic_district_distribution
F02324,PHC Kannauj #35,PHC,Kannauj,Uttar Pradesh,4,real_state_totals_synthetic_district_distribution
F02325,PHC Kannauj #36,PHC,Kannauj,Uttar Pradesh,6,real_state_totals_synthetic_district_distribution
F02326,PHC Kannauj #37,PHC,Kannauj,Uttar Pradesh,6,real_state_totals_synthetic_district_distribution
F02327,PHC Kannauj #38,PHC,Kannauj,Uttar Pradesh,5,real_state_totals_synthetic_district_distribution
F02328,PHC Kannauj #39,PHC,Kannauj,Uttar Pradesh,5,real_state_totals_synthetic_district_distribution
F02329,PHC Kannauj #40,PHC,Kannauj,Uttar Pradesh,6,real_state_totals_synthetic_district_distribution
F02330,PHC Kannauj #41,PHC,Kannauj,Uttar Pradesh,10,real_state_totals_synthetic_district_distribution
F02331,PHC Kannauj #42,PHC,Kannauj,Uttar Pradesh,7,real_state_totals_synthetic_district_distribution
F02332,PHC Kannauj #43,PHC,Kannauj,Uttar Pradesh,5,real_state_totals_synthetic_district_distribution
F02333,PHC Kannauj #44,PHC,Kannauj,Uttar Pradesh,5,real_state_totals_synthetic_district_distribution
F02334,PHC Kannauj #45,PHC,Kannauj,Uttar Pradesh,5,real_state_totals_synthetic_district_distribution
F02335,PHC Kannauj #46,PHC,Kannauj,Uttar Pradesh,5,real_state_totals_synthetic_district_distribution
F02336,PHC Kannauj #47,PHC,Kannauj,Uttar Pradesh,4,real_state_totals_synthetic_district_distribution
F02337,PHC Kannauj #48,PHC,Kannauj,Uttar Pradesh,6,real_state_totals_synthetic_district_distribution
F02338,PHC Kannauj #49,PHC,Kannauj,Uttar Pradesh,10,real_state_totals_synthetic_district_distribution
F02339,PHC Kannauj #50,PHC,Kannauj,Uttar Pradesh,10,real_state_totals_synthetic_district_distribution
F02340,PHC Kannauj #51,PHC,Kannauj,Uttar Pradesh,4,real_state_totals_synthetic_district_distribution
F02341,PHC Kannauj #52,PHC,Kannauj,Uttar Pradesh,8,real_state_totals_synthetic_district_distribution
F02342,PHC Kannauj #53,PHC,Kannauj,Uttar Pradesh,10,real_state_totals_synthetic_district_distribution
F02343,PHC Kannauj #54,PHC,Kannauj,Uttar Pradesh,8,real_state_totals_synthetic_district_distribution
F02344,PHC Kannauj #55,PHC,Kannauj,Uttar Pradesh,10,real_state_totals_synthetic_district_distribution
F02345,PHC Kannauj #56,PHC,Kannauj,Uttar Pradesh,9,real_state_totals_synthetic_district_distribution
F02346,PHC Kannauj #57,PHC,Kannauj,Uttar Pradesh,8,real_state_totals_synthetic_district_distribution
F02347,PHC Kannauj #58,PHC,Kannauj,Uttar Pradesh,4,real_state_totals_synthetic_district_distribution
F02348,PHC Kannauj #59,PHC,Kannauj,Uttar Pradesh,9,real_state_totals_synthetic_district_distribution
F02349,PHC Kannauj #60,PHC,Kannauj,Uttar Pradesh,6,real_state_totals_synthetic_district_distribution
F02350,PHC Kannauj #61,PHC,Kannauj,Uttar Pradesh,10,real_state_totals_synthetic_district_distribution
F02351,PHC Kannauj #62,PHC,Kannauj,Uttar Pradesh,8,real_state_totals_synthetic_district_distribution
F02352,PHC Kannauj #63,PHC,Kannauj,Uttar Pradesh,5,real_state_totals_synthetic_district_distribution
F02353,PHC Kannauj #64,PHC,Kannauj,Uttar Pradesh,8,real_state_totals_synthetic_district_distribution
F02354,PHC Kannauj #65,PHC,Kannauj,Uttar Pradesh,7,real_state_totals_synthetic_district_distribution
F02355,PHC Kannauj #66,PHC,Kannauj,Uttar Pradesh,5,real_state_totals_synthetic_district_distribution
F02356,PHC Kannauj #67,PHC,Kannauj,Uttar Pradesh,5,real_state_totals_synthetic_district_distribution
F02357,CHC Kannauj #1,CHC,Kannauj,Uttar Pradesh,25,real_state_totals_synthetic_district_distribution
F02358,CHC Kannauj #2,CHC,Kannauj,Uttar Pradesh,46,real_state_totals_synthetic_district_distribution
F02359,CHC Kannauj #3,CHC,Kannauj,Uttar Pradesh,42,real_state_totals_synthetic_district_distribution
F02360,CHC Kannauj #4,CHC,Kannauj,Uttar Pradesh,44,real_state_totals_synthetic_district_distribution
F02361,CHC Kannauj #5,CHC,Kannauj,Uttar Pradesh,39,real_state_totals_synthetic_district_distribution
F02362,CHC Kannauj #6,CHC,Kannauj,Uttar Pradesh,45,real_state_totals_synthetic_district_distribution
F02363,CHC Kannauj #7,CHC,Kannauj,Uttar Pradesh,48,real_state_totals_synthetic_district_distribution
F02364,CHC Kannauj #8,CHC,Kannauj,Uttar Pradesh,25,real_state_totals_synthetic_district_distribution
F02365,CHC Kannauj #9,CHC,Kannauj,Uttar Pradesh,43,real_state_totals_synthetic_district_distribution
F02366,CHC Kannauj #10,CHC,Kannauj,Uttar Pradesh,34,real_state_totals_synthetic_district_distribution
F02367,CHC Kannauj #11,CHC,Kannauj,Uttar Pradesh,21,real_state_totals_synthetic_district_distribution
F02368,District Hospital Kannauj #1,District Hospital,Kannauj,Uttar Pradesh,205,real_state_totals_synthetic_district_distribution
F02369,District Hospital Kannauj #2,District Hospital,Kannauj,Uttar Pradesh,193,real_state_totals_synthetic_district_distribution
F02370,District Hospital Kannauj #3,District Hospital,Kannauj,Uttar Pradesh,273,real_state_totals_synthetic_district_distribution
F02371,PHC Malappuram #1,PHC,Malappuram,Kerala,9,real_state_totals_synthetic_district_distribution
F02372,PHC Malappuram #2,PHC,Malappuram,Kerala,5,real_state_totals_synthetic_district_distribution
F02373,PHC Malappuram #3,PHC,Malappuram,Kerala,7,real_state_totals_synthetic_district_distribution
F02374,PHC Malappuram #4,PHC,Malappuram,Kerala,8,real_state_totals_synthetic_district_distribution
F02375,PHC Malappuram #5,PHC,Malappuram,Kerala,6,real_state_totals_synthetic_district_distribution
F02376,PHC Malappuram #6,PHC,Malappuram,Kerala,10,real_state_totals_synthetic_district_distribution
F02377,PHC Malappuram #7,PHC,Malappuram,Kerala,9,real_state_totals_synthetic_district_distribution
F02378,PHC Malappuram #8,PHC,Malappuram,Kerala,10,real_state_totals_synthetic_district_distribution
F02379,PHC Malappuram #9,PHC,Malappuram,Kerala,7,real_state_totals_synthetic_district_distribution
F02380,PHC Malappuram #10,PHC,Malappuram,Kerala,5,real_state_totals_synthetic_district_distribution
F02381,PHC Malappuram #11,PHC,Malappuram,Kerala,8,real_state_totals_synthetic_district_distribution
F02382,PHC Malappuram #12,PHC,Malappuram,Kerala,5,real_state_totals_synthetic_district_distribution
F02383,PHC Malappuram #13,PHC,Malappuram,Kerala,6,real_state_totals_synthetic_district_distribution
F02384,PHC Malappuram #14,PHC,Malappuram,Kerala,10,real_state_totals_synthetic_district_distribution
F02385,PHC Malappuram #15,PHC,Malappuram,Kerala,10,real_state_totals_synthetic_district_distribution
F02386,PHC Malappuram #16,PHC,Malappuram,Kerala,7,real_state_totals_synthetic_district_distribution
F02387,PHC Malappuram #17,PHC,Malappuram,Kerala,10,real_state_totals_synthetic_district_distribution
F02388,PHC Malappuram #18,PHC,Malappuram,Kerala,5,real_state_totals_synthetic_district_distribution
F02389,PHC Malappuram #19,PHC,Malappuram,Kerala,6,real_state_totals_synthetic_district_distribution
F02390,PHC Malappuram #20,PHC,Malappuram,Kerala,9,real_state_totals_synthetic_district_distribution
F02391,PHC Malappuram #21,PHC,Malappuram,Kerala,8,real_state_totals_synthetic_district_distribution
F02392,PHC Malappuram #22,PHC,Malappuram,Kerala,7,real_state_totals_synthetic_district_distribution
F02393,PHC Malappuram #23,PHC,Malappuram,Kerala,7,real_state_totals_synthetic_district_distribution
F02394,PHC Malappuram #24,PHC,Malappuram,Kerala,10,real_state_totals_synthetic_district_distribution
F02395,PHC Malappuram #25,PHC,Malappuram,Kerala,6,real_state_totals_synthetic_district_distribution
F02396,PHC Malappuram #26,PHC,Malappuram,Kerala,10,real_state_totals_synthetic_district_distribution
F02397,PHC Malappuram #27,PHC,Malappuram,Kerala,7,real_state_totals_synthetic_district_distribution
F02398,PHC Malappuram #28,PHC,Malappuram,Kerala,8,real_state_totals_synthetic_district_distribution
F02399,PHC Malappuram #29,PHC,Malappuram,Kerala,8,real_state_totals_synthetic_district_distribution
F02400,PHC Malappuram #30,PHC,Malappuram,Kerala,7,real_state_totals_synthetic_district_distribution
F02401,PHC Malappuram #31,PHC,Malappuram,Kerala,5,real_state_totals_synthetic_district_distribution
F02402,PHC Malappuram #32,PHC,Malappuram,Kerala,10,real_state_totals_synthetic_district_distribution
F02403,PHC Malappuram #33,PHC,Malappuram,Kerala,5,real_state_totals_synthetic_district_distribution
F02404,PHC Malappuram #34,PHC,Malappuram,Kerala,10,real_state_totals_synthetic_district_distribution
F02405,PHC Malappuram #35,PHC,Malappuram,Kerala,8,real_state_totals_synthetic_district_distribution
F02406,PHC Malappuram #36,PHC,Malappuram,Kerala,5,real_state_totals_synthetic_district_distribution
F02407,PHC Malappuram #37,PHC,Malappuram,Kerala,10,real_state_totals_synthetic_district_distribution
F02408,PHC Malappuram #38,PHC,Malappuram,Kerala,6,real_state_totals_synthetic_district_distribution
F02409,PHC Malappuram #39,PHC,Malappuram,Kerala,4,real_state_totals_synthetic_district_distribution
F02410,PHC Malappuram #40,PHC,Malappuram,Kerala,9,real_state_totals_synthetic_district_distribution
F02411,PHC Malappuram #41,PHC,Malappuram,Kerala,7,real_state_totals_synthetic_district_distribution
F02412,PHC Malappuram #42,PHC,Malappuram,Kerala,10,real_state_totals_synthetic_district_distribution
F02413,PHC Malappuram #43,PHC,Malappuram,Kerala,6,real_state_totals_synthetic_district_distribution
F02414,PHC Malappuram #44,PHC,Malappuram,Kerala,8,real_state_totals_synthetic_district_distribution
F02415,PHC Malappuram #45,PHC,Malappuram,Kerala,4,real_state_totals_synthetic_district_distribution
F02416,PHC Malappuram #46,PHC,Malappuram,Kerala,9,real_state_totals_synthetic_district_distribution
F02417,PHC Malappuram #47,PHC,Malappuram,Kerala,10,real_state_totals_synthetic_district_distribution
F02418,PHC Malappuram #48,PHC,Malappuram,Kerala,8,real_state_totals_synthetic_district_distribution
F02419,PHC Malappuram #49,PHC,Malappuram,Kerala,10,real_state_totals_synthetic_district_distribution
F02420,PHC Malappuram #50,PHC,Malappuram,Kerala,4,real_state_totals_synthetic_district_distribution
F02421,PHC Malappuram #51,PHC,Malappuram,Kerala,6,real_state_totals_synthetic_district_distribution
F02422,PHC Malappuram #52,PHC,Malappuram,Kerala,4,real_state_totals_synthetic_district_distribution
F02423,PHC Malappuram #53,PHC,Malappuram,Kerala,10,real_state_totals_synthetic_district_distribution
F02424,CHC Malappuram #1,CHC,Malappuram,Kerala,25,real_state_totals_synthetic_district_distribution
F02425,CHC Malappuram #2,CHC,Malappuram,Kerala,28,real_state_totals_synthetic_district_distribution
F02426,CHC Malappuram #3,CHC,Malappuram,Kerala,34,real_state_totals_synthetic_district_distribution
F02427,CHC Malappuram #4,CHC,Malappuram,Kerala,48,real_state_totals_synthetic_district_distribution
F02428,CHC Malappuram #5,CHC,Malappuram,Kerala,36,real_state_totals_synthetic_district_distribution
F02429,CHC Malappuram #6,CHC,Malappuram,Kerala,24,real_state_totals_synthetic_district_distribution
F02430,CHC Malappuram #7,CHC,Malappuram,Kerala,46,real_state_totals_synthetic_district_distribution
F02431,CHC Malappuram #8,CHC,Malappuram,Kerala,33,real_state_totals_synthetic_district_distribution
F02432,CHC Malappuram #9,CHC,Malappuram,Kerala,22,real_state_totals_synthetic_district_distribution
F02433,District Hospital Malappuram #1,District Hospital,Malappuram,Kerala,156,real_state_totals_synthetic_district_distribution
F02434,District Hospital Malappuram #2,District Hospital,Malappuram,Kerala,215,real_state_totals_synthetic_district_distribution
F02435,District Hospital Malappuram #3,District Hospital,Malappuram,Kerala,189,real_state_totals_synthetic_district_distribution
F02436,PHC Thiruvananthapuram #1,PHC,Thiruvananthapuram,Kerala,4,real_state_totals_synthetic_district_distribution
F02437,PHC Thiruvananthapuram #2,PHC,Thiruvananthapuram,Kerala,7,real_state_totals_synthetic_district_distribution
F02438,PHC Thiruvananthapuram #3,PHC,Thiruvananthapuram,Kerala,4,real_state_totals_synthetic_district_distribution
F02439,PHC Thiruvananthapuram #4,PHC,Thiruvananthapuram,Kerala,7,real_state_totals_synthetic_district_distribution
F02440,PHC Thiruvananthapuram #5,PHC,Thiruvananthapuram,Kerala,8,real_state_totals_synthetic_district_distribution
F02441,PHC Thiruvananthapuram #6,PHC,Thiruvananthapuram,Kerala,6,real_state_totals_synthetic_district_distribution
F02442,PHC Thiruvananthapuram #7,PHC,Thiruvananthapuram,Kerala,5,real_state_totals_synthetic_district_distribution
F02443,PHC Thiruvananthapuram #8,PHC,Thiruvananthapuram,Kerala,7,real_state_totals_synthetic_district_distribution
F02444,PHC Thiruvananthapuram #9,PHC,Thiruvananthapuram,Kerala,4,real_state_totals_synthetic_district_distribution
F02445,PHC Thiruvananthapuram #10,PHC,Thiruvananthapuram,Kerala,6,real_state_totals_synthetic_district_distribution
F02446,PHC Thiruvananthapuram #11,PHC,Thiruvananthapuram,Kerala,5,real_state_totals_synthetic_district_distribution
F02447,PHC Thiruvananthapuram #12,PHC,Thiruvananthapuram,Kerala,4,real_state_totals_synthetic_district_distribution
F02448,PHC Thiruvananthapuram #13,PHC,Thiruvananthapuram,Kerala,6,real_state_totals_synthetic_district_distribution
F02449,PHC Thiruvananthapuram #14,PHC,Thiruvananthapuram,Kerala,4,real_state_totals_synthetic_district_distribution
F02450,PHC Thiruvananthapuram #15,PHC,Thiruvananthapuram,Kerala,10,real_state_totals_synthetic_district_distribution
F02451,PHC Thiruvananthapuram #16,PHC,Thiruvananthapuram,Kerala,9,real_state_totals_synthetic_district_distribution
F02452,PHC Thiruvananthapuram #17,PHC,Thiruvananthapuram,Kerala,9,real_state_totals_synthetic_district_distribution
F02453,PHC Thiruvananthapuram #18,PHC,Thiruvananthapuram,Kerala,6,real_state_totals_synthetic_district_distribution
F02454,PHC Thiruvananthapuram #19,PHC,Thiruvananthapuram,Kerala,10,real_state_totals_synthetic_district_distribution
F02455,PHC Thiruvananthapuram #20,PHC,Thiruvananthapuram,Kerala,5,real_state_totals_synthetic_district_distribution
F02456,PHC Thiruvananthapuram #21,PHC,Thiruvananthapuram,Kerala,5,real_state_totals_synthetic_district_distribution
F02457,PHC Thiruvananthapuram #22,PHC,Thiruvananthapuram,Kerala,4,real_state_totals_synthetic_district_distribution
F02458,PHC Thiruvananthapuram #23,PHC,Thiruvananthapuram,Kerala,6,real_state_totals_synthetic_district_distribution
F02459,PHC Thiruvananthapuram #24,PHC,Thiruvananthapuram,Kerala,10,real_state_totals_synthetic_district_distribution
F02460,PHC Thiruvananthapuram #25,PHC,Thiruvananthapuram,Kerala,7,real_state_totals_synthetic_district_distribution
F02461,PHC Thiruvananthapuram #26,PHC,Thiruvananthapuram,Kerala,9,real_state_totals_synthetic_district_distribution
F02462,PHC Thiruvananthapuram #27,PHC,Thiruvananthapuram,Kerala,10,real_state_totals_synthetic_district_distribution
F02463,PHC Thiruvananthapuram #28,PHC,Thiruvananthapuram,Kerala,5,real_state_totals_synthetic_district_distribution
F02464,PHC Thiruvananthapuram #29,PHC,Thiruvananthapuram,Kerala,10,real_state_totals_synthetic_district_distribution
F02465,PHC Thiruvananthapuram #30,PHC,Thiruvananthapuram,Kerala,9,real_state_totals_synthetic_district_distribution
F02466,PHC Thiruvananthapuram #31,PHC,Thiruvananthapuram,Kerala,7,real_state_totals_synthetic_district_distribution
F02467,PHC Thiruvananthapuram #32,PHC,Thiruvananthapuram,Kerala,7,real_state_totals_synthetic_district_distribution
F02468,PHC Thiruvananthapuram #33,PHC,Thiruvananthapuram,Kerala,8,real_state_totals_synthetic_district_distribution
F02469,PHC Thiruvananthapuram #34,PHC,Thiruvananthapuram,Kerala,4,real_state_totals_synthetic_district_distribution
F02470,PHC Thiruvananthapuram #35,PHC,Thiruvananthapuram,Kerala,4,real_state_totals_synthetic_district_distribution
F02471,PHC Thiruvananthapuram #36,PHC,Thiruvananthapuram,Kerala,4,real_state_totals_synthetic_district_distribution
F02472,PHC Thiruvananthapuram #37,PHC,Thiruvananthapuram,Kerala,6,real_state_totals_synthetic_district_distribution
F02473,PHC Thiruvananthapuram #38,PHC,Thiruvananthapuram,Kerala,5,real_state_totals_synthetic_district_distribution
F02474,PHC Thiruvananthapuram #39,PHC,Thiruvananthapuram,Kerala,10,real_state_totals_synthetic_district_distribution
F02475,PHC Thiruvananthapuram #40,PHC,Thiruvananthapuram,Kerala,5,real_state_totals_synthetic_district_distribution
F02476,PHC Thiruvananthapuram #41,PHC,Thiruvananthapuram,Kerala,8,real_state_totals_synthetic_district_distribution
F02477,PHC Thiruvananthapuram #42,PHC,Thiruvananthapuram,Kerala,9,real_state_totals_synthetic_district_distribution
F02478,PHC Thiruvananthapuram #43,PHC,Thiruvananthapuram,Kerala,8,real_state_totals_synthetic_district_distribution
F02479,CHC Thiruvananthapuram #1,CHC,Thiruvananthapuram,Kerala,36,real_state_totals_synthetic_district_distribution
F02480,CHC Thiruvananthapuram #2,CHC,Thiruvananthapuram,Kerala,33,real_state_totals_synthetic_district_distribution
F02481,CHC Thiruvananthapuram #3,CHC,Thiruvananthapuram,Kerala,23,real_state_totals_synthetic_district_distribution
F02482,CHC Thiruvananthapuram #4,CHC,Thiruvananthapuram,Kerala,44,real_state_totals_synthetic_district_distribution
F02483,CHC Thiruvananthapuram #5,CHC,Thiruvananthapuram,Kerala,29,real_state_totals_synthetic_district_distribution
F02484,CHC Thiruvananthapuram #6,CHC,Thiruvananthapuram,Kerala,27,real_state_totals_synthetic_district_distribution
F02485,CHC Thiruvananthapuram #7,CHC,Thiruvananthapuram,Kerala,29,real_state_totals_synthetic_district_distribution
F02486,District Hospital Thiruvananthapuram #1,District Hospital,Thiruvananthapuram,Kerala,131,real_state_totals_synthetic_district_distribution
F02487,District Hospital Thiruvananthapuram #2,District Hospital,Thiruvananthapuram,Kerala,112,real_state_totals_synthetic_district_distribution
F02488,PHC Ernakulam #1,PHC,Ernakulam,Kerala,5,real_state_totals_synthetic_district_distribution
F02489,PHC Ernakulam #2,PHC,Ernakulam,Kerala,7,real_state_totals_synthetic_district_distribution
F02490,PHC Ernakulam #3,PHC,Ernakulam,Kerala,9,real_state_totals_synthetic_district_distribution
F02491,PHC Ernakulam #4,PHC,Ernakulam,Kerala,10,real_state_totals_synthetic_district_distribution
F02492,PHC Ernakulam #5,PHC,Ernakulam,Kerala,8,real_state_totals_synthetic_district_distribution
F02493,PHC Ernakulam #6,PHC,Ernakulam,Kerala,7,real_state_totals_synthetic_district_distribution
F02494,PHC Ernakulam #7,PHC,Ernakulam,Kerala,4,real_state_totals_synthetic_district_distribution
F02495,PHC Ernakulam #8,PHC,Ernakulam,Kerala,4,real_state_totals_synthetic_district_distribution
F02496,PHC Ernakulam #9,PHC,Ernakulam,Kerala,10,real_state_totals_synthetic_district_distribution
F02497,PHC Ernakulam #10,PHC,Ernakulam,Kerala,7,real_state_totals_synthetic_district_distribution
F02498,PHC Ernakulam #11,PHC,Ernakulam,Kerala,8,real_state_totals_synthetic_district_distribution
F02499,PHC Ernakulam #12,PHC,Ernakulam,Kerala,8,real_state_totals_synthetic_district_distribution
F02500,PHC Ernakulam #13,PHC,Ernakulam,Kerala,4,real_state_totals_synthetic_district_distribution
F02501,PHC Ernakulam #14,PHC,Ernakulam,Kerala,9,real_state_totals_synthetic_district_distribution
F02502,PHC Ernakulam #15,PHC,Ernakulam,Kerala,8,real_state_totals_synthetic_district_distribution
F02503,PHC Ernakulam #16,PHC,Ernakulam,Kerala,8,real_state_totals_synthetic_district_distribution
F02504,PHC Ernakulam #17,PHC,Ernakulam,Kerala,5,real_state_totals_synthetic_district_distribution
F02505,PHC Ernakulam #18,PHC,Ernakulam,Kerala,9,real_state_totals_synthetic_district_distribution
F02506,PHC Ernakulam #19,PHC,Ernakulam,Kerala,5,real_state_totals_synthetic_district_distribution
F02507,PHC Ernakulam #20,PHC,Ernakulam,Kerala,6,real_state_totals_synthetic_district_distribution
F02508,PHC Ernakulam #21,PHC,Ernakulam,Kerala,7,real_state_totals_synthetic_district_distribution
F02509,PHC Ernakulam #22,PHC,Ernakulam,Kerala,4,real_state_totals_synthetic_district_distribution
F02510,PHC Ernakulam #23,PHC,Ernakulam,Kerala,8,real_state_totals_synthetic_district_distribution
F02511,PHC Ernakulam #24,PHC,Ernakulam,Kerala,6,real_state_totals_synthetic_district_distribution
F02512,PHC Ernakulam #25,PHC,Ernakulam,Kerala,5,real_state_totals_synthetic_district_distribution
F02513,PHC Ernakulam #26,PHC,Ernakulam,Kerala,8,real_state_totals_synthetic_district_distribution
F02514,PHC Ernakulam #27,PHC,Ernakulam,Kerala,7,real_state_totals_synthetic_district_distribution
F02515,PHC Ernakulam #28,PHC,Ernakulam,Kerala,5,real_state_totals_synthetic_district_distribution
F02516,PHC Ernakulam #29,PHC,Ernakulam,Kerala,9,real_state_totals_synthetic_district_distribution
F02517,PHC Ernakulam #30,PHC,Ernakulam,Kerala,9,real_state_totals_synthetic_district_distribution
F02518,PHC Ernakulam #31,PHC,Ernakulam,Kerala,4,real_state_totals_synthetic_district_distribution
F02519,PHC Ernakulam #32,PHC,Ernakulam,Kerala,8,real_state_totals_synthetic_district_distribution
F02520,PHC Ernakulam #33,PHC,Ernakulam,Kerala,6,real_state_totals_synthetic_district_distribution
F02521,PHC Ernakulam #34,PHC,Ernakulam,Kerala,4,real_state_totals_synthetic_district_distribution
F02522,PHC Ernakulam #35,PHC,Ernakulam,Kerala,8,real_state_totals_synthetic_district_distribution
F02523,PHC Ernakulam #36,PHC,Ernakulam,Kerala,8,real_state_totals_synthetic_district_distribution
F02524,PHC Ernakulam #37,PHC,Ernakulam,Kerala,8,real_state_totals_synthetic_district_distribution
F02525,PHC Ernakulam #38,PHC,Ernakulam,Kerala,10,real_state_totals_synthetic_district_distribution
F02526,PHC Ernakulam #39,PHC,Ernakulam,Kerala,8,real_state_totals_synthetic_district_distribution
F02527,PHC Ernakulam #40,PHC,Ernakulam,Kerala,8,real_state_totals_synthetic_district_distribution
F02528,PHC Ernakulam #41,PHC,Ernakulam,Kerala,4,real_state_totals_synthetic_district_distribution
F02529,PHC Ernakulam #42,PHC,Ernakulam,Kerala,7,real_state_totals_synthetic_district_distribution
F02530,PHC Ernakulam #43,PHC,Ernakulam,Kerala,10,real_state_totals_synthetic_district_distribution
F02531,CHC Ernakulam #1,CHC,Ernakulam,Kerala,35,real_state_totals_synthetic_district_distribution
F02532,CHC Ernakulam #2,CHC,Ernakulam,Kerala,21,real_state_totals_synthetic_district_distribution
F02533,CHC Ernakulam #3,CHC,Ernakulam,Kerala,40,real_state_totals_synthetic_district_distribution
F02534,CHC Ernakulam #4,CHC,Ernakulam,Kerala,32,real_state_totals_synthetic_district_distribution
F02535,CHC Ernakulam #5,CHC,Ernakulam,Kerala,31,real_state_totals_synthetic_district_distribution
F02536,CHC Ernakulam #6,CHC,Ernakulam,Kerala,28,real_state_totals_synthetic_district_distribution
F02537,CHC Ernakulam #7,CHC,Ernakulam,Kerala,43,real_state_totals_synthetic_district_distribution
F02538,District Hospital Ernakulam #1,District Hospital,Ernakulam,Kerala,104,real_state_totals_synthetic_district_distribution
F02539,District Hospital Ernakulam #2,District Hospital,Ernakulam,Kerala,191,real_state_totals_synthetic_district_distribution
F02540,PHC Thrissur #1,PHC,Thrissur,Kerala,10,real_state_totals_synthetic_district_distribution
F02541,PHC Thrissur #2,PHC,Thrissur,Kerala,4,real_state_totals_synthetic_district_distribution
F02542,PHC Thrissur #3,PHC,Thrissur,Kerala,6,real_state_totals_synthetic_district_distribution
F02543,PHC Thrissur #4,PHC,Thrissur,Kerala,5,real_state_totals_synthetic_district_distribution
F02544,PHC Thrissur #5,PHC,Thrissur,Kerala,9,real_state_totals_synthetic_district_distribution
F02545,PHC Thrissur #6,PHC,Thrissur,Kerala,9,real_state_totals_synthetic_district_distribution
F02546,PHC Thrissur #7,PHC,Thrissur,Kerala,9,real_state_totals_synthetic_district_distribution
F02547,PHC Thrissur #8,PHC,Thrissur,Kerala,4,real_state_totals_synthetic_district_distribution
F02548,PHC Thrissur #9,PHC,Thrissur,Kerala,10,real_state_totals_synthetic_district_distribution
F02549,PHC Thrissur #10,PHC,Thrissur,Kerala,8,real_state_totals_synthetic_district_distribution
F02550,PHC Thrissur #11,PHC,Thrissur,Kerala,9,real_state_totals_synthetic_district_distribution
F02551,PHC Thrissur #12,PHC,Thrissur,Kerala,10,real_state_totals_synthetic_district_distribution
F02552,PHC Thrissur #13,PHC,Thrissur,Kerala,6,real_state_totals_synthetic_district_distribution
F02553,PHC Thrissur #14,PHC,Thrissur,Kerala,5,real_state_totals_synthetic_district_distribution
F02554,PHC Thrissur #15,PHC,Thrissur,Kerala,4,real_state_totals_synthetic_district_distribution
F02555,PHC Thrissur #16,PHC,Thrissur,Kerala,6,real_state_totals_synthetic_district_distribution
F02556,PHC Thrissur #17,PHC,Thrissur,Kerala,8,real_state_totals_synthetic_district_distribution
F02557,PHC Thrissur #18,PHC,Thrissur,Kerala,6,real_state_totals_synthetic_district_distribution
F02558,PHC Thrissur #19,PHC,Thrissur,Kerala,10,real_state_totals_synthetic_district_distribution
F02559,PHC Thrissur #20,PHC,Thrissur,Kerala,9,real_state_totals_synthetic_district_distribution
F02560,PHC Thrissur #21,PHC,Thrissur,Kerala,5,real_state_totals_synthetic_district_distribution
F02561,PHC Thrissur #22,PHC,Thrissur,Kerala,10,real_state_totals_synthetic_district_distribution
F02562,PHC Thrissur #23,PHC,Thrissur,Kerala,10,real_state_totals_synthetic_district_distribution
F02563,PHC Thrissur #24,PHC,Thrissur,Kerala,9,real_state_totals_synthetic_district_distribution
F02564,PHC Thrissur #25,PHC,Thrissur,Kerala,7,real_state_totals_synthetic_district_distribution
F02565,PHC Thrissur #26,PHC,Thrissur,Kerala,9,real_state_totals_synthetic_district_distribution
F02566,PHC Thrissur #27,PHC,Thrissur,Kerala,7,real_state_totals_synthetic_district_distribution
F02567,PHC Thrissur #28,PHC,Thrissur,Kerala,9,real_state_totals_synthetic_district_distribution
F02568,PHC Thrissur #29,PHC,Thrissur,Kerala,5,real_state_totals_synthetic_district_distribution
F02569,PHC Thrissur #30,PHC,Thrissur,Kerala,10,real_state_totals_synthetic_district_distribution
F02570,PHC Thrissur #31,PHC,Thrissur,Kerala,5,real_state_totals_synthetic_district_distribution
F02571,PHC Thrissur #32,PHC,Thrissur,Kerala,4,real_state_totals_synthetic_district_distribution
F02572,PHC Thrissur #33,PHC,Thrissur,Kerala,9,real_state_totals_synthetic_district_distribution
F02573,PHC Thrissur #34,PHC,Thrissur,Kerala,10,real_state_totals_synthetic_district_distribution
F02574,PHC Thrissur #35,PHC,Thrissur,Kerala,7,real_state_totals_synthetic_district_distribution
F02575,PHC Thrissur #36,PHC,Thrissur,Kerala,4,real_state_totals_synthetic_district_distribution
F02576,PHC Thrissur #37,PHC,Thrissur,Kerala,6,real_state_totals_synthetic_district_distribution
F02577,PHC Thrissur #38,PHC,Thrissur,Kerala,5,real_state_totals_synthetic_district_distribution
F02578,PHC Thrissur #39,PHC,Thrissur,Kerala,4,real_state_totals_synthetic_district_distribution
F02579,PHC Thrissur #40,PHC,Thrissur,Kerala,10,real_state_totals_synthetic_district_distribution
F02580,PHC Thrissur #41,PHC,Thrissur,Kerala,5,real_state_totals_synthetic_district_distribution
F02581,CHC Thrissur #1,CHC,Thrissur,Kerala,48,real_state_totals_synthetic_district_distribution
F02582,CHC Thrissur #2,CHC,Thrissur,Kerala,21,real_state_totals_synthetic_district_distribution
F02583,CHC Thrissur #3,CHC,Thrissur,Kerala,30,real_state_totals_synthetic_district_distribution
F02584,CHC Thrissur #4,CHC,Thrissur,Kerala,49,real_state_totals_synthetic_district_distribution
F02585,CHC Thrissur #5,CHC,Thrissur,Kerala,29,real_state_totals_synthetic_district_distribution
F02586,CHC Thrissur #6,CHC,Thrissur,Kerala,36,real_state_totals_synthetic_district_distribution
F02587,CHC Thrissur #7,CHC,Thrissur,Kerala,32,real_state_totals_synthetic_district_distribution
F02588,District Hospital Thrissur #1,District Hospital,Thrissur,Kerala,239,real_state_totals_synthetic_district_distribution
F02589,District Hospital Thrissur #2,District Hospital,Thrissur,Kerala,221,real_state_totals_synthetic_district_distribution
F02590,PHC Kozhikode #1,PHC,Kozhikode,Kerala,6,real_state_totals_synthetic_district_distribution
F02591,PHC Kozhikode #2,PHC,Kozhikode,Kerala,4,real_state_totals_synthetic_district_distribution
F02592,PHC Kozhikode #3,PHC,Kozhikode,Kerala,10,real_state_totals_synthetic_district_distribution
F02593,PHC Kozhikode #4,PHC,Kozhikode,Kerala,9,real_state_totals_synthetic_district_distribution
F02594,PHC Kozhikode #5,PHC,Kozhikode,Kerala,5,real_state_totals_synthetic_district_distribution
F02595,PHC Kozhikode #6,PHC,Kozhikode,Kerala,6,real_state_totals_synthetic_district_distribution
F02596,PHC Kozhikode #7,PHC,Kozhikode,Kerala,6,real_state_totals_synthetic_district_distribution
F02597,PHC Kozhikode #8,PHC,Kozhikode,Kerala,10,real_state_totals_synthetic_district_distribution
F02598,PHC Kozhikode #9,PHC,Kozhikode,Kerala,10,real_state_totals_synthetic_district_distribution
F02599,PHC Kozhikode #10,PHC,Kozhikode,Kerala,4,real_state_totals_synthetic_district_distribution
F02600,PHC Kozhikode #11,PHC,Kozhikode,Kerala,10,real_state_totals_synthetic_district_distribution
F02601,PHC Kozhikode #12,PHC,Kozhikode,Kerala,9,real_state_totals_synthetic_district_distribution
F02602,PHC Kozhikode #13,PHC,Kozhikode,Kerala,6,real_state_totals_synthetic_district_distribution
F02603,PHC Kozhikode #14,PHC,Kozhikode,Kerala,6,real_state_totals_synthetic_district_distribution
F02604,PHC Kozhikode #15,PHC,Kozhikode,Kerala,4,real_state_totals_synthetic_district_distribution
F02605,PHC Kozhikode #16,PHC,Kozhikode,Kerala,10,real_state_totals_synthetic_district_distribution
F02606,PHC Kozhikode #17,PHC,Kozhikode,Kerala,6,real_state_totals_synthetic_district_distribution
F02607,PHC Kozhikode #18,PHC,Kozhikode,Kerala,7,real_state_totals_synthetic_district_distribution
F02608,PHC Kozhikode #19,PHC,Kozhikode,Kerala,7,real_state_totals_synthetic_district_distribution
F02609,PHC Kozhikode #20,PHC,Kozhikode,Kerala,9,real_state_totals_synthetic_district_distribution
F02610,PHC Kozhikode #21,PHC,Kozhikode,Kerala,7,real_state_totals_synthetic_district_distribution
F02611,PHC Kozhikode #22,PHC,Kozhikode,Kerala,7,real_state_totals_synthetic_district_distribution
F02612,PHC Kozhikode #23,PHC,Kozhikode,Kerala,6,real_state_totals_synthetic_district_distribution
F02613,PHC Kozhikode #24,PHC,Kozhikode,Kerala,5,real_state_totals_synthetic_district_distribution
F02614,PHC Kozhikode #25,PHC,Kozhikode,Kerala,7,real_state_totals_synthetic_district_distribution
F02615,PHC Kozhikode #26,PHC,Kozhikode,Kerala,9,real_state_totals_synthetic_district_distribution
F02616,PHC Kozhikode #27,PHC,Kozhikode,Kerala,7,real_state_totals_synthetic_district_distribution
F02617,PHC Kozhikode #28,PHC,Kozhikode,Kerala,6,real_state_totals_synthetic_district_distribution
F02618,PHC Kozhikode #29,PHC,Kozhikode,Kerala,10,real_state_totals_synthetic_district_distribution
F02619,PHC Kozhikode #30,PHC,Kozhikode,Kerala,8,real_state_totals_synthetic_district_distribution
F02620,PHC Kozhikode #31,PHC,Kozhikode,Kerala,6,real_state_totals_synthetic_district_distribution
F02621,PHC Kozhikode #32,PHC,Kozhikode,Kerala,10,real_state_totals_synthetic_district_distribution
F02622,PHC Kozhikode #33,PHC,Kozhikode,Kerala,4,real_state_totals_synthetic_district_distribution
F02623,PHC Kozhikode #34,PHC,Kozhikode,Kerala,9,real_state_totals_synthetic_district_distribution
F02624,PHC Kozhikode #35,PHC,Kozhikode,Kerala,7,real_state_totals_synthetic_district_distribution
F02625,PHC Kozhikode #36,PHC,Kozhikode,Kerala,4,real_state_totals_synthetic_district_distribution
F02626,PHC Kozhikode #37,PHC,Kozhikode,Kerala,7,real_state_totals_synthetic_district_distribution
F02627,PHC Kozhikode #38,PHC,Kozhikode,Kerala,8,real_state_totals_synthetic_district_distribution
F02628,PHC Kozhikode #39,PHC,Kozhikode,Kerala,10,real_state_totals_synthetic_district_distribution
F02629,PHC Kozhikode #40,PHC,Kozhikode,Kerala,5,real_state_totals_synthetic_district_distribution
F02630,CHC Kozhikode #1,CHC,Kozhikode,Kerala,37,real_state_totals_synthetic_district_distribution
F02631,CHC Kozhikode #2,CHC,Kozhikode,Kerala,29,real_state_totals_synthetic_district_distribution
F02632,CHC Kozhikode #3,CHC,Kozhikode,Kerala,30,real_state_totals_synthetic_district_distribution
F02633,CHC Kozhikode #4,CHC,Kozhikode,Kerala,23,real_state_totals_synthetic_district_distribution
F02634,CHC Kozhikode #5,CHC,Kozhikode,Kerala,22,real_state_totals_synthetic_district_distribution
F02635,CHC Kozhikode #6,CHC,Kozhikode,Kerala,30,real_state_totals_synthetic_district_distribution
F02636,CHC Kozhikode #7,CHC,Kozhikode,Kerala,41,real_state_totals_synthetic_district_distribution
F02637,District Hospital Kozhikode #1,District Hospital,Kozhikode,Kerala,175,real_state_totals_synthetic_district_distribution
F02638,District Hospital Kozhikode #2,District Hospital,Kozhikode,Kerala,178,real_state_totals_synthetic_district_distribution
F02639,PHC Kollam #1,PHC,Kollam,Kerala,7,real_state_totals_synthetic_district_distribution
F02640,PHC Kollam #2,PHC,Kollam,Kerala,8,real_state_totals_synthetic_district_distribution
F02641,PHC Kollam #3,PHC,Kollam,Kerala,9,real_state_totals_synthetic_district_distribution
F02642,PHC Kollam #4,PHC,Kollam,Kerala,7,real_state_totals_synthetic_district_distribution
F02643,PHC Kollam #5,PHC,Kollam,Kerala,5,real_state_totals_synthetic_district_distribution
F02644,PHC Kollam #6,PHC,Kollam,Kerala,9,real_state_totals_synthetic_district_distribution
F02645,PHC Kollam #7,PHC,Kollam,Kerala,7,real_state_totals_synthetic_district_distribution
F02646,PHC Kollam #8,PHC,Kollam,Kerala,6,real_state_totals_synthetic_district_distribution
F02647,PHC Kollam #9,PHC,Kollam,Kerala,7,real_state_totals_synthetic_district_distribution
F02648,PHC Kollam #10,PHC,Kollam,Kerala,4,real_state_totals_synthetic_district_distribution
F02649,PHC Kollam #11,PHC,Kollam,Kerala,9,real_state_totals_synthetic_district_distribution
F02650,PHC Kollam #12,PHC,Kollam,Kerala,10,real_state_totals_synthetic_district_distribution
F02651,PHC Kollam #13,PHC,Kollam,Kerala,6,real_state_totals_synthetic_district_distribution
F02652,PHC Kollam #14,PHC,Kollam,Kerala,8,real_state_totals_synthetic_district_distribution
F02653,PHC Kollam #15,PHC,Kollam,Kerala,7,real_state_totals_synthetic_district_distribution
F02654,PHC Kollam #16,PHC,Kollam,Kerala,6,real_state_totals_synthetic_district_distribution
F02655,PHC Kollam #17,PHC,Kollam,Kerala,9,real_state_totals_synthetic_district_distribution
F02656,PHC Kollam #18,PHC,Kollam,Kerala,10,real_state_totals_synthetic_district_distribution
F02657,PHC Kollam #19,PHC,Kollam,Kerala,4,real_state_totals_synthetic_district_distribution
F02658,PHC Kollam #20,PHC,Kollam,Kerala,4,real_state_totals_synthetic_district_distribution
F02659,PHC Kollam #21,PHC,Kollam,Kerala,9,real_state_totals_synthetic_district_distribution
F02660,PHC Kollam #22,PHC,Kollam,Kerala,9,real_state_totals_synthetic_district_distribution
F02661,PHC Kollam #23,PHC,Kollam,Kerala,7,real_state_totals_synthetic_district_distribution
F02662,PHC Kollam #24,PHC,Kollam,Kerala,6,real_state_totals_synthetic_district_distribution
F02663,PHC Kollam #25,PHC,Kollam,Kerala,8,real_state_totals_synthetic_district_distribution
F02664,PHC Kollam #26,PHC,Kollam,Kerala,10,real_state_totals_synthetic_district_distribution
F02665,PHC Kollam #27,PHC,Kollam,Kerala,9,real_state_totals_synthetic_district_distribution
F02666,PHC Kollam #28,PHC,Kollam,Kerala,9,real_state_totals_synthetic_district_distribution
F02667,PHC Kollam #29,PHC,Kollam,Kerala,5,real_state_totals_synthetic_district_distribution
F02668,PHC Kollam #30,PHC,Kollam,Kerala,4,real_state_totals_synthetic_district_distribution
F02669,PHC Kollam #31,PHC,Kollam,Kerala,5,real_state_totals_synthetic_district_distribution
F02670,PHC Kollam #32,PHC,Kollam,Kerala,10,real_state_totals_synthetic_district_distribution
F02671,PHC Kollam #33,PHC,Kollam,Kerala,8,real_state_totals_synthetic_district_distribution
F02672,PHC Kollam #34,PHC,Kollam,Kerala,9,real_state_totals_synthetic_district_distribution
F02673,CHC Kollam #1,CHC,Kollam,Kerala,45,real_state_totals_synthetic_district_distribution
F02674,CHC Kollam #2,CHC,Kollam,Kerala,34,real_state_totals_synthetic_district_distribution
F02675,CHC Kollam #3,CHC,Kollam,Kerala,21,real_state_totals_synthetic_district_distribution
F02676,CHC Kollam #4,CHC,Kollam,Kerala,24,real_state_totals_synthetic_district_distribution
F02677,CHC Kollam #5,CHC,Kollam,Kerala,22,real_state_totals_synthetic_district_distribution
F02678,CHC Kollam #6,CHC,Kollam,Kerala,27,real_state_totals_synthetic_district_distribution
F02679,District Hospital Kollam #1,District Hospital,Kollam,Kerala,299,real_state_totals_synthetic_district_distribution
F02680,District Hospital Kollam #2,District Hospital,Kollam,Kerala,265,real_state_totals_synthetic_district_distribution
F02681,PHC Palakkad #1,PHC,Palakkad,Kerala,6,real_state_totals_synthetic_district_distribution
F02682,PHC Palakkad #2,PHC,Palakkad,Kerala,6,real_state_totals_synthetic_district_distribution
F02683,PHC Palakkad #3,PHC,Palakkad,Kerala,7,real_state_totals_synthetic_district_distribution
F02684,PHC Palakkad #4,PHC,Palakkad,Kerala,8,real_state_totals_synthetic_district_distribution
F02685,PHC Palakkad #5,PHC,Palakkad,Kerala,4,real_state_totals_synthetic_district_distribution
F02686,PHC Palakkad #6,PHC,Palakkad,Kerala,8,real_state_totals_synthetic_district_distribution
F02687,PHC Palakkad #7,PHC,Palakkad,Kerala,5,real_state_totals_synthetic_district_distribution
F02688,PHC Palakkad #8,PHC,Palakkad,Kerala,9,real_state_totals_synthetic_district_distribution
F02689,PHC Palakkad #9,PHC,Palakkad,Kerala,7,real_state_totals_synthetic_district_distribution
F02690,PHC Palakkad #10,PHC,Palakkad,Kerala,6,real_state_totals_synthetic_district_distribution
F02691,PHC Palakkad #11,PHC,Palakkad,Kerala,6,real_state_totals_synthetic_district_distribution
F02692,PHC Palakkad #12,PHC,Palakkad,Kerala,7,real_state_totals_synthetic_district_distribution
F02693,PHC Palakkad #13,PHC,Palakkad,Kerala,10,real_state_totals_synthetic_district_distribution
F02694,PHC Palakkad #14,PHC,Palakkad,Kerala,4,real_state_totals_synthetic_district_distribution
F02695,PHC Palakkad #15,PHC,Palakkad,Kerala,8,real_state_totals_synthetic_district_distribution
F02696,PHC Palakkad #16,PHC,Palakkad,Kerala,5,real_state_totals_synthetic_district_distribution
F02697,PHC Palakkad #17,PHC,Palakkad,Kerala,8,real_state_totals_synthetic_district_distribution
F02698,PHC Palakkad #18,PHC,Palakkad,Kerala,6,real_state_totals_synthetic_district_distribution
F02699,PHC Palakkad #19,PHC,Palakkad,Kerala,7,real_state_totals_synthetic_district_distribution
F02700,PHC Palakkad #20,PHC,Palakkad,Kerala,6,real_state_totals_synthetic_district_distribution
F02701,PHC Palakkad #21,PHC,Palakkad,Kerala,9,real_state_totals_synthetic_district_distribution
F02702,PHC Palakkad #22,PHC,Palakkad,Kerala,6,real_state_totals_synthetic_district_distribution
F02703,PHC Palakkad #23,PHC,Palakkad,Kerala,5,real_state_totals_synthetic_district_distribution
F02704,PHC Palakkad #24,PHC,Palakkad,Kerala,4,real_state_totals_synthetic_district_distribution
F02705,PHC Palakkad #25,PHC,Palakkad,Kerala,4,real_state_totals_synthetic_district_distribution
F02706,PHC Palakkad #26,PHC,Palakkad,Kerala,9,real_state_totals_synthetic_district_distribution
F02707,PHC Palakkad #27,PHC,Palakkad,Kerala,5,real_state_totals_synthetic_district_distribution
F02708,PHC Palakkad #28,PHC,Palakkad,Kerala,7,real_state_totals_synthetic_district_distribution
F02709,PHC Palakkad #29,PHC,Palakkad,Kerala,8,real_state_totals_synthetic_district_distribution
F02710,PHC Palakkad #30,PHC,Palakkad,Kerala,7,real_state_totals_synthetic_district_distribution
F02711,PHC Palakkad #31,PHC,Palakkad,Kerala,8,real_state_totals_synthetic_district_distribution
F02712,PHC Palakkad #32,PHC,Palakkad,Kerala,4,real_state_totals_synthetic_district_distribution
F02713,PHC Palakkad #33,PHC,Palakkad,Kerala,6,real_state_totals_synthetic_district_distribution
F02714,PHC Palakkad #34,PHC,Palakkad,Kerala,10,real_state_totals_synthetic_district_distribution
F02715,PHC Palakkad #35,PHC,Palakkad,Kerala,6,real_state_totals_synthetic_district_distribution
F02716,PHC Palakkad #36,PHC,Palakkad,Kerala,9,real_state_totals_synthetic_district_distribution
F02717,PHC Palakkad #37,PHC,Palakkad,Kerala,7,real_state_totals_synthetic_district_distribution
F02718,CHC Palakkad #1,CHC,Palakkad,Kerala,26,real_state_totals_synthetic_district_distribution
F02719,CHC Palakkad #2,CHC,Palakkad,Kerala,39,real_state_totals_synthetic_district_distribution
F02720,CHC Palakkad #3,CHC,Palakkad,Kerala,29,real_state_totals_synthetic_district_distribution
F02721,CHC Palakkad #4,CHC,Palakkad,Kerala,42,real_state_totals_synthetic_district_distribution
F02722,CHC Palakkad #5,CHC,Palakkad,Kerala,49,real_state_totals_synthetic_district_distribution
F02723,CHC Palakkad #6,CHC,Palakkad,Kerala,35,real_state_totals_synthetic_district_distribution
F02724,District Hospital Palakkad #1,District Hospital,Palakkad,Kerala,151,real_state_totals_synthetic_district_distribution
F02725,District Hospital Palakkad #2,District Hospital,Palakkad,Kerala,131,real_state_totals_synthetic_district_distribution
F02726,PHC Kannur #1,PHC,Kannur,Kerala,5,real_state_totals_synthetic_district_distribution
F02727,PHC Kannur #2,PHC,Kannur,Kerala,10,real_state_totals_synthetic_district_distribution
F02728,PHC Kannur #3,PHC,Kannur,Kerala,4,real_state_totals_synthetic_district_distribution
F02729,PHC Kannur #4,PHC,Kannur,Kerala,7,real_state_totals_synthetic_district_distribution
F02730,PHC Kannur #5,PHC,Kannur,Kerala,5,real_state_totals_synthetic_district_distribution
F02731,PHC Kannur #6,PHC,Kannur,Kerala,9,real_state_totals_synthetic_district_distribution
F02732,PHC Kannur #7,PHC,Kannur,Kerala,7,real_state_totals_synthetic_district_distribution
F02733,PHC Kannur #8,PHC,Kannur,Kerala,4,real_state_totals_synthetic_district_distribution
F02734,PHC Kannur #9,PHC,Kannur,Kerala,10,real_state_totals_synthetic_district_distribution
F02735,PHC Kannur #10,PHC,Kannur,Kerala,9,real_state_totals_synthetic_district_distribution
F02736,PHC Kannur #11,PHC,Kannur,Kerala,10,real_state_totals_synthetic_district_distribution
F02737,PHC Kannur #12,PHC,Kannur,Kerala,6,real_state_totals_synthetic_district_distribution
F02738,PHC Kannur #13,PHC,Kannur,Kerala,9,real_state_totals_synthetic_district_distribution
F02739,PHC Kannur #14,PHC,Kannur,Kerala,6,real_state_totals_synthetic_district_distribution
F02740,PHC Kannur #15,PHC,Kannur,Kerala,9,real_state_totals_synthetic_district_distribution
F02741,PHC Kannur #16,PHC,Kannur,Kerala,4,real_state_totals_synthetic_district_distribution
F02742,PHC Kannur #17,PHC,Kannur,Kerala,8,real_state_totals_synthetic_district_distribution
F02743,PHC Kannur #18,PHC,Kannur,Kerala,8,real_state_totals_synthetic_district_distribution
F02744,PHC Kannur #19,PHC,Kannur,Kerala,6,real_state_totals_synthetic_district_distribution
F02745,PHC Kannur #20,PHC,Kannur,Kerala,6,real_state_totals_synthetic_district_distribution
F02746,PHC Kannur #21,PHC,Kannur,Kerala,10,real_state_totals_synthetic_district_distribution
F02747,PHC Kannur #22,PHC,Kannur,Kerala,5,real_state_totals_synthetic_district_distribution
F02748,PHC Kannur #23,PHC,Kannur,Kerala,9,real_state_totals_synthetic_district_distribution
F02749,PHC Kannur #24,PHC,Kannur,Kerala,9,real_state_totals_synthetic_district_distribution
F02750,PHC Kannur #25,PHC,Kannur,Kerala,9,real_state_totals_synthetic_district_distribution
F02751,PHC Kannur #26,PHC,Kannur,Kerala,9,real_state_totals_synthetic_district_distribution
F02752,PHC Kannur #27,PHC,Kannur,Kerala,5,real_state_totals_synthetic_district_distribution
F02753,PHC Kannur #28,PHC,Kannur,Kerala,10,real_state_totals_synthetic_district_distribution
F02754,PHC Kannur #29,PHC,Kannur,Kerala,6,real_state_totals_synthetic_district_distribution
F02755,PHC Kannur #30,PHC,Kannur,Kerala,8,real_state_totals_synthetic_district_distribution
F02756,PHC Kannur #31,PHC,Kannur,Kerala,5,real_state_totals_synthetic_district_distribution
F02757,PHC Kannur #32,PHC,Kannur,Kerala,4,real_state_totals_synthetic_district_distribution
F02758,PHC Kannur #33,PHC,Kannur,Kerala,5,real_state_totals_synthetic_district_distribution
F02759,CHC Kannur #1,CHC,Kannur,Kerala,45,real_state_totals_synthetic_district_distribution
F02760,CHC Kannur #2,CHC,Kannur,Kerala,24,real_state_totals_synthetic_district_distribution
F02761,CHC Kannur #3,CHC,Kannur,Kerala,27,real_state_totals_synthetic_district_distribution
F02762,CHC Kannur #4,CHC,Kannur,Kerala,45,real_state_totals_synthetic_district_distribution
F02763,CHC Kannur #5,CHC,Kannur,Kerala,35,real_state_totals_synthetic_district_distribution
F02764,District Hospital Kannur #1,District Hospital,Kannur,Kerala,106,real_state_totals_synthetic_district_distribution
F02765,District Hospital Kannur #2,District Hospital,Kannur,Kerala,192,real_state_totals_synthetic_district_distribution
F02766,PHC Kottayam #1,PHC,Kottayam,Kerala,8,real_state_totals_synthetic_district_distribution
F02767,PHC Kottayam #2,PHC,Kottayam,Kerala,8,real_state_totals_synthetic_district_distribution
F02768,PHC Kottayam #3,PHC,Kottayam,Kerala,6,real_state_totals_synthetic_district_distribution
F02769,PHC Kottayam #4,PHC,Kottayam,Kerala,7,real_state_totals_synthetic_district_distribution
F02770,PHC Kottayam #5,PHC,Kottayam,Kerala,10,real_state_totals_synthetic_district_distribution
F02771,PHC Kottayam #6,PHC,Kottayam,Kerala,8,real_state_totals_synthetic_district_distribution
F02772,PHC Kottayam #7,PHC,Kottayam,Kerala,5,real_state_totals_synthetic_district_distribution
F02773,PHC Kottayam #8,PHC,Kottayam,Kerala,8,real_state_totals_synthetic_district_distribution
F02774,PHC Kottayam #9,PHC,Kottayam,Kerala,4,real_state_totals_synthetic_district_distribution
F02775,PHC Kottayam #10,PHC,Kottayam,Kerala,4,real_state_totals_synthetic_district_distribution
F02776,PHC Kottayam #11,PHC,Kottayam,Kerala,6,real_state_totals_synthetic_district_distribution
F02777,PHC Kottayam #12,PHC,Kottayam,Kerala,7,real_state_totals_synthetic_district_distribution
F02778,PHC Kottayam #13,PHC,Kottayam,Kerala,9,real_state_totals_synthetic_district_distribution
F02779,PHC Kottayam #14,PHC,Kottayam,Kerala,9,real_state_totals_synthetic_district_distribution
F02780,PHC Kottayam #15,PHC,Kottayam,Kerala,7,real_state_totals_synthetic_district_distribution
F02781,PHC Kottayam #16,PHC,Kottayam,Kerala,8,real_state_totals_synthetic_district_distribution
F02782,PHC Kottayam #17,PHC,Kottayam,Kerala,7,real_state_totals_synthetic_district_distribution
F02783,PHC Kottayam #18,PHC,Kottayam,Kerala,10,real_state_totals_synthetic_district_distribution
F02784,PHC Kottayam #19,PHC,Kottayam,Kerala,7,real_state_totals_synthetic_district_distribution
F02785,PHC Kottayam #20,PHC,Kottayam,Kerala,10,real_state_totals_synthetic_district_distribution
F02786,PHC Kottayam #21,PHC,Kottayam,Kerala,8,real_state_totals_synthetic_district_distribution
F02787,PHC Kottayam #22,PHC,Kottayam,Kerala,4,real_state_totals_synthetic_district_distribution
F02788,PHC Kottayam #23,PHC,Kottayam,Kerala,5,real_state_totals_synthetic_district_distribution
F02789,PHC Kottayam #24,PHC,Kottayam,Kerala,6,real_state_totals_synthetic_district_distribution
F02790,PHC Kottayam #25,PHC,Kottayam,Kerala,9,real_state_totals_synthetic_district_distribution
F02791,PHC Kottayam #26,PHC,Kottayam,Kerala,4,real_state_totals_synthetic_district_distribution
F02792,CHC Kottayam #1,CHC,Kottayam,Kerala,34,real_state_totals_synthetic_district_distribution
F02793,CHC Kottayam #2,CHC,Kottayam,Kerala,34,real_state_totals_synthetic_district_distribution
F02794,CHC Kottayam #3,CHC,Kottayam,Kerala,41,real_state_totals_synthetic_district_distribution
F02795,CHC Kottayam #4,CHC,Kottayam,Kerala,36,real_state_totals_synthetic_district_distribution
F02796,District Hospital Kottayam #1,District Hospital,Kottayam,Kerala,188,real_state_totals_synthetic_district_distribution
F02797,PHC Alappuzha #1,PHC,Alappuzha,Kerala,5,real_state_totals_synthetic_district_distribution
F02798,PHC Alappuzha #2,PHC,Alappuzha,Kerala,10,real_state_totals_synthetic_district_distribution
F02799,PHC Alappuzha #3,PHC,Alappuzha,Kerala,10,real_state_totals_synthetic_district_distribution
F02800,PHC Alappuzha #4,PHC,Alappuzha,Kerala,8,real_state_totals_synthetic_district_distribution
F02801,PHC Alappuzha #5,PHC,Alappuzha,Kerala,9,real_state_totals_synthetic_district_distribution
F02802,PHC Alappuzha #6,PHC,Alappuzha,Kerala,8,real_state_totals_synthetic_district_distribution
F02803,PHC Alappuzha #7,PHC,Alappuzha,Kerala,5,real_state_totals_synthetic_district_distribution
F02804,PHC Alappuzha #8,PHC,Alappuzha,Kerala,10,real_state_totals_synthetic_district_distribution
F02805,PHC Alappuzha #9,PHC,Alappuzha,Kerala,5,real_state_totals_synthetic_district_distribution
F02806,PHC Alappuzha #10,PHC,Alappuzha,Kerala,7,real_state_totals_synthetic_district_distribution
F02807,PHC Alappuzha #11,PHC,Alappuzha,Kerala,8,real_state_totals_synthetic_district_distribution
F02808,PHC Alappuzha #12,PHC,Alappuzha,Kerala,10,real_state_totals_synthetic_district_distribution
F02809,PHC Alappuzha #13,PHC,Alappuzha,Kerala,4,real_state_totals_synthetic_district_distribution
F02810,PHC Alappuzha #14,PHC,Alappuzha,Kerala,10,real_state_totals_synthetic_district_distribution
F02811,PHC Alappuzha #15,PHC,Alappuzha,Kerala,4,real_state_totals_synthetic_district_distribution
F02812,PHC Alappuzha #16,PHC,Alappuzha,Kerala,8,real_state_totals_synthetic_district_distribution
F02813,PHC Alappuzha #17,PHC,Alappuzha,Kerala,5,real_state_totals_synthetic_district_distribution
F02814,PHC Alappuzha #18,PHC,Alappuzha,Kerala,6,real_state_totals_synthetic_district_distribution
F02815,PHC Alappuzha #19,PHC,Alappuzha,Kerala,5,real_state_totals_synthetic_district_distribution
F02816,PHC Alappuzha #20,PHC,Alappuzha,Kerala,5,real_state_totals_synthetic_district_distribution
F02817,PHC Alappuzha #21,PHC,Alappuzha,Kerala,6,real_state_totals_synthetic_district_distribution
F02818,PHC Alappuzha #22,PHC,Alappuzha,Kerala,9,real_state_totals_synthetic_district_distribution
F02819,PHC Alappuzha #23,PHC,Alappuzha,Kerala,5,real_state_totals_synthetic_district_distribution
F02820,PHC Alappuzha #24,PHC,Alappuzha,Kerala,6,real_state_totals_synthetic_district_distribution
F02821,PHC Alappuzha #25,PHC,Alappuzha,Kerala,8,real_state_totals_synthetic_district_distribution
F02822,PHC Alappuzha #26,PHC,Alappuzha,Kerala,6,real_state_totals_synthetic_district_distribution
F02823,PHC Alappuzha #27,PHC,Alappuzha,Kerala,10,real_state_totals_synthetic_district_distribution
F02824,PHC Alappuzha #28,PHC,Alappuzha,Kerala,4,real_state_totals_synthetic_district_distribution
F02825,CHC Alappuzha #1,CHC,Alappuzha,Kerala,28,real_state_totals_synthetic_district_distribution
F02826,CHC Alappuzha #2,CHC,Alappuzha,Kerala,26,real_state_totals_synthetic_district_distribution
F02827,CHC Alappuzha #3,CHC,Alappuzha,Kerala,40,real_state_totals_synthetic_district_distribution
F02828,CHC Alappuzha #4,CHC,Alappuzha,Kerala,50,real_state_totals_synthetic_district_distribution
F02829,CHC Alappuzha #5,CHC,Alappuzha,Kerala,37,real_state_totals_synthetic_district_distribution
F02830,District Hospital Alappuzha #1,District Hospital,Alappuzha,Kerala,170,real_state_totals_synthetic_district_distribution
F02831,PHC Patna #1,PHC,Patna,Bihar,5,real_state_totals_synthetic_district_distribution
F02832,PHC Patna #2,PHC,Patna,Bihar,9,real_state_totals_synthetic_district_distribution
F02833,PHC Patna #3,PHC,Patna,Bihar,6,real_state_totals_synthetic_district_distribution
F02834,PHC Patna #4,PHC,Patna,Bihar,8,real_state_totals_synthetic_district_distribution
F02835,PHC Patna #5,PHC,Patna,Bihar,8,real_state_totals_synthetic_district_distribution
F02836,PHC Patna #6,PHC,Patna,Bihar,4,real_state_totals_synthetic_district_distribution
F02837,PHC Patna #7,PHC,Patna,Bihar,8,real_state_totals_synthetic_district_distribution
F02838,PHC Patna #8,PHC,Patna,Bihar,9,real_state_totals_synthetic_district_distribution
F02839,PHC Patna #9,PHC,Patna,Bihar,5,real_state_totals_synthetic_district_distribution
F02840,PHC Patna #10,PHC,Patna,Bihar,8,real_state_totals_synthetic_district_distribution
F02841,PHC Patna #11,PHC,Patna,Bihar,8,real_state_totals_synthetic_district_distribution
F02842,PHC Patna #12,PHC,Patna,Bihar,5,real_state_totals_synthetic_district_distribution
F02843,PHC Patna #13,PHC,Patna,Bihar,5,real_state_totals_synthetic_district_distribution
F02844,PHC Patna #14,PHC,Patna,Bihar,9,real_state_totals_synthetic_district_distribution
F02845,PHC Patna #15,PHC,Patna,Bihar,8,real_state_totals_synthetic_district_distribution
F02846,PHC Patna #16,PHC,Patna,Bihar,9,real_state_totals_synthetic_district_distribution
F02847,PHC Patna #17,PHC,Patna,Bihar,8,real_state_totals_synthetic_district_distribution
F02848,PHC Patna #18,PHC,Patna,Bihar,6,real_state_totals_synthetic_district_distribution
F02849,PHC Patna #19,PHC,Patna,Bihar,10,real_state_totals_synthetic_district_distribution
F02850,PHC Patna #20,PHC,Patna,Bihar,8,real_state_totals_synthetic_district_distribution
F02851,PHC Patna #21,PHC,Patna,Bihar,4,real_state_totals_synthetic_district_distribution
F02852,PHC Patna #22,PHC,Patna,Bihar,10,real_state_totals_synthetic_district_distribution
F02853,PHC Patna #23,PHC,Patna,Bihar,10,real_state_totals_synthetic_district_distribution
F02854,PHC Patna #24,PHC,Patna,Bihar,4,real_state_totals_synthetic_district_distribution
F02855,PHC Patna #25,PHC,Patna,Bihar,4,real_state_totals_synthetic_district_distribution
F02856,PHC Patna #26,PHC,Patna,Bihar,4,real_state_totals_synthetic_district_distribution
F02857,PHC Patna #27,PHC,Patna,Bihar,9,real_state_totals_synthetic_district_distribution
F02858,PHC Patna #28,PHC,Patna,Bihar,10,real_state_totals_synthetic_district_distribution
F02859,PHC Patna #29,PHC,Patna,Bihar,8,real_state_totals_synthetic_district_distribution
F02860,PHC Patna #30,PHC,Patna,Bihar,6,real_state_totals_synthetic_district_distribution
F02861,PHC Patna #31,PHC,Patna,Bihar,9,real_state_totals_synthetic_district_distribution
F02862,PHC Patna #32,PHC,Patna,Bihar,5,real_state_totals_synthetic_district_distribution
F02863,PHC Patna #33,PHC,Patna,Bihar,10,real_state_totals_synthetic_district_distribution
F02864,PHC Patna #34,PHC,Patna,Bihar,8,real_state_totals_synthetic_district_distribution
F02865,PHC Patna #35,PHC,Patna,Bihar,7,real_state_totals_synthetic_district_distribution
F02866,PHC Patna #36,PHC,Patna,Bihar,8,real_state_totals_synthetic_district_distribution
F02867,PHC Patna #37,PHC,Patna,Bihar,9,real_state_totals_synthetic_district_distribution
F02868,PHC Patna #38,PHC,Patna,Bihar,4,real_state_totals_synthetic_district_distribution
F02869,PHC Patna #39,PHC,Patna,Bihar,7,real_state_totals_synthetic_district_distribution
F02870,PHC Patna #40,PHC,Patna,Bihar,9,real_state_totals_synthetic_district_distribution
F02871,PHC Patna #41,PHC,Patna,Bihar,8,real_state_totals_synthetic_district_distribution
F02872,PHC Patna #42,PHC,Patna,Bihar,6,real_state_totals_synthetic_district_distribution
F02873,PHC Patna #43,PHC,Patna,Bihar,9,real_state_totals_synthetic_district_distribution
F02874,PHC Patna #44,PHC,Patna,Bihar,6,real_state_totals_synthetic_district_distribution
F02875,PHC Patna #45,PHC,Patna,Bihar,7,real_state_totals_synthetic_district_distribution
F02876,PHC Patna #46,PHC,Patna,Bihar,5,real_state_totals_synthetic_district_distribution
F02877,PHC Patna #47,PHC,Patna,Bihar,10,real_state_totals_synthetic_district_distribution
F02878,PHC Patna #48,PHC,Patna,Bihar,10,real_state_totals_synthetic_district_distribution
F02879,PHC Patna #49,PHC,Patna,Bihar,9,real_state_totals_synthetic_district_distribution
F02880,PHC Patna #50,PHC,Patna,Bihar,7,real_state_totals_synthetic_district_distribution
F02881,PHC Patna #51,PHC,Patna,Bihar,6,real_state_totals_synthetic_district_distribution
F02882,PHC Patna #52,PHC,Patna,Bihar,7,real_state_totals_synthetic_district_distribution
F02883,PHC Patna #53,PHC,Patna,Bihar,4,real_state_totals_synthetic_district_distribution
F02884,PHC Patna #54,PHC,Patna,Bihar,9,real_state_totals_synthetic_district_distribution
F02885,PHC Patna #55,PHC,Patna,Bihar,4,real_state_totals_synthetic_district_distribution
F02886,PHC Patna #56,PHC,Patna,Bihar,5,real_state_totals_synthetic_district_distribution
F02887,PHC Patna #57,PHC,Patna,Bihar,7,real_state_totals_synthetic_district_distribution
F02888,PHC Patna #58,PHC,Patna,Bihar,7,real_state_totals_synthetic_district_distribution
F02889,PHC Patna #59,PHC,Patna,Bihar,7,real_state_totals_synthetic_district_distribution
F02890,PHC Patna #60,PHC,Patna,Bihar,7,real_state_totals_synthetic_district_distribution
F02891,PHC Patna #61,PHC,Patna,Bihar,5,real_state_totals_synthetic_district_distribution
F02892,PHC Patna #62,PHC,Patna,Bihar,6,real_state_totals_synthetic_district_distribution
F02893,PHC Patna #63,PHC,Patna,Bihar,8,real_state_totals_synthetic_district_distribution
F02894,PHC Patna #64,PHC,Patna,Bihar,5,real_state_totals_synthetic_district_distribution
F02895,PHC Patna #65,PHC,Patna,Bihar,6,real_state_totals_synthetic_district_distribution
F02896,PHC Patna #66,PHC,Patna,Bihar,10,real_state_totals_synthetic_district_distribution
F02897,PHC Patna #67,PHC,Patna,Bihar,9,real_state_totals_synthetic_district_distribution
F02898,PHC Patna #68,PHC,Patna,Bihar,6,real_state_totals_synthetic_district_distribution
F02899,PHC Patna #69,PHC,Patna,Bihar,9,real_state_totals_synthetic_district_distribution
F02900,PHC Patna #70,PHC,Patna,Bihar,10,real_state_totals_synthetic_district_distribution
F02901,PHC Patna #71,PHC,Patna,Bihar,6,real_state_totals_synthetic_district_distribution
F02902,PHC Patna #72,PHC,Patna,Bihar,7,real_state_totals_synthetic_district_distribution
F02903,PHC Patna #73,PHC,Patna,Bihar,5,real_state_totals_synthetic_district_distribution
F02904,PHC Patna #74,PHC,Patna,Bihar,10,real_state_totals_synthetic_district_distribution
F02905,PHC Patna #75,PHC,Patna,Bihar,6,real_state_totals_synthetic_district_distribution
F02906,PHC Patna #76,PHC,Patna,Bihar,8,real_state_totals_synthetic_district_distribution
F02907,PHC Patna #77,PHC,Patna,Bihar,8,real_state_totals_synthetic_district_distribution
F02908,PHC Patna #78,PHC,Patna,Bihar,4,real_state_totals_synthetic_district_distribution
F02909,PHC Patna #79,PHC,Patna,Bihar,6,real_state_totals_synthetic_district_distribution
F02910,PHC Patna #80,PHC,Patna,Bihar,5,real_state_totals_synthetic_district_distribution
F02911,PHC Patna #81,PHC,Patna,Bihar,7,real_state_totals_synthetic_district_distribution
F02912,PHC Patna #82,PHC,Patna,Bihar,4,real_state_totals_synthetic_district_distribution
F02913,PHC Patna #83,PHC,Patna,Bihar,6,real_state_totals_synthetic_district_distribution
F02914,PHC Patna #84,PHC,Patna,Bihar,7,real_state_totals_synthetic_district_distribution
F02915,PHC Patna #85,PHC,Patna,Bihar,5,real_state_totals_synthetic_district_distribution
F02916,PHC Patna #86,PHC,Patna,Bihar,5,real_state_totals_synthetic_district_distribution
F02917,PHC Patna #87,PHC,Patna,Bihar,4,real_state_totals_synthetic_district_distribution
F02918,PHC Patna #88,PHC,Patna,Bihar,4,real_state_totals_synthetic_district_distribution
F02919,PHC Patna #89,PHC,Patna,Bihar,6,real_state_totals_synthetic_district_distribution
F02920,PHC Patna #90,PHC,Patna,Bihar,7,real_state_totals_synthetic_district_distribution
F02921,PHC Patna #91,PHC,Patna,Bihar,10,real_state_totals_synthetic_district_distribution
F02922,PHC Patna #92,PHC,Patna,Bihar,8,real_state_totals_synthetic_district_distribution
F02923,PHC Patna #93,PHC,Patna,Bihar,7,real_state_totals_synthetic_district_distribution
F02924,PHC Patna #94,PHC,Patna,Bihar,5,real_state_totals_synthetic_district_distribution
F02925,PHC Patna #95,PHC,Patna,Bihar,10,real_state_totals_synthetic_district_distribution
F02926,PHC Patna #96,PHC,Patna,Bihar,5,real_state_totals_synthetic_district_distribution
F02927,PHC Patna #97,PHC,Patna,Bihar,10,real_state_totals_synthetic_district_distribution
F02928,PHC Patna #98,PHC,Patna,Bihar,6,real_state_totals_synthetic_district_distribution
F02929,PHC Patna #99,PHC,Patna,Bihar,8,real_state_totals_synthetic_district_distribution
F02930,PHC Patna #100,PHC,Patna,Bihar,9,real_state_totals_synthetic_district_distribution
F02931,PHC Patna #101,PHC,Patna,Bihar,6,real_state_totals_synthetic_district_distribution
F02932,PHC Patna #102,PHC,Patna,Bihar,5,real_state_totals_synthetic_district_distribution
F02933,PHC Patna #103,PHC,Patna,Bihar,10,real_state_totals_synthetic_district_distribution
F02934,PHC Patna #104,PHC,Patna,Bihar,5,real_state_totals_synthetic_district_distribution
F02935,PHC Patna #105,PHC,Patna,Bihar,7,real_state_totals_synthetic_district_distribution
F02936,CHC Patna #1,CHC,Patna,Bihar,36,real_state_totals_synthetic_district_distribution
F02937,CHC Patna #2,CHC,Patna,Bihar,34,real_state_totals_synthetic_district_distribution
F02938,CHC Patna #3,CHC,Patna,Bihar,35,real_state_totals_synthetic_district_distribution
F02939,CHC Patna #4,CHC,Patna,Bihar,48,real_state_totals_synthetic_district_distribution
F02940,CHC Patna #5,CHC,Patna,Bihar,29,real_state_totals_synthetic_district_distribution
F02941,CHC Patna #6,CHC,Patna,Bihar,35,real_state_totals_synthetic_district_distribution
F02942,CHC Patna #7,CHC,Patna,Bihar,20,real_state_totals_synthetic_district_distribution
F02943,CHC Patna #8,CHC,Patna,Bihar,22,real_state_totals_synthetic_district_distribution
F02944,CHC Patna #9,CHC,Patna,Bihar,50,real_state_totals_synthetic_district_distribution
F02945,CHC Patna #10,CHC,Patna,Bihar,32,real_state_totals_synthetic_district_distribution
F02946,CHC Patna #11,CHC,Patna,Bihar,36,real_state_totals_synthetic_district_distribution
F02947,CHC Patna #12,CHC,Patna,Bihar,34,real_state_totals_synthetic_district_distribution
F02948,CHC Patna #13,CHC,Patna,Bihar,50,real_state_totals_synthetic_district_distribution
F02949,CHC Patna #14,CHC,Patna,Bihar,27,real_state_totals_synthetic_district_distribution
F02950,CHC Patna #15,CHC,Patna,Bihar,26,real_state_totals_synthetic_district_distribution
F02951,CHC Patna #16,CHC,Patna,Bihar,38,real_state_totals_synthetic_district_distribution
F02952,CHC Patna #17,CHC,Patna,Bihar,31,real_state_totals_synthetic_district_distribution
F02953,District Hospital Patna #1,District Hospital,Patna,Bihar,112,real_state_totals_synthetic_district_distribution
F02954,District Hospital Patna #2,District Hospital,Patna,Bihar,112,real_state_totals_synthetic_district_distribution
F02955,PHC Muzaffarpur #1,PHC,Muzaffarpur,Bihar,6,real_state_totals_synthetic_district_distribution
F02956,PHC Muzaffarpur #2,PHC,Muzaffarpur,Bihar,7,real_state_totals_synthetic_district_distribution
F02957,PHC Muzaffarpur #3,PHC,Muzaffarpur,Bihar,8,real_state_totals_synthetic_district_distribution
F02958,PHC Muzaffarpur #4,PHC,Muzaffarpur,Bihar,10,real_state_totals_synthetic_district_distribution
F02959,PHC Muzaffarpur #5,PHC,Muzaffarpur,Bihar,9,real_state_totals_synthetic_district_distribution
F02960,PHC Muzaffarpur #6,PHC,Muzaffarpur,Bihar,9,real_state_totals_synthetic_district_distribution
F02961,PHC Muzaffarpur #7,PHC,Muzaffarpur,Bihar,7,real_state_totals_synthetic_district_distribution
F02962,PHC Muzaffarpur #8,PHC,Muzaffarpur,Bihar,6,real_state_totals_synthetic_district_distribution
F02963,PHC Muzaffarpur #9,PHC,Muzaffarpur,Bihar,8,real_state_totals_synthetic_district_distribution
F02964,PHC Muzaffarpur #10,PHC,Muzaffarpur,Bihar,4,real_state_totals_synthetic_district_distribution
F02965,PHC Muzaffarpur #11,PHC,Muzaffarpur,Bihar,10,real_state_totals_synthetic_district_distribution
F02966,PHC Muzaffarpur #12,PHC,Muzaffarpur,Bihar,4,real_state_totals_synthetic_district_distribution
F02967,PHC Muzaffarpur #13,PHC,Muzaffarpur,Bihar,7,real_state_totals_synthetic_district_distribution
F02968,PHC Muzaffarpur #14,PHC,Muzaffarpur,Bihar,5,real_state_totals_synthetic_district_distribution
F02969,PHC Muzaffarpur #15,PHC,Muzaffarpur,Bihar,6,real_state_totals_synthetic_district_distribution
F02970,PHC Muzaffarpur #16,PHC,Muzaffarpur,Bihar,9,real_state_totals_synthetic_district_distribution
F02971,PHC Muzaffarpur #17,PHC,Muzaffarpur,Bihar,6,real_state_totals_synthetic_district_distribution
F02972,PHC Muzaffarpur #18,PHC,Muzaffarpur,Bihar,10,real_state_totals_synthetic_district_distribution
F02973,PHC Muzaffarpur #19,PHC,Muzaffarpur,Bihar,7,real_state_totals_synthetic_district_distribution
F02974,PHC Muzaffarpur #20,PHC,Muzaffarpur,Bihar,6,real_state_totals_synthetic_district_distribution
F02975,PHC Muzaffarpur #21,PHC,Muzaffarpur,Bihar,4,real_state_totals_synthetic_district_distribution
F02976,PHC Muzaffarpur #22,PHC,Muzaffarpur,Bihar,7,real_state_totals_synthetic_district_distribution
F02977,PHC Muzaffarpur #23,PHC,Muzaffarpur,Bihar,4,real_state_totals_synthetic_district_distribution
F02978,PHC Muzaffarpur #24,PHC,Muzaffarpur,Bihar,8,real_state_totals_synthetic_district_distribution
F02979,PHC Muzaffarpur #25,PHC,Muzaffarpur,Bihar,8,real_state_totals_synthetic_district_distribution
F02980,PHC Muzaffarpur #26,PHC,Muzaffarpur,Bihar,5,real_state_totals_synthetic_district_distribution
F02981,PHC Muzaffarpur #27,PHC,Muzaffarpur,Bihar,6,real_state_totals_synthetic_district_distribution
F02982,PHC Muzaffarpur #28,PHC,Muzaffarpur,Bihar,8,real_state_totals_synthetic_district_distribution
F02983,PHC Muzaffarpur #29,PHC,Muzaffarpur,Bihar,6,real_state_totals_synthetic_district_distribution
F02984,PHC Muzaffarpur #30,PHC,Muzaffarpur,Bihar,4,real_state_totals_synthetic_district_distribution
F02985,PHC Muzaffarpur #31,PHC,Muzaffarpur,Bihar,7,real_state_totals_synthetic_district_distribution
F02986,PHC Muzaffarpur #32,PHC,Muzaffarpur,Bihar,8,real_state_totals_synthetic_district_distribution
F02987,PHC Muzaffarpur #33,PHC,Muzaffarpur,Bihar,7,real_state_totals_synthetic_district_distribution
F02988,PHC Muzaffarpur #34,PHC,Muzaffarpur,Bihar,10,real_state_totals_synthetic_district_distribution
F02989,PHC Muzaffarpur #35,PHC,Muzaffarpur,Bihar,8,real_state_totals_synthetic_district_distribution
F02990,PHC Muzaffarpur #36,PHC,Muzaffarpur,Bihar,6,real_state_totals_synthetic_district_distribution
F02991,PHC Muzaffarpur #37,PHC,Muzaffarpur,Bihar,10,real_state_totals_synthetic_district_distribution
F02992,PHC Muzaffarpur #38,PHC,Muzaffarpur,Bihar,8,real_state_totals_synthetic_district_distribution
F02993,PHC Muzaffarpur #39,PHC,Muzaffarpur,Bihar,9,real_state_totals_synthetic_district_distribution
F02994,PHC Muzaffarpur #40,PHC,Muzaffarpur,Bihar,8,real_state_totals_synthetic_district_distribution
F02995,PHC Muzaffarpur #41,PHC,Muzaffarpur,Bihar,4,real_state_totals_synthetic_district_distribution
F02996,PHC Muzaffarpur #42,PHC,Muzaffarpur,Bihar,5,real_state_totals_synthetic_district_distribution
F02997,PHC Muzaffarpur #43,PHC,Muzaffarpur,Bihar,4,real_state_totals_synthetic_district_distribution
F02998,PHC Muzaffarpur #44,PHC,Muzaffarpur,Bihar,7,real_state_totals_synthetic_district_distribution
F02999,PHC Muzaffarpur #45,PHC,Muzaffarpur,Bihar,6,real_state_totals_synthetic_district_distribution
F03000,PHC Muzaffarpur #46,PHC,Muzaffarpur,Bihar,10,real_state_totals_synthetic_district_distribution
F03001,PHC Muzaffarpur #47,PHC,Muzaffarpur,Bihar,6,real_state_totals_synthetic_district_distribution
F03002,PHC Muzaffarpur #48,PHC,Muzaffarpur,Bihar,8,real_state_totals_synthetic_district_distribution
F03003,PHC Muzaffarpur #49,PHC,Muzaffarpur,Bihar,6,real_state_totals_synthetic_district_distribution
F03004,PHC Muzaffarpur #50,PHC,Muzaffarpur,Bihar,10,real_state_totals_synthetic_district_distribution
F03005,PHC Muzaffarpur #51,PHC,Muzaffarpur,Bihar,5,real_state_totals_synthetic_district_distribution
F03006,PHC Muzaffarpur #52,PHC,Muzaffarpur,Bihar,5,real_state_totals_synthetic_district_distribution
F03007,PHC Muzaffarpur #53,PHC,Muzaffarpur,Bihar,8,real_state_totals_synthetic_district_distribution
F03008,PHC Muzaffarpur #54,PHC,Muzaffarpur,Bihar,8,real_state_totals_synthetic_district_distribution
F03009,PHC Muzaffarpur #55,PHC,Muzaffarpur,Bihar,7,real_state_totals_synthetic_district_distribution
F03010,PHC Muzaffarpur #56,PHC,Muzaffarpur,Bihar,8,real_state_totals_synthetic_district_distribution
F03011,PHC Muzaffarpur #57,PHC,Muzaffarpur,Bihar,4,real_state_totals_synthetic_district_distribution
F03012,PHC Muzaffarpur #58,PHC,Muzaffarpur,Bihar,4,real_state_totals_synthetic_district_distribution
F03013,PHC Muzaffarpur #59,PHC,Muzaffarpur,Bihar,4,real_state_totals_synthetic_district_distribution
F03014,PHC Muzaffarpur #60,PHC,Muzaffarpur,Bihar,5,real_state_totals_synthetic_district_distribution
F03015,PHC Muzaffarpur #61,PHC,Muzaffarpur,Bihar,9,real_state_totals_synthetic_district_distribution
F03016,PHC Muzaffarpur #62,PHC,Muzaffarpur,Bihar,6,real_state_totals_synthetic_district_distribution
F03017,PHC Muzaffarpur #63,PHC,Muzaffarpur,Bihar,10,real_state_totals_synthetic_district_distribution
F03018,PHC Muzaffarpur #64,PHC,Muzaffarpur,Bihar,7,real_state_totals_synthetic_district_distribution
F03019,PHC Muzaffarpur #65,PHC,Muzaffarpur,Bihar,8,real_state_totals_synthetic_district_distribution
F03020,PHC Muzaffarpur #66,PHC,Muzaffarpur,Bihar,7,real_state_totals_synthetic_district_distribution
F03021,PHC Muzaffarpur #67,PHC,Muzaffarpur,Bihar,5,real_state_totals_synthetic_district_distribution
F03022,PHC Muzaffarpur #68,PHC,Muzaffarpur,Bihar,8,real_state_totals_synthetic_district_distribution
F03023,PHC Muzaffarpur #69,PHC,Muzaffarpur,Bihar,8,real_state_totals_synthetic_district_distribution
F03024,PHC Muzaffarpur #70,PHC,Muzaffarpur,Bihar,5,real_state_totals_synthetic_district_distribution
F03025,PHC Muzaffarpur #71,PHC,Muzaffarpur,Bihar,6,real_state_totals_synthetic_district_distribution
F03026,PHC Muzaffarpur #72,PHC,Muzaffarpur,Bihar,8,real_state_totals_synthetic_district_distribution
F03027,PHC Muzaffarpur #73,PHC,Muzaffarpur,Bihar,6,real_state_totals_synthetic_district_distribution
F03028,PHC Muzaffarpur #74,PHC,Muzaffarpur,Bihar,5,real_state_totals_synthetic_district_distribution
F03029,PHC Muzaffarpur #75,PHC,Muzaffarpur,Bihar,7,real_state_totals_synthetic_district_distribution
F03030,PHC Muzaffarpur #76,PHC,Muzaffarpur,Bihar,8,real_state_totals_synthetic_district_distribution
F03031,PHC Muzaffarpur #77,PHC,Muzaffarpur,Bihar,9,real_state_totals_synthetic_district_distribution
F03032,PHC Muzaffarpur #78,PHC,Muzaffarpur,Bihar,10,real_state_totals_synthetic_district_distribution
F03033,PHC Muzaffarpur #79,PHC,Muzaffarpur,Bihar,6,real_state_totals_synthetic_district_distribution
F03034,PHC Muzaffarpur #80,PHC,Muzaffarpur,Bihar,8,real_state_totals_synthetic_district_distribution
F03035,PHC Muzaffarpur #81,PHC,Muzaffarpur,Bihar,6,real_state_totals_synthetic_district_distribution
F03036,PHC Muzaffarpur #82,PHC,Muzaffarpur,Bihar,8,real_state_totals_synthetic_district_distribution
F03037,PHC Muzaffarpur #83,PHC,Muzaffarpur,Bihar,10,real_state_totals_synthetic_district_distribution
F03038,PHC Muzaffarpur #84,PHC,Muzaffarpur,Bihar,8,real_state_totals_synthetic_district_distribution
F03039,PHC Muzaffarpur #85,PHC,Muzaffarpur,Bihar,8,real_state_totals_synthetic_district_distribution
F03040,PHC Muzaffarpur #86,PHC,Muzaffarpur,Bihar,7,real_state_totals_synthetic_district_distribution
F03041,CHC Muzaffarpur #1,CHC,Muzaffarpur,Bihar,42,real_state_totals_synthetic_district_distribution
F03042,CHC Muzaffarpur #2,CHC,Muzaffarpur,Bihar,38,real_state_totals_synthetic_district_distribution
F03043,CHC Muzaffarpur #3,CHC,Muzaffarpur,Bihar,29,real_state_totals_synthetic_district_distribution
F03044,CHC Muzaffarpur #4,CHC,Muzaffarpur,Bihar,35,real_state_totals_synthetic_district_distribution
F03045,CHC Muzaffarpur #5,CHC,Muzaffarpur,Bihar,46,real_state_totals_synthetic_district_distribution
F03046,CHC Muzaffarpur #6,CHC,Muzaffarpur,Bihar,20,real_state_totals_synthetic_district_distribution
F03047,CHC Muzaffarpur #7,CHC,Muzaffarpur,Bihar,31,real_state_totals_synthetic_district_distribution
F03048,CHC Muzaffarpur #8,CHC,Muzaffarpur,Bihar,30,real_state_totals_synthetic_district_distribution
F03049,CHC Muzaffarpur #9,CHC,Muzaffarpur,Bihar,41,real_state_totals_synthetic_district_distribution
F03050,CHC Muzaffarpur #10,CHC,Muzaffarpur,Bihar,23,real_state_totals_synthetic_district_distribution
F03051,CHC Muzaffarpur #11,CHC,Muzaffarpur,Bihar,33,real_state_totals_synthetic_district_distribution
F03052,CHC Muzaffarpur #12,CHC,Muzaffarpur,Bihar,38,real_state_totals_synthetic_district_distribution
F03053,CHC Muzaffarpur #13,CHC,Muzaffarpur,Bihar,29,real_state_totals_synthetic_district_distribution
F03054,CHC Muzaffarpur #14,CHC,Muzaffarpur,Bihar,45,real_state_totals_synthetic_district_distribution
F03055,District Hospital Muzaffarpur #1,District Hospital,Muzaffarpur,Bihar,285,real_state_totals_synthetic_district_distribution
F03056,District Hospital Muzaffarpur #2,District Hospital,Muzaffarpur,Bihar,276,real_state_totals_synthetic_district_distribution
F03057,PHC Gaya #1,PHC,Gaya,Bihar,9,real_state_totals_synthetic_district_distribution
F03058,PHC Gaya #2,PHC,Gaya,Bihar,4,real_state_totals_synthetic_district_distribution
F03059,PHC Gaya #3,PHC,Gaya,Bihar,8,real_state_totals_synthetic_district_distribution
F03060,PHC Gaya #4,PHC,Gaya,Bihar,7,real_state_totals_synthetic_district_distribution
F03061,PHC Gaya #5,PHC,Gaya,Bihar,6,real_state_totals_synthetic_district_distribution
F03062,PHC Gaya #6,PHC,Gaya,Bihar,9,real_state_totals_synthetic_district_distribution
F03063,PHC Gaya #7,PHC,Gaya,Bihar,10,real_state_totals_synthetic_district_distribution
F03064,PHC Gaya #8,PHC,Gaya,Bihar,10,real_state_totals_synthetic_district_distribution
F03065,PHC Gaya #9,PHC,Gaya,Bihar,8,real_state_totals_synthetic_district_distribution
F03066,PHC Gaya #10,PHC,Gaya,Bihar,8,real_state_totals_synthetic_district_distribution
F03067,PHC Gaya #11,PHC,Gaya,Bihar,5,real_state_totals_synthetic_district_distribution
F03068,PHC Gaya #12,PHC,Gaya,Bihar,9,real_state_totals_synthetic_district_distribution
F03069,PHC Gaya #13,PHC,Gaya,Bihar,4,real_state_totals_synthetic_district_distribution
F03070,PHC Gaya #14,PHC,Gaya,Bihar,8,real_state_totals_synthetic_district_distribution
F03071,PHC Gaya #15,PHC,Gaya,Bihar,7,real_state_totals_synthetic_district_distribution
F03072,PHC Gaya #16,PHC,Gaya,Bihar,5,real_state_totals_synthetic_district_distribution
F03073,PHC Gaya #17,PHC,Gaya,Bihar,8,real_state_totals_synthetic_district_distribution
F03074,PHC Gaya #18,PHC,Gaya,Bihar,9,real_state_totals_synthetic_district_distribution
F03075,PHC Gaya #19,PHC,Gaya,Bihar,9,real_state_totals_synthetic_district_distribution
F03076,PHC Gaya #20,PHC,Gaya,Bihar,8,real_state_totals_synthetic_district_distribution
F03077,PHC Gaya #21,PHC,Gaya,Bihar,10,real_state_totals_synthetic_district_distribution
F03078,PHC Gaya #22,PHC,Gaya,Bihar,10,real_state_totals_synthetic_district_distribution
F03079,PHC Gaya #23,PHC,Gaya,Bihar,7,real_state_totals_synthetic_district_distribution
F03080,PHC Gaya #24,PHC,Gaya,Bihar,5,real_state_totals_synthetic_district_distribution
F03081,PHC Gaya #25,PHC,Gaya,Bihar,10,real_state_totals_synthetic_district_distribution
F03082,PHC Gaya #26,PHC,Gaya,Bihar,9,real_state_totals_synthetic_district_distribution
F03083,PHC Gaya #27,PHC,Gaya,Bihar,5,real_state_totals_synthetic_district_distribution
F03084,PHC Gaya #28,PHC,Gaya,Bihar,4,real_state_totals_synthetic_district_distribution
F03085,PHC Gaya #29,PHC,Gaya,Bihar,8,real_state_totals_synthetic_district_distribution
F03086,PHC Gaya #30,PHC,Gaya,Bihar,9,real_state_totals_synthetic_district_distribution
F03087,PHC Gaya #31,PHC,Gaya,Bihar,4,real_state_totals_synthetic_district_distribution
F03088,PHC Gaya #32,PHC,Gaya,Bihar,5,real_state_totals_synthetic_district_distribution
F03089,PHC Gaya #33,PHC,Gaya,Bihar,4,real_state_totals_synthetic_district_distribution
F03090,PHC Gaya #34,PHC,Gaya,Bihar,7,real_state_totals_synthetic_district_distribution
F03091,PHC Gaya #35,PHC,Gaya,Bihar,6,real_state_totals_synthetic_district_distribution
F03092,PHC Gaya #36,PHC,Gaya,Bihar,7,real_state_totals_synthetic_district_distribution
F03093,PHC Gaya #37,PHC,Gaya,Bihar,5,real_state_totals_synthetic_district_distribution
F03094,PHC Gaya #38,PHC,Gaya,Bihar,7,real_state_totals_synthetic_district_distribution
F03095,PHC Gaya #39,PHC,Gaya,Bihar,9,real_state_totals_synthetic_district_distribution
F03096,PHC Gaya #40,PHC,Gaya,Bihar,5,real_state_totals_synthetic_district_distribution
F03097,PHC Gaya #41,PHC,Gaya,Bihar,7,real_state_totals_synthetic_district_distribution
F03098,PHC Gaya #42,PHC,Gaya,Bihar,8,real_state_totals_synthetic_district_distribution
F03099,PHC Gaya #43,PHC,Gaya,Bihar,10,real_state_totals_synthetic_district_distribution
F03100,PHC Gaya #44,PHC,Gaya,Bihar,8,real_state_totals_synthetic_district_distribution
F03101,PHC Gaya #45,PHC,Gaya,Bihar,7,real_state_totals_synthetic_district_distribution
F03102,PHC Gaya #46,PHC,Gaya,Bihar,10,real_state_totals_synthetic_district_distribution
F03103,PHC Gaya #47,PHC,Gaya,Bihar,10,real_state_totals_synthetic_district_distribution
F03104,PHC Gaya #48,PHC,Gaya,Bihar,9,real_state_totals_synthetic_district_distribution
F03105,PHC Gaya #49,PHC,Gaya,Bihar,9,real_state_totals_synthetic_district_distribution
F03106,PHC Gaya #50,PHC,Gaya,Bihar,4,real_state_totals_synthetic_district_distribution
F03107,PHC Gaya #51,PHC,Gaya,Bihar,9,real_state_totals_synthetic_district_distribution
F03108,PHC Gaya #52,PHC,Gaya,Bihar,5,real_state_totals_synthetic_district_distribution
F03109,PHC Gaya #53,PHC,Gaya,Bihar,8,real_state_totals_synthetic_district_distribution
F03110,PHC Gaya #54,PHC,Gaya,Bihar,5,real_state_totals_synthetic_district_distribution
F03111,PHC Gaya #55,PHC,Gaya,Bihar,8,real_state_totals_synthetic_district_distribution
F03112,PHC Gaya #56,PHC,Gaya,Bihar,6,real_state_totals_synthetic_district_distribution
F03113,PHC Gaya #57,PHC,Gaya,Bihar,9,real_state_totals_synthetic_district_distribution
F03114,PHC Gaya #58,PHC,Gaya,Bihar,7,real_state_totals_synthetic_district_distribution
F03115,PHC Gaya #59,PHC,Gaya,Bihar,8,real_state_totals_synthetic_district_distribution
F03116,PHC Gaya #60,PHC,Gaya,Bihar,7,real_state_totals_synthetic_district_distribution
F03117,PHC Gaya #61,PHC,Gaya,Bihar,6,real_state_totals_synthetic_district_distribution
F03118,PHC Gaya #62,PHC,Gaya,Bihar,5,real_state_totals_synthetic_district_distribution
F03119,PHC Gaya #63,PHC,Gaya,Bihar,7,real_state_totals_synthetic_district_distribution
F03120,PHC Gaya #64,PHC,Gaya,Bihar,8,real_state_totals_synthetic_district_distribution
F03121,PHC Gaya #65,PHC,Gaya,Bihar,6,real_state_totals_synthetic_district_distribution
F03122,PHC Gaya #66,PHC,Gaya,Bihar,8,real_state_totals_synthetic_district_distribution
F03123,PHC Gaya #67,PHC,Gaya,Bihar,6,real_state_totals_synthetic_district_distribution
F03124,PHC Gaya #68,PHC,Gaya,Bihar,9,real_state_totals_synthetic_district_distribution
F03125,PHC Gaya #69,PHC,Gaya,Bihar,10,real_state_totals_synthetic_district_distribution
F03126,PHC Gaya #70,PHC,Gaya,Bihar,10,real_state_totals_synthetic_district_distribution
F03127,PHC Gaya #71,PHC,Gaya,Bihar,9,real_state_totals_synthetic_district_distribution
F03128,PHC Gaya #72,PHC,Gaya,Bihar,9,real_state_totals_synthetic_district_distribution
F03129,PHC Gaya #73,PHC,Gaya,Bihar,9,real_state_totals_synthetic_district_distribution
F03130,PHC Gaya #74,PHC,Gaya,Bihar,10,real_state_totals_synthetic_district_distribution
F03131,PHC Gaya #75,PHC,Gaya,Bihar,9,real_state_totals_synthetic_district_distribution
F03132,PHC Gaya #76,PHC,Gaya,Bihar,6,real_state_totals_synthetic_district_distribution
F03133,PHC Gaya #77,PHC,Gaya,Bihar,8,real_state_totals_synthetic_district_distribution
F03134,PHC Gaya #78,PHC,Gaya,Bihar,7,real_state_totals_synthetic_district_distribution
F03135,PHC Gaya #79,PHC,Gaya,Bihar,5,real_state_totals_synthetic_district_distribution
F03136,CHC Gaya #1,CHC,Gaya,Bihar,50,real_state_totals_synthetic_district_distribution
F03137,CHC Gaya #2,CHC,Gaya,Bihar,27,real_state_totals_synthetic_district_distribution
F03138,CHC Gaya #3,CHC,Gaya,Bihar,28,real_state_totals_synthetic_district_distribution
F03139,CHC Gaya #4,CHC,Gaya,Bihar,37,real_state_totals_synthetic_district_distribution
F03140,CHC Gaya #5,CHC,Gaya,Bihar,29,real_state_totals_synthetic_district_distribution
F03141,CHC Gaya #6,CHC,Gaya,Bihar,27,real_state_totals_synthetic_district_distribution
F03142,CHC Gaya #7,CHC,Gaya,Bihar,50,real_state_totals_synthetic_district_distribution
F03143,CHC Gaya #8,CHC,Gaya,Bihar,29,real_state_totals_synthetic_district_distribution
F03144,CHC Gaya #9,CHC,Gaya,Bihar,44,real_state_totals_synthetic_district_distribution
F03145,CHC Gaya #10,CHC,Gaya,Bihar,29,real_state_totals_synthetic_district_distribution
F03146,CHC Gaya #11,CHC,Gaya,Bihar,42,real_state_totals_synthetic_district_distribution
F03147,CHC Gaya #12,CHC,Gaya,Bihar,26,real_state_totals_synthetic_district_distribution
F03148,CHC Gaya #13,CHC,Gaya,Bihar,42,real_state_totals_synthetic_district_distribution
F03149,District Hospital Gaya #1,District Hospital,Gaya,Bihar,280,real_state_totals_synthetic_district_distribution
F03150,District Hospital Gaya #2,District Hospital,Gaya,Bihar,225,real_state_totals_synthetic_district_distribution
F03151,PHC Darbhanga #1,PHC,Darbhanga,Bihar,6,real_state_totals_synthetic_district_distribution
F03152,PHC Darbhanga #2,PHC,Darbhanga,Bihar,7,real_state_totals_synthetic_district_distribution
F03153,PHC Darbhanga #3,PHC,Darbhanga,Bihar,6,real_state_totals_synthetic_district_distribution
F03154,PHC Darbhanga #4,PHC,Darbhanga,Bihar,8,real_state_totals_synthetic_district_distribution
F03155,PHC Darbhanga #5,PHC,Darbhanga,Bihar,10,real_state_totals_synthetic_district_distribution
F03156,PHC Darbhanga #6,PHC,Darbhanga,Bihar,9,real_state_totals_synthetic_district_distribution
F03157,PHC Darbhanga #7,PHC,Darbhanga,Bihar,6,real_state_totals_synthetic_district_distribution
F03158,PHC Darbhanga #8,PHC,Darbhanga,Bihar,6,real_state_totals_synthetic_district_distribution
F03159,PHC Darbhanga #9,PHC,Darbhanga,Bihar,4,real_state_totals_synthetic_district_distribution
F03160,PHC Darbhanga #10,PHC,Darbhanga,Bihar,8,real_state_totals_synthetic_district_distribution
F03161,PHC Darbhanga #11,PHC,Darbhanga,Bihar,9,real_state_totals_synthetic_district_distribution
F03162,PHC Darbhanga #12,PHC,Darbhanga,Bihar,8,real_state_totals_synthetic_district_distribution
F03163,PHC Darbhanga #13,PHC,Darbhanga,Bihar,7,real_state_totals_synthetic_district_distribution
F03164,PHC Darbhanga #14,PHC,Darbhanga,Bihar,7,real_state_totals_synthetic_district_distribution
F03165,PHC Darbhanga #15,PHC,Darbhanga,Bihar,10,real_state_totals_synthetic_district_distribution
F03166,PHC Darbhanga #16,PHC,Darbhanga,Bihar,6,real_state_totals_synthetic_district_distribution
F03167,PHC Darbhanga #17,PHC,Darbhanga,Bihar,10,real_state_totals_synthetic_district_distribution
F03168,PHC Darbhanga #18,PHC,Darbhanga,Bihar,10,real_state_totals_synthetic_district_distribution
F03169,PHC Darbhanga #19,PHC,Darbhanga,Bihar,5,real_state_totals_synthetic_district_distribution
F03170,PHC Darbhanga #20,PHC,Darbhanga,Bihar,6,real_state_totals_synthetic_district_distribution
F03171,PHC Darbhanga #21,PHC,Darbhanga,Bihar,4,real_state_totals_synthetic_district_distribution
F03172,PHC Darbhanga #22,PHC,Darbhanga,Bihar,6,real_state_totals_synthetic_district_distribution
F03173,PHC Darbhanga #23,PHC,Darbhanga,Bihar,9,real_state_totals_synthetic_district_distribution
F03174,PHC Darbhanga #24,PHC,Darbhanga,Bihar,4,real_state_totals_synthetic_district_distribution
F03175,PHC Darbhanga #25,PHC,Darbhanga,Bihar,6,real_state_totals_synthetic_district_distribution
F03176,PHC Darbhanga #26,PHC,Darbhanga,Bihar,7,real_state_totals_synthetic_district_distribution
F03177,PHC Darbhanga #27,PHC,Darbhanga,Bihar,9,real_state_totals_synthetic_district_distribution
F03178,PHC Darbhanga #28,PHC,Darbhanga,Bihar,6,real_state_totals_synthetic_district_distribution
F03179,PHC Darbhanga #29,PHC,Darbhanga,Bihar,9,real_state_totals_synthetic_district_distribution
F03180,PHC Darbhanga #30,PHC,Darbhanga,Bihar,7,real_state_totals_synthetic_district_distribution
F03181,PHC Darbhanga #31,PHC,Darbhanga,Bihar,5,real_state_totals_synthetic_district_distribution
F03182,PHC Darbhanga #32,PHC,Darbhanga,Bihar,5,real_state_totals_synthetic_district_distribution
F03183,PHC Darbhanga #33,PHC,Darbhanga,Bihar,10,real_state_totals_synthetic_district_distribution
F03184,PHC Darbhanga #34,PHC,Darbhanga,Bihar,8,real_state_totals_synthetic_district_distribution
F03185,PHC Darbhanga #35,PHC,Darbhanga,Bihar,6,real_state_totals_synthetic_district_distribution
F03186,PHC Darbhanga #36,PHC,Darbhanga,Bihar,8,real_state_totals_synthetic_district_distribution
F03187,PHC Darbhanga #37,PHC,Darbhanga,Bihar,9,real_state_totals_synthetic_district_distribution
F03188,PHC Darbhanga #38,PHC,Darbhanga,Bihar,6,real_state_totals_synthetic_district_distribution
F03189,PHC Darbhanga #39,PHC,Darbhanga,Bihar,5,real_state_totals_synthetic_district_distribution
F03190,PHC Darbhanga #40,PHC,Darbhanga,Bihar,4,real_state_totals_synthetic_district_distribution
F03191,PHC Darbhanga #41,PHC,Darbhanga,Bihar,8,real_state_totals_synthetic_district_distribution
F03192,PHC Darbhanga #42,PHC,Darbhanga,Bihar,9,real_state_totals_synthetic_district_distribution
F03193,PHC Darbhanga #43,PHC,Darbhanga,Bihar,8,real_state_totals_synthetic_district_distribution
F03194,PHC Darbhanga #44,PHC,Darbhanga,Bihar,5,real_state_totals_synthetic_district_distribution
F03195,PHC Darbhanga #45,PHC,Darbhanga,Bihar,5,real_state_totals_synthetic_district_distribution
F03196,PHC Darbhanga #46,PHC,Darbhanga,Bihar,4,real_state_totals_synthetic_district_distribution
F03197,PHC Darbhanga #47,PHC,Darbhanga,Bihar,9,real_state_totals_synthetic_district_distribution
F03198,PHC Darbhanga #48,PHC,Darbhanga,Bihar,8,real_state_totals_synthetic_district_distribution
F03199,PHC Darbhanga #49,PHC,Darbhanga,Bihar,5,real_state_totals_synthetic_district_distribution
F03200,PHC Darbhanga #50,PHC,Darbhanga,Bihar,9,real_state_totals_synthetic_district_distribution
F03201,PHC Darbhanga #51,PHC,Darbhanga,Bihar,5,real_state_totals_synthetic_district_distribution
F03202,PHC Darbhanga #52,PHC,Darbhanga,Bihar,4,real_state_totals_synthetic_district_distribution
F03203,PHC Darbhanga #53,PHC,Darbhanga,Bihar,4,real_state_totals_synthetic_district_distribution
F03204,PHC Darbhanga #54,PHC,Darbhanga,Bihar,7,real_state_totals_synthetic_district_distribution
F03205,PHC Darbhanga #55,PHC,Darbhanga,Bihar,6,real_state_totals_synthetic_district_distribution
F03206,PHC Darbhanga #56,PHC,Darbhanga,Bihar,9,real_state_totals_synthetic_district_distribution
F03207,PHC Darbhanga #57,PHC,Darbhanga,Bihar,7,real_state_totals_synthetic_district_distribution
F03208,PHC Darbhanga #58,PHC,Darbhanga,Bihar,4,real_state_totals_synthetic_district_distribution
F03209,PHC Darbhanga #59,PHC,Darbhanga,Bihar,9,real_state_totals_synthetic_district_distribution
F03210,PHC Darbhanga #60,PHC,Darbhanga,Bihar,10,real_state_totals_synthetic_district_distribution
F03211,PHC Darbhanga #61,PHC,Darbhanga,Bihar,5,real_state_totals_synthetic_district_distribution
F03212,PHC Darbhanga #62,PHC,Darbhanga,Bihar,4,real_state_totals_synthetic_district_distribution
F03213,PHC Darbhanga #63,PHC,Darbhanga,Bihar,8,real_state_totals_synthetic_district_distribution
F03214,PHC Darbhanga #64,PHC,Darbhanga,Bihar,5,real_state_totals_synthetic_district_distribution
F03215,PHC Darbhanga #65,PHC,Darbhanga,Bihar,7,real_state_totals_synthetic_district_distribution
F03216,PHC Darbhanga #66,PHC,Darbhanga,Bihar,9,real_state_totals_synthetic_district_distribution
F03217,PHC Darbhanga #67,PHC,Darbhanga,Bihar,7,real_state_totals_synthetic_district_distribution
F03218,PHC Darbhanga #68,PHC,Darbhanga,Bihar,7,real_state_totals_synthetic_district_distribution
F03219,PHC Darbhanga #69,PHC,Darbhanga,Bihar,9,real_state_totals_synthetic_district_distribution
F03220,PHC Darbhanga #70,PHC,Darbhanga,Bihar,5,real_state_totals_synthetic_district_distribution
F03221,CHC Darbhanga #1,CHC,Darbhanga,Bihar,44,real_state_totals_synthetic_district_distribution
F03222,CHC Darbhanga #2,CHC,Darbhanga,Bihar,50,real_state_totals_synthetic_district_distribution
F03223,CHC Darbhanga #3,CHC,Darbhanga,Bihar,29,real_state_totals_synthetic_district_distribution
F03224,CHC Darbhanga #4,CHC,Darbhanga,Bihar,30,real_state_totals_synthetic_district_distribution
F03225,CHC Darbhanga #5,CHC,Darbhanga,Bihar,29,real_state_totals_synthetic_district_distribution
F03226,CHC Darbhanga #6,CHC,Darbhanga,Bihar,40,real_state_totals_synthetic_district_distribution
F03227,CHC Darbhanga #7,CHC,Darbhanga,Bihar,21,real_state_totals_synthetic_district_distribution
F03228,CHC Darbhanga #8,CHC,Darbhanga,Bihar,49,real_state_totals_synthetic_district_distribution
F03229,CHC Darbhanga #9,CHC,Darbhanga,Bihar,44,real_state_totals_synthetic_district_distribution
F03230,CHC Darbhanga #10,CHC,Darbhanga,Bihar,22,real_state_totals_synthetic_district_distribution
F03231,CHC Darbhanga #11,CHC,Darbhanga,Bihar,40,real_state_totals_synthetic_district_distribution
F03232,CHC Darbhanga #12,CHC,Darbhanga,Bihar,38,real_state_totals_synthetic_district_distribution
F03233,District Hospital Darbhanga #1,District Hospital,Darbhanga,Bihar,159,real_state_totals_synthetic_district_distribution
F03234,PHC Purnia #1,PHC,Purnia,Bihar,8,real_state_totals_synthetic_district_distribution
F03235,PHC Purnia #2,PHC,Purnia,Bihar,9,real_state_totals_synthetic_district_distribution
F03236,PHC Purnia #3,PHC,Purnia,Bihar,9,real_state_totals_synthetic_district_distribution
F03237,PHC Purnia #4,PHC,Purnia,Bihar,10,real_state_totals_synthetic_district_distribution
F03238,PHC Purnia #5,PHC,Purnia,Bihar,4,real_state_totals_synthetic_district_distribution
F03239,PHC Purnia #6,PHC,Purnia,Bihar,5,real_state_totals_synthetic_district_distribution
F03240,PHC Purnia #7,PHC,Purnia,Bihar,7,real_state_totals_synthetic_district_distribution
F03241,PHC Purnia #8,PHC,Purnia,Bihar,10,real_state_totals_synthetic_district_distribution
F03242,PHC Purnia #9,PHC,Purnia,Bihar,5,real_state_totals_synthetic_district_distribution
F03243,PHC Purnia #10,PHC,Purnia,Bihar,4,real_state_totals_synthetic_district_distribution
F03244,PHC Purnia #11,PHC,Purnia,Bihar,10,real_state_totals_synthetic_district_distribution
F03245,PHC Purnia #12,PHC,Purnia,Bihar,7,real_state_totals_synthetic_district_distribution
F03246,PHC Purnia #13,PHC,Purnia,Bihar,10,real_state_totals_synthetic_district_distribution
F03247,PHC Purnia #14,PHC,Purnia,Bihar,7,real_state_totals_synthetic_district_distribution
F03248,PHC Purnia #15,PHC,Purnia,Bihar,5,real_state_totals_synthetic_district_distribution
F03249,PHC Purnia #16,PHC,Purnia,Bihar,9,real_state_totals_synthetic_district_distribution
F03250,PHC Purnia #17,PHC,Purnia,Bihar,10,real_state_totals_synthetic_district_distribution
F03251,PHC Purnia #18,PHC,Purnia,Bihar,6,real_state_totals_synthetic_district_distribution
F03252,PHC Purnia #19,PHC,Purnia,Bihar,4,real_state_totals_synthetic_district_distribution
F03253,PHC Purnia #20,PHC,Purnia,Bihar,4,real_state_totals_synthetic_district_distribution
F03254,PHC Purnia #21,PHC,Purnia,Bihar,6,real_state_totals_synthetic_district_distribution
F03255,PHC Purnia #22,PHC,Purnia,Bihar,8,real_state_totals_synthetic_district_distribution
F03256,PHC Purnia #23,PHC,Purnia,Bihar,8,real_state_totals_synthetic_district_distribution
F03257,PHC Purnia #24,PHC,Purnia,Bihar,4,real_state_totals_synthetic_district_distribution
F03258,PHC Purnia #25,PHC,Purnia,Bihar,6,real_state_totals_synthetic_district_distribution
F03259,PHC Purnia #26,PHC,Purnia,Bihar,6,real_state_totals_synthetic_district_distribution
F03260,PHC Purnia #27,PHC,Purnia,Bihar,7,real_state_totals_synthetic_district_distribution
F03261,PHC Purnia #28,PHC,Purnia,Bihar,9,real_state_totals_synthetic_district_distribution
F03262,PHC Purnia #29,PHC,Purnia,Bihar,8,real_state_totals_synthetic_district_distribution
F03263,PHC Purnia #30,PHC,Purnia,Bihar,8,real_state_totals_synthetic_district_distribution
F03264,PHC Purnia #31,PHC,Purnia,Bihar,7,real_state_totals_synthetic_district_distribution
F03265,PHC Purnia #32,PHC,Purnia,Bihar,5,real_state_totals_synthetic_district_distribution
F03266,PHC Purnia #33,PHC,Purnia,Bihar,10,real_state_totals_synthetic_district_distribution
F03267,PHC Purnia #34,PHC,Purnia,Bihar,8,real_state_totals_synthetic_district_distribution
F03268,PHC Purnia #35,PHC,Purnia,Bihar,7,real_state_totals_synthetic_district_distribution
F03269,PHC Purnia #36,PHC,Purnia,Bihar,6,real_state_totals_synthetic_district_distribution
F03270,PHC Purnia #37,PHC,Purnia,Bihar,5,real_state_totals_synthetic_district_distribution
F03271,PHC Purnia #38,PHC,Purnia,Bihar,10,real_state_totals_synthetic_district_distribution
F03272,PHC Purnia #39,PHC,Purnia,Bihar,4,real_state_totals_synthetic_district_distribution
F03273,PHC Purnia #40,PHC,Purnia,Bihar,6,real_state_totals_synthetic_district_distribution
F03274,PHC Purnia #41,PHC,Purnia,Bihar,5,real_state_totals_synthetic_district_distribution
F03275,PHC Purnia #42,PHC,Purnia,Bihar,9,real_state_totals_synthetic_district_distribution
F03276,PHC Purnia #43,PHC,Purnia,Bihar,7,real_state_totals_synthetic_district_distribution
F03277,PHC Purnia #44,PHC,Purnia,Bihar,9,real_state_totals_synthetic_district_distribution
F03278,PHC Purnia #45,PHC,Purnia,Bihar,6,real_state_totals_synthetic_district_distribution
F03279,PHC Purnia #46,PHC,Purnia,Bihar,9,real_state_totals_synthetic_district_distribution
F03280,PHC Purnia #47,PHC,Purnia,Bihar,5,real_state_totals_synthetic_district_distribution
F03281,PHC Purnia #48,PHC,Purnia,Bihar,4,real_state_totals_synthetic_district_distribution
F03282,PHC Purnia #49,PHC,Purnia,Bihar,9,real_state_totals_synthetic_district_distribution
F03283,PHC Purnia #50,PHC,Purnia,Bihar,6,real_state_totals_synthetic_district_distribution
F03284,PHC Purnia #51,PHC,Purnia,Bihar,10,real_state_totals_synthetic_district_distribution
F03285,PHC Purnia #52,PHC,Purnia,Bihar,6,real_state_totals_synthetic_district_distribution
F03286,PHC Purnia #53,PHC,Purnia,Bihar,8,real_state_totals_synthetic_district_distribution
F03287,PHC Purnia #54,PHC,Purnia,Bihar,9,real_state_totals_synthetic_district_distribution
F03288,PHC Purnia #55,PHC,Purnia,Bihar,10,real_state_totals_synthetic_district_distribution
F03289,PHC Purnia #56,PHC,Purnia,Bihar,5,real_state_totals_synthetic_district_distribution
F03290,PHC Purnia #57,PHC,Purnia,Bihar,5,real_state_totals_synthetic_district_distribution
F03291,PHC Purnia #58,PHC,Purnia,Bihar,8,real_state_totals_synthetic_district_distribution
F03292,CHC Purnia #1,CHC,Purnia,Bihar,47,real_state_totals_synthetic_district_distribution
F03293,CHC Purnia #2,CHC,Purnia,Bihar,40,real_state_totals_synthetic_district_distribution
F03294,CHC Purnia #3,CHC,Purnia,Bihar,48,real_state_totals_synthetic_district_distribution
F03295,CHC Purnia #4,CHC,Purnia,Bihar,32,real_state_totals_synthetic_district_distribution
F03296,CHC Purnia #5,CHC,Purnia,Bihar,46,real_state_totals_synthetic_district_distribution
F03297,CHC Purnia #6,CHC,Purnia,Bihar,33,real_state_totals_synthetic_district_distribution
F03298,CHC Purnia #7,CHC,Purnia,Bihar,36,real_state_totals_synthetic_district_distribution
F03299,CHC Purnia #8,CHC,Purnia,Bihar,30,real_state_totals_synthetic_district_distribution
F03300,CHC Purnia #9,CHC,Purnia,Bihar,22,real_state_totals_synthetic_district_distribution
F03301,CHC Purnia #10,CHC,Purnia,Bihar,32,real_state_totals_synthetic_district_distribution
F03302,District Hospital Purnia #1,District Hospital,Purnia,Bihar,271,real_state_totals_synthetic_district_distribution
F03303,PHC Samastipur #1,PHC,Samastipur,Bihar,4,real_state_totals_synthetic_district_distribution
F03304,PHC Samastipur #2,PHC,Samastipur,Bihar,5,real_state_totals_synthetic_district_distribution
F03305,PHC Samastipur #3,PHC,Samastipur,Bihar,5,real_state_totals_synthetic_district_distribution
F03306,PHC Samastipur #4,PHC,Samastipur,Bihar,7,real_state_totals_synthetic_district_distribution
F03307,PHC Samastipur #5,PHC,Samastipur,Bihar,6,real_state_totals_synthetic_district_distribution
F03308,PHC Samastipur #6,PHC,Samastipur,Bihar,5,real_state_totals_synthetic_district_distribution
F03309,PHC Samastipur #7,PHC,Samastipur,Bihar,4,real_state_totals_synthetic_district_distribution
F03310,PHC Samastipur #8,PHC,Samastipur,Bihar,6,real_state_totals_synthetic_district_distribution
F03311,PHC Samastipur #9,PHC,Samastipur,Bihar,7,real_state_totals_synthetic_district_distribution
F03312,PHC Samastipur #10,PHC,Samastipur,Bihar,5,real_state_totals_synthetic_district_distribution
F03313,PHC Samastipur #11,PHC,Samastipur,Bihar,7,real_state_totals_synthetic_district_distribution
F03314,PHC Samastipur #12,PHC,Samastipur,Bihar,10,real_state_totals_synthetic_district_distribution
F03315,PHC Samastipur #13,PHC,Samastipur,Bihar,6,real_state_totals_synthetic_district_distribution
F03316,PHC Samastipur #14,PHC,Samastipur,Bihar,6,real_state_totals_synthetic_district_distribution
F03317,PHC Samastipur #15,PHC,Samastipur,Bihar,6,real_state_totals_synthetic_district_distribution
F03318,PHC Samastipur #16,PHC,Samastipur,Bihar,8,real_state_totals_synthetic_district_distribution
F03319,PHC Samastipur #17,PHC,Samastipur,Bihar,9,real_state_totals_synthetic_district_distribution
F03320,PHC Samastipur #18,PHC,Samastipur,Bihar,8,real_state_totals_synthetic_district_distribution
F03321,PHC Samastipur #19,PHC,Samastipur,Bihar,4,real_state_totals_synthetic_district_distribution
F03322,PHC Samastipur #20,PHC,Samastipur,Bihar,6,real_state_totals_synthetic_district_distribution
F03323,PHC Samastipur #21,PHC,Samastipur,Bihar,9,real_state_totals_synthetic_district_distribution
F03324,PHC Samastipur #22,PHC,Samastipur,Bihar,6,real_state_totals_synthetic_district_distribution
F03325,PHC Samastipur #23,PHC,Samastipur,Bihar,9,real_state_totals_synthetic_district_distribution
F03326,PHC Samastipur #24,PHC,Samastipur,Bihar,5,real_state_totals_synthetic_district_distribution
F03327,PHC Samastipur #25,PHC,Samastipur,Bihar,4,real_state_totals_synthetic_district_distribution
F03328,PHC Samastipur #26,PHC,Samastipur,Bihar,9,real_state_totals_synthetic_district_distribution
F03329,PHC Samastipur #27,PHC,Samastipur,Bihar,4,real_state_totals_synthetic_district_distribution
F03330,PHC Samastipur #28,PHC,Samastipur,Bihar,7,real_state_totals_synthetic_district_distribution
F03331,PHC Samastipur #29,PHC,Samastipur,Bihar,6,real_state_totals_synthetic_district_distribution
F03332,PHC Samastipur #30,PHC,Samastipur,Bihar,5,real_state_totals_synthetic_district_distribution
F03333,PHC Samastipur #31,PHC,Samastipur,Bihar,7,real_state_totals_synthetic_district_distribution
F03334,PHC Samastipur #32,PHC,Samastipur,Bihar,9,real_state_totals_synthetic_district_distribution
F03335,PHC Samastipur #33,PHC,Samastipur,Bihar,8,real_state_totals_synthetic_district_distribution
F03336,PHC Samastipur #34,PHC,Samastipur,Bihar,9,real_state_totals_synthetic_district_distribution
F03337,PHC Samastipur #35,PHC,Samastipur,Bihar,10,real_state_totals_synthetic_district_distribution
F03338,PHC Samastipur #36,PHC,Samastipur,Bihar,6,real_state_totals_synthetic_district_distribution
F03339,PHC Samastipur #37,PHC,Samastipur,Bihar,9,real_state_totals_synthetic_district_distribution
F03340,PHC Samastipur #38,PHC,Samastipur,Bihar,4,real_state_totals_synthetic_district_distribution
F03341,PHC Samastipur #39,PHC,Samastipur,Bihar,9,real_state_totals_synthetic_district_distribution
F03342,PHC Samastipur #40,PHC,Samastipur,Bihar,6,real_state_totals_synthetic_district_distribution
F03343,PHC Samastipur #41,PHC,Samastipur,Bihar,6,real_state_totals_synthetic_district_distribution
F03344,PHC Samastipur #42,PHC,Samastipur,Bihar,8,real_state_totals_synthetic_district_distribution
F03345,PHC Samastipur #43,PHC,Samastipur,Bihar,5,real_state_totals_synthetic_district_distribution
F03346,PHC Samastipur #44,PHC,Samastipur,Bihar,5,real_state_totals_synthetic_district_distribution
F03347,PHC Samastipur #45,PHC,Samastipur,Bihar,5,real_state_totals_synthetic_district_distribution
F03348,PHC Samastipur #46,PHC,Samastipur,Bihar,7,real_state_totals_synthetic_district_distribution
F03349,PHC Samastipur #47,PHC,Samastipur,Bihar,5,real_state_totals_synthetic_district_distribution
F03350,PHC Samastipur #48,PHC,Samastipur,Bihar,7,real_state_totals_synthetic_district_distribution
F03351,PHC Samastipur #49,PHC,Samastipur,Bihar,9,real_state_totals_synthetic_district_distribution
F03352,PHC Samastipur #50,PHC,Samastipur,Bihar,8,real_state_totals_synthetic_district_distribution
F03353,PHC Samastipur #51,PHC,Samastipur,Bihar,6,real_state_totals_synthetic_district_distribution
F03354,PHC Samastipur #52,PHC,Samastipur,Bihar,7,real_state_totals_synthetic_district_distribution
F03355,PHC Samastipur #53,PHC,Samastipur,Bihar,9,real_state_totals_synthetic_district_distribution
F03356,PHC Samastipur #54,PHC,Samastipur,Bihar,8,real_state_totals_synthetic_district_distribution
F03357,PHC Samastipur #55,PHC,Samastipur,Bihar,7,real_state_totals_synthetic_district_distribution
F03358,PHC Samastipur #56,PHC,Samastipur,Bihar,10,real_state_totals_synthetic_district_distribution
F03359,PHC Samastipur #57,PHC,Samastipur,Bihar,8,real_state_totals_synthetic_district_distribution
F03360,PHC Samastipur #58,PHC,Samastipur,Bihar,10,real_state_totals_synthetic_district_distribution
F03361,PHC Samastipur #59,PHC,Samastipur,Bihar,9,real_state_totals_synthetic_district_distribution
F03362,PHC Samastipur #60,PHC,Samastipur,Bihar,10,real_state_totals_synthetic_district_distribution
F03363,PHC Samastipur #61,PHC,Samastipur,Bihar,5,real_state_totals_synthetic_district_distribution
F03364,PHC Samastipur #62,PHC,Samastipur,Bihar,10,real_state_totals_synthetic_district_distribution
F03365,PHC Samastipur #63,PHC,Samastipur,Bihar,5,real_state_totals_synthetic_district_distribution
F03366,PHC Samastipur #64,PHC,Samastipur,Bihar,9,real_state_totals_synthetic_district_distribution
F03367,PHC Samastipur #65,PHC,Samastipur,Bihar,10,real_state_totals_synthetic_district_distribution
F03368,PHC Samastipur #66,PHC,Samastipur,Bihar,8,real_state_totals_synthetic_district_distribution
F03369,PHC Samastipur #67,PHC,Samastipur,Bihar,10,real_state_totals_synthetic_district_distribution
F03370,PHC Samastipur #68,PHC,Samastipur,Bihar,10,real_state_totals_synthetic_district_distribution
F03371,PHC Samastipur #69,PHC,Samastipur,Bihar,4,real_state_totals_synthetic_district_distribution
F03372,PHC Samastipur #70,PHC,Samastipur,Bihar,8,real_state_totals_synthetic_district_distribution
F03373,PHC Samastipur #71,PHC,Samastipur,Bihar,7,real_state_totals_synthetic_district_distribution
F03374,PHC Samastipur #72,PHC,Samastipur,Bihar,8,real_state_totals_synthetic_district_distribution
F03375,PHC Samastipur #73,PHC,Samastipur,Bihar,9,real_state_totals_synthetic_district_distribution
F03376,PHC Samastipur #74,PHC,Samastipur,Bihar,6,real_state_totals_synthetic_district_distribution
F03377,PHC Samastipur #75,PHC,Samastipur,Bihar,4,real_state_totals_synthetic_district_distribution
F03378,PHC Samastipur #76,PHC,Samastipur,Bihar,8,real_state_totals_synthetic_district_distribution
F03379,CHC Samastipur #1,CHC,Samastipur,Bihar,23,real_state_totals_synthetic_district_distribution
F03380,CHC Samastipur #2,CHC,Samastipur,Bihar,21,real_state_totals_synthetic_district_distribution
F03381,CHC Samastipur #3,CHC,Samastipur,Bihar,46,real_state_totals_synthetic_district_distribution
F03382,CHC Samastipur #4,CHC,Samastipur,Bihar,37,real_state_totals_synthetic_district_distribution
F03383,CHC Samastipur #5,CHC,Samastipur,Bihar,48,real_state_totals_synthetic_district_distribution
F03384,CHC Samastipur #6,CHC,Samastipur,Bihar,36,real_state_totals_synthetic_district_distribution
F03385,CHC Samastipur #7,CHC,Samastipur,Bihar,26,real_state_totals_synthetic_district_distribution
F03386,CHC Samastipur #8,CHC,Samastipur,Bihar,38,real_state_totals_synthetic_district_distribution
F03387,CHC Samastipur #9,CHC,Samastipur,Bihar,37,real_state_totals_synthetic_district_distribution
F03388,CHC Samastipur #10,CHC,Samastipur,Bihar,24,real_state_totals_synthetic_district_distribution
F03389,CHC Samastipur #11,CHC,Samastipur,Bihar,25,real_state_totals_synthetic_district_distribution
F03390,CHC Samastipur #12,CHC,Samastipur,Bihar,30,real_state_totals_synthetic_district_distribution
F03391,CHC Samastipur #13,CHC,Samastipur,Bihar,47,real_state_totals_synthetic_district_distribution
F03392,District Hospital Samastipur #1,District Hospital,Samastipur,Bihar,233,real_state_totals_synthetic_district_distribution
F03393,District Hospital Samastipur #2,District Hospital,Samastipur,Bihar,213,real_state_totals_synthetic_district_distribution
F03394,PHC Bhagalpur #1,PHC,Bhagalpur,Bihar,4,real_state_totals_synthetic_district_distribution
F03395,PHC Bhagalpur #2,PHC,Bhagalpur,Bihar,9,real_state_totals_synthetic_district_distribution
F03396,PHC Bhagalpur #3,PHC,Bhagalpur,Bihar,5,real_state_totals_synthetic_district_distribution
F03397,PHC Bhagalpur #4,PHC,Bhagalpur,Bihar,9,real_state_totals_synthetic_district_distribution
F03398,PHC Bhagalpur #5,PHC,Bhagalpur,Bihar,8,real_state_totals_synthetic_district_distribution
F03399,PHC Bhagalpur #6,PHC,Bhagalpur,Bihar,7,real_state_totals_synthetic_district_distribution
F03400,PHC Bhagalpur #7,PHC,Bhagalpur,Bihar,4,real_state_totals_synthetic_district_distribution
F03401,PHC Bhagalpur #8,PHC,Bhagalpur,Bihar,8,real_state_totals_synthetic_district_distribution
F03402,PHC Bhagalpur #9,PHC,Bhagalpur,Bihar,7,real_state_totals_synthetic_district_distribution
F03403,PHC Bhagalpur #10,PHC,Bhagalpur,Bihar,10,real_state_totals_synthetic_district_distribution
F03404,PHC Bhagalpur #11,PHC,Bhagalpur,Bihar,4,real_state_totals_synthetic_district_distribution
F03405,PHC Bhagalpur #12,PHC,Bhagalpur,Bihar,7,real_state_totals_synthetic_district_distribution
F03406,PHC Bhagalpur #13,PHC,Bhagalpur,Bihar,5,real_state_totals_synthetic_district_distribution
F03407,PHC Bhagalpur #14,PHC,Bhagalpur,Bihar,8,real_state_totals_synthetic_district_distribution
F03408,PHC Bhagalpur #15,PHC,Bhagalpur,Bihar,7,real_state_totals_synthetic_district_distribution
F03409,PHC Bhagalpur #16,PHC,Bhagalpur,Bihar,7,real_state_totals_synthetic_district_distribution
F03410,PHC Bhagalpur #17,PHC,Bhagalpur,Bihar,8,real_state_totals_synthetic_district_distribution
F03411,PHC Bhagalpur #18,PHC,Bhagalpur,Bihar,4,real_state_totals_synthetic_district_distribution
F03412,PHC Bhagalpur #19,PHC,Bhagalpur,Bihar,8,real_state_totals_synthetic_district_distribution
F03413,PHC Bhagalpur #20,PHC,Bhagalpur,Bihar,7,real_state_totals_synthetic_district_distribution
F03414,PHC Bhagalpur #21,PHC,Bhagalpur,Bihar,9,real_state_totals_synthetic_district_distribution
F03415,PHC Bhagalpur #22,PHC,Bhagalpur,Bihar,10,real_state_totals_synthetic_district_distribution
F03416,PHC Bhagalpur #23,PHC,Bhagalpur,Bihar,6,real_state_totals_synthetic_district_distribution
F03417,PHC Bhagalpur #24,PHC,Bhagalpur,Bihar,9,real_state_totals_synthetic_district_distribution
F03418,PHC Bhagalpur #25,PHC,Bhagalpur,Bihar,4,real_state_totals_synthetic_district_distribution
F03419,PHC Bhagalpur #26,PHC,Bhagalpur,Bihar,7,real_state_totals_synthetic_district_distribution
F03420,PHC Bhagalpur #27,PHC,Bhagalpur,Bihar,6,real_state_totals_synthetic_district_distribution
F03421,PHC Bhagalpur #28,PHC,Bhagalpur,Bihar,10,real_state_totals_synthetic_district_distribution
F03422,PHC Bhagalpur #29,PHC,Bhagalpur,Bihar,4,real_state_totals_synthetic_district_distribution
F03423,PHC Bhagalpur #30,PHC,Bhagalpur,Bihar,9,real_state_totals_synthetic_district_distribution
F03424,PHC Bhagalpur #31,PHC,Bhagalpur,Bihar,5,real_state_totals_synthetic_district_distribution
F03425,PHC Bhagalpur #32,PHC,Bhagalpur,Bihar,8,real_state_totals_synthetic_district_distribution
F03426,PHC Bhagalpur #33,PHC,Bhagalpur,Bihar,4,real_state_totals_synthetic_district_distribution
F03427,PHC Bhagalpur #34,PHC,Bhagalpur,Bihar,4,real_state_totals_synthetic_district_distribution
F03428,PHC Bhagalpur #35,PHC,Bhagalpur,Bihar,7,real_state_totals_synthetic_district_distribution
F03429,PHC Bhagalpur #36,PHC,Bhagalpur,Bihar,6,real_state_totals_synthetic_district_distribution
F03430,PHC Bhagalpur #37,PHC,Bhagalpur,Bihar,9,real_state_totals_synthetic_district_distribution
F03431,PHC Bhagalpur #38,PHC,Bhagalpur,Bihar,4,real_state_totals_synthetic_district_distribution
F03432,PHC Bhagalpur #39,PHC,Bhagalpur,Bihar,8,real_state_totals_synthetic_district_distribution
F03433,PHC Bhagalpur #40,PHC,Bhagalpur,Bihar,4,real_state_totals_synthetic_district_distribution
F03434,PHC Bhagalpur #41,PHC,Bhagalpur,Bihar,4,real_state_totals_synthetic_district_distribution
F03435,PHC Bhagalpur #42,PHC,Bhagalpur,Bihar,7,real_state_totals_synthetic_district_distribution
F03436,PHC Bhagalpur #43,PHC,Bhagalpur,Bihar,4,real_state_totals_synthetic_district_distribution
F03437,PHC Bhagalpur #44,PHC,Bhagalpur,Bihar,6,real_state_totals_synthetic_district_distribution
F03438,PHC Bhagalpur #45,PHC,Bhagalpur,Bihar,7,real_state_totals_synthetic_district_distribution
F03439,PHC Bhagalpur #46,PHC,Bhagalpur,Bihar,5,real_state_totals_synthetic_district_distribution
F03440,PHC Bhagalpur #47,PHC,Bhagalpur,Bihar,10,real_state_totals_synthetic_district_distribution
F03441,PHC Bhagalpur #48,PHC,Bhagalpur,Bihar,5,real_state_totals_synthetic_district_distribution
F03442,PHC Bhagalpur #49,PHC,Bhagalpur,Bihar,10,real_state_totals_synthetic_district_distribution
F03443,PHC Bhagalpur #50,PHC,Bhagalpur,Bihar,9,real_state_totals_synthetic_district_distribution
F03444,PHC Bhagalpur #51,PHC,Bhagalpur,Bihar,9,real_state_totals_synthetic_district_distribution
F03445,PHC Bhagalpur #52,PHC,Bhagalpur,Bihar,9,real_state_totals_synthetic_district_distribution
F03446,PHC Bhagalpur #53,PHC,Bhagalpur,Bihar,7,real_state_totals_synthetic_district_distribution
F03447,PHC Bhagalpur #54,PHC,Bhagalpur,Bihar,6,real_state_totals_synthetic_district_distribution
F03448,CHC Bhagalpur #1,CHC,Bhagalpur,Bihar,48,real_state_totals_synthetic_district_distribution
F03449,CHC Bhagalpur #2,CHC,Bhagalpur,Bihar,32,real_state_totals_synthetic_district_distribution
F03450,CHC Bhagalpur #3,CHC,Bhagalpur,Bihar,34,real_state_totals_synthetic_district_distribution
F03451,CHC Bhagalpur #4,CHC,Bhagalpur,Bihar,47,real_state_totals_synthetic_district_distribution
F03452,CHC Bhagalpur #5,CHC,Bhagalpur,Bihar,49,real_state_totals_synthetic_district_distribution
F03453,CHC Bhagalpur #6,CHC,Bhagalpur,Bihar,49,real_state_totals_synthetic_district_distribution
F03454,CHC Bhagalpur #7,CHC,Bhagalpur,Bihar,32,real_state_totals_synthetic_district_distribution
F03455,CHC Bhagalpur #8,CHC,Bhagalpur,Bihar,32,real_state_totals_synthetic_district_distribution
F03456,CHC Bhagalpur #9,CHC,Bhagalpur,Bihar,22,real_state_totals_synthetic_district_distribution
F03457,District Hospital Bhagalpur #1,District Hospital,Bhagalpur,Bihar,274,real_state_totals_synthetic_district_distribution
F03458,PHC Nalanda #1,PHC,Nalanda,Bihar,9,real_state_totals_synthetic_district_distribution
F03459,PHC Nalanda #2,PHC,Nalanda,Bihar,10,real_state_totals_synthetic_district_distribution
F03460,PHC Nalanda #3,PHC,Nalanda,Bihar,8,real_state_totals_synthetic_district_distribution
F03461,PHC Nalanda #4,PHC,Nalanda,Bihar,5,real_state_totals_synthetic_district_distribution
F03462,PHC Nalanda #5,PHC,Nalanda,Bihar,9,real_state_totals_synthetic_district_distribution
F03463,PHC Nalanda #6,PHC,Nalanda,Bihar,10,real_state_totals_synthetic_district_distribution
F03464,PHC Nalanda #7,PHC,Nalanda,Bihar,6,real_state_totals_synthetic_district_distribution
F03465,PHC Nalanda #8,PHC,Nalanda,Bihar,4,real_state_totals_synthetic_district_distribution
F03466,PHC Nalanda #9,PHC,Nalanda,Bihar,5,real_state_totals_synthetic_district_distribution
F03467,PHC Nalanda #10,PHC,Nalanda,Bihar,8,real_state_totals_synthetic_district_distribution
F03468,PHC Nalanda #11,PHC,Nalanda,Bihar,7,real_state_totals_synthetic_district_distribution
F03469,PHC Nalanda #12,PHC,Nalanda,Bihar,8,real_state_totals_synthetic_district_distribution
F03470,PHC Nalanda #13,PHC,Nalanda,Bihar,5,real_state_totals_synthetic_district_distribution
F03471,PHC Nalanda #14,PHC,Nalanda,Bihar,9,real_state_totals_synthetic_district_distribution
F03472,PHC Nalanda #15,PHC,Nalanda,Bihar,5,real_state_totals_synthetic_district_distribution
F03473,PHC Nalanda #16,PHC,Nalanda,Bihar,10,real_state_totals_synthetic_district_distribution
F03474,PHC Nalanda #17,PHC,Nalanda,Bihar,4,real_state_totals_synthetic_district_distribution
F03475,PHC Nalanda #18,PHC,Nalanda,Bihar,10,real_state_totals_synthetic_district_distribution
F03476,PHC Nalanda #19,PHC,Nalanda,Bihar,4,real_state_totals_synthetic_district_distribution
F03477,PHC Nalanda #20,PHC,Nalanda,Bihar,6,real_state_totals_synthetic_district_distribution
F03478,PHC Nalanda #21,PHC,Nalanda,Bihar,7,real_state_totals_synthetic_district_distribution
F03479,PHC Nalanda #22,PHC,Nalanda,Bihar,9,real_state_totals_synthetic_district_distribution
F03480,PHC Nalanda #23,PHC,Nalanda,Bihar,9,real_state_totals_synthetic_district_distribution
F03481,PHC Nalanda #24,PHC,Nalanda,Bihar,8,real_state_totals_synthetic_district_distribution
F03482,PHC Nalanda #25,PHC,Nalanda,Bihar,7,real_state_totals_synthetic_district_distribution
F03483,PHC Nalanda #26,PHC,Nalanda,Bihar,8,real_state_totals_synthetic_district_distribution
F03484,PHC Nalanda #27,PHC,Nalanda,Bihar,7,real_state_totals_synthetic_district_distribution
F03485,PHC Nalanda #28,PHC,Nalanda,Bihar,10,real_state_totals_synthetic_district_distribution
F03486,PHC Nalanda #29,PHC,Nalanda,Bihar,5,real_state_totals_synthetic_district_distribution
F03487,PHC Nalanda #30,PHC,Nalanda,Bihar,5,real_state_totals_synthetic_district_distribution
F03488,PHC Nalanda #31,PHC,Nalanda,Bihar,7,real_state_totals_synthetic_district_distribution
F03489,PHC Nalanda #32,PHC,Nalanda,Bihar,6,real_state_totals_synthetic_district_distribution
F03490,PHC Nalanda #33,PHC,Nalanda,Bihar,5,real_state_totals_synthetic_district_distribution
F03491,PHC Nalanda #34,PHC,Nalanda,Bihar,6,real_state_totals_synthetic_district_distribution
F03492,PHC Nalanda #35,PHC,Nalanda,Bihar,5,real_state_totals_synthetic_district_distribution
F03493,PHC Nalanda #36,PHC,Nalanda,Bihar,9,real_state_totals_synthetic_district_distribution
F03494,PHC Nalanda #37,PHC,Nalanda,Bihar,10,real_state_totals_synthetic_district_distribution
F03495,PHC Nalanda #38,PHC,Nalanda,Bihar,4,real_state_totals_synthetic_district_distribution
F03496,PHC Nalanda #39,PHC,Nalanda,Bihar,4,real_state_totals_synthetic_district_distribution
F03497,PHC Nalanda #40,PHC,Nalanda,Bihar,10,real_state_totals_synthetic_district_distribution
F03498,PHC Nalanda #41,PHC,Nalanda,Bihar,9,real_state_totals_synthetic_district_distribution
F03499,PHC Nalanda #42,PHC,Nalanda,Bihar,7,real_state_totals_synthetic_district_distribution
F03500,PHC Nalanda #43,PHC,Nalanda,Bihar,8,real_state_totals_synthetic_district_distribution
F03501,PHC Nalanda #44,PHC,Nalanda,Bihar,10,real_state_totals_synthetic_district_distribution
F03502,PHC Nalanda #45,PHC,Nalanda,Bihar,4,real_state_totals_synthetic_district_distribution
F03503,PHC Nalanda #46,PHC,Nalanda,Bihar,5,real_state_totals_synthetic_district_distribution
F03504,PHC Nalanda #47,PHC,Nalanda,Bihar,5,real_state_totals_synthetic_district_distribution
F03505,PHC Nalanda #48,PHC,Nalanda,Bihar,4,real_state_totals_synthetic_district_distribution
F03506,PHC Nalanda #49,PHC,Nalanda,Bihar,4,real_state_totals_synthetic_district_distribution
F03507,PHC Nalanda #50,PHC,Nalanda,Bihar,8,real_state_totals_synthetic_district_distribution
F03508,PHC Nalanda #51,PHC,Nalanda,Bihar,4,real_state_totals_synthetic_district_distribution
F03509,PHC Nalanda #52,PHC,Nalanda,Bihar,7,real_state_totals_synthetic_district_distribution
F03510,CHC Nalanda #1,CHC,Nalanda,Bihar,39,real_state_totals_synthetic_district_distribution
F03511,CHC Nalanda #2,CHC,Nalanda,Bihar,41,real_state_totals_synthetic_district_distribution
F03512,CHC Nalanda #3,CHC,Nalanda,Bihar,42,real_state_totals_synthetic_district_distribution
F03513,CHC Nalanda #4,CHC,Nalanda,Bihar,47,real_state_totals_synthetic_district_distribution
F03514,CHC Nalanda #5,CHC,Nalanda,Bihar,21,real_state_totals_synthetic_district_distribution
F03515,CHC Nalanda #6,CHC,Nalanda,Bihar,27,real_state_totals_synthetic_district_distribution
F03516,CHC Nalanda #7,CHC,Nalanda,Bihar,43,real_state_totals_synthetic_district_distribution
F03517,CHC Nalanda #8,CHC,Nalanda,Bihar,21,real_state_totals_synthetic_district_distribution
F03518,District Hospital Nalanda #1,District Hospital,Nalanda,Bihar,202,real_state_totals_synthetic_district_distribution
F03519,PHC Saran #1,PHC,Saran,Bihar,7,real_state_totals_synthetic_district_distribution
F03520,PHC Saran #2,PHC,Saran,Bihar,5,real_state_totals_synthetic_district_distribution
F03521,PHC Saran #3,PHC,Saran,Bihar,8,real_state_totals_synthetic_district_distribution
F03522,PHC Saran #4,PHC,Saran,Bihar,5,real_state_totals_synthetic_district_distribution
F03523,PHC Saran #5,PHC,Saran,Bihar,10,real_state_totals_synthetic_district_distribution
F03524,PHC Saran #6,PHC,Saran,Bihar,10,real_state_totals_synthetic_district_distribution
F03525,PHC Saran #7,PHC,Saran,Bihar,10,real_state_totals_synthetic_district_distribution
F03526,PHC Saran #8,PHC,Saran,Bihar,4,real_state_totals_synthetic_district_distribution
F03527,PHC Saran #9,PHC,Saran,Bihar,5,real_state_totals_synthetic_district_distribution
F03528,PHC Saran #10,PHC,Saran,Bihar,8,real_state_totals_synthetic_district_distribution
F03529,PHC Saran #11,PHC,Saran,Bihar,6,real_state_totals_synthetic_district_distribution
F03530,PHC Saran #12,PHC,Saran,Bihar,5,real_state_totals_synthetic_district_distribution
F03531,PHC Saran #13,PHC,Saran,Bihar,10,real_state_totals_synthetic_district_distribution
F03532,PHC Saran #14,PHC,Saran,Bihar,9,real_state_totals_synthetic_district_distribution
F03533,PHC Saran #15,PHC,Saran,Bihar,8,real_state_totals_synthetic_district_distribution
F03534,PHC Saran #16,PHC,Saran,Bihar,6,real_state_totals_synthetic_district_distribution
F03535,PHC Saran #17,PHC,Saran,Bihar,8,real_state_totals_synthetic_district_distribution
F03536,PHC Saran #18,PHC,Saran,Bihar,8,real_state_totals_synthetic_district_distribution
F03537,PHC Saran #19,PHC,Saran,Bihar,10,real_state_totals_synthetic_district_distribution
F03538,PHC Saran #20,PHC,Saran,Bihar,9,real_state_totals_synthetic_district_distribution
F03539,PHC Saran #21,PHC,Saran,Bihar,10,real_state_totals_synthetic_district_distribution
F03540,PHC Saran #22,PHC,Saran,Bihar,6,real_state_totals_synthetic_district_distribution
F03541,PHC Saran #23,PHC,Saran,Bihar,5,real_state_totals_synthetic_district_distribution
F03542,PHC Saran #24,PHC,Saran,Bihar,6,real_state_totals_synthetic_district_distribution
F03543,PHC Saran #25,PHC,Saran,Bihar,5,real_state_totals_synthetic_district_distribution
F03544,PHC Saran #26,PHC,Saran,Bihar,9,real_state_totals_synthetic_district_distribution
F03545,PHC Saran #27,PHC,Saran,Bihar,8,real_state_totals_synthetic_district_distribution
F03546,PHC Saran #28,PHC,Saran,Bihar,5,real_state_totals_synthetic_district_distribution
F03547,PHC Saran #29,PHC,Saran,Bihar,7,real_state_totals_synthetic_district_distribution
F03548,PHC Saran #30,PHC,Saran,Bihar,6,real_state_totals_synthetic_district_distribution
F03549,PHC Saran #31,PHC,Saran,Bihar,6,real_state_totals_synthetic_district_distribution
F03550,PHC Saran #32,PHC,Saran,Bihar,4,real_state_totals_synthetic_district_distribution
F03551,PHC Saran #33,PHC,Saran,Bihar,8,real_state_totals_synthetic_district_distribution
F03552,PHC Saran #34,PHC,Saran,Bihar,8,real_state_totals_synthetic_district_distribution
F03553,PHC Saran #35,PHC,Saran,Bihar,9,real_state_totals_synthetic_district_distribution
F03554,PHC Saran #36,PHC,Saran,Bihar,5,real_state_totals_synthetic_district_distribution
F03555,PHC Saran #37,PHC,Saran,Bihar,9,real_state_totals_synthetic_district_distribution
F03556,PHC Saran #38,PHC,Saran,Bihar,9,real_state_totals_synthetic_district_distribution
F03557,PHC Saran #39,PHC,Saran,Bihar,7,real_state_totals_synthetic_district_distribution
F03558,PHC Saran #40,PHC,Saran,Bihar,8,real_state_totals_synthetic_district_distribution
F03559,PHC Saran #41,PHC,Saran,Bihar,7,real_state_totals_synthetic_district_distribution
F03560,PHC Saran #42,PHC,Saran,Bihar,4,real_state_totals_synthetic_district_distribution
F03561,PHC Saran #43,PHC,Saran,Bihar,6,real_state_totals_synthetic_district_distribution
F03562,PHC Saran #44,PHC,Saran,Bihar,9,real_state_totals_synthetic_district_distribution
F03563,PHC Saran #45,PHC,Saran,Bihar,9,real_state_totals_synthetic_district_distribution
F03564,PHC Saran #46,PHC,Saran,Bihar,7,real_state_totals_synthetic_district_distribution
F03565,PHC Saran #47,PHC,Saran,Bihar,10,real_state_totals_synthetic_district_distribution
F03566,PHC Saran #48,PHC,Saran,Bihar,8,real_state_totals_synthetic_district_distribution
F03567,PHC Saran #49,PHC,Saran,Bihar,6,real_state_totals_synthetic_district_distribution
F03568,PHC Saran #50,PHC,Saran,Bihar,9,real_state_totals_synthetic_district_distribution
F03569,PHC Saran #51,PHC,Saran,Bihar,7,real_state_totals_synthetic_district_distribution
F03570,PHC Saran #52,PHC,Saran,Bihar,7,real_state_totals_synthetic_district_distribution
F03571,PHC Saran #53,PHC,Saran,Bihar,5,real_state_totals_synthetic_district_distribution
F03572,PHC Saran #54,PHC,Saran,Bihar,6,real_state_totals_synthetic_district_distribution
F03573,PHC Saran #55,PHC,Saran,Bihar,7,real_state_totals_synthetic_district_distribution
F03574,PHC Saran #56,PHC,Saran,Bihar,5,real_state_totals_synthetic_district_distribution
F03575,PHC Saran #57,PHC,Saran,Bihar,10,real_state_totals_synthetic_district_distribution
F03576,PHC Saran #58,PHC,Saran,Bihar,8,real_state_totals_synthetic_district_distribution
F03577,PHC Saran #59,PHC,Saran,Bihar,7,real_state_totals_synthetic_district_distribution
F03578,PHC Saran #60,PHC,Saran,Bihar,5,real_state_totals_synthetic_district_distribution
F03579,PHC Saran #61,PHC,Saran,Bihar,10,real_state_totals_synthetic_district_distribution
F03580,PHC Saran #62,PHC,Saran,Bihar,5,real_state_totals_synthetic_district_distribution
F03581,PHC Saran #63,PHC,Saran,Bihar,6,real_state_totals_synthetic_district_distribution
F03582,PHC Saran #64,PHC,Saran,Bihar,10,real_state_totals_synthetic_district_distribution
F03583,PHC Saran #65,PHC,Saran,Bihar,9,real_state_totals_synthetic_district_distribution
F03584,PHC Saran #66,PHC,Saran,Bihar,5,real_state_totals_synthetic_district_distribution
F03585,PHC Saran #67,PHC,Saran,Bihar,10,real_state_totals_synthetic_district_distribution
F03586,PHC Saran #68,PHC,Saran,Bihar,7,real_state_totals_synthetic_district_distribution
F03587,PHC Saran #69,PHC,Saran,Bihar,4,real_state_totals_synthetic_district_distribution
F03588,PHC Saran #70,PHC,Saran,Bihar,8,real_state_totals_synthetic_district_distribution
F03589,PHC Saran #71,PHC,Saran,Bihar,7,real_state_totals_synthetic_district_distribution
F03590,CHC Saran #1,CHC,Saran,Bihar,50,real_state_totals_synthetic_district_distribution
F03591,CHC Saran #2,CHC,Saran,Bihar,33,real_state_totals_synthetic_district_distribution
F03592,CHC Saran #3,CHC,Saran,Bihar,37,real_state_totals_synthetic_district_distribution
F03593,CHC Saran #4,CHC,Saran,Bihar,36,real_state_totals_synthetic_district_distribution
F03594,CHC Saran #5,CHC,Saran,Bihar,24,real_state_totals_synthetic_district_distribution
F03595,CHC Saran #6,CHC,Saran,Bihar,32,real_state_totals_synthetic_district_distribution
F03596,CHC Saran #7,CHC,Saran,Bihar,27,real_state_totals_synthetic_district_distribution
F03597,CHC Saran #8,CHC,Saran,Bihar,28,real_state_totals_synthetic_district_distribution
F03598,CHC Saran #9,CHC,Saran,Bihar,26,real_state_totals_synthetic_district_distribution
F03599,CHC Saran #10,CHC,Saran,Bihar,30,real_state_totals_synthetic_district_distribution
F03600,CHC Saran #11,CHC,Saran,Bihar,40,real_state_totals_synthetic_district_distribution
F03601,CHC Saran #12,CHC,Saran,Bihar,22,real_state_totals_synthetic_district_distribution
F03602,District Hospital Saran #1,District Hospital,Saran,Bihar,215,real_state_totals_synthetic_district_distribution
F03603,PHC Rohtas #1,PHC,Rohtas,Bihar,10,real_state_totals_synthetic_district_distribution
F03604,PHC Rohtas #2,PHC,Rohtas,Bihar,6,real_state_totals_synthetic_district_distribution
F03605,PHC Rohtas #3,PHC,Rohtas,Bihar,4,real_state_totals_synthetic_district_distribution
F03606,PHC Rohtas #4,PHC,Rohtas,Bihar,8,real_state_totals_synthetic_district_distribution
F03607,PHC Rohtas #5,PHC,Rohtas,Bihar,9,real_state_totals_synthetic_district_distribution
F03608,PHC Rohtas #6,PHC,Rohtas,Bihar,10,real_state_totals_synthetic_district_distribution
F03609,PHC Rohtas #7,PHC,Rohtas,Bihar,5,real_state_totals_synthetic_district_distribution
F03610,PHC Rohtas #8,PHC,Rohtas,Bihar,4,real_state_totals_synthetic_district_distribution
F03611,PHC Rohtas #9,PHC,Rohtas,Bihar,6,real_state_totals_synthetic_district_distribution
F03612,PHC Rohtas #10,PHC,Rohtas,Bihar,7,real_state_totals_synthetic_district_distribution
F03613,PHC Rohtas #11,PHC,Rohtas,Bihar,9,real_state_totals_synthetic_district_distribution
F03614,PHC Rohtas #12,PHC,Rohtas,Bihar,8,real_state_totals_synthetic_district_distribution
F03615,PHC Rohtas #13,PHC,Rohtas,Bihar,8,real_state_totals_synthetic_district_distribution
F03616,PHC Rohtas #14,PHC,Rohtas,Bihar,4,real_state_totals_synthetic_district_distribution
F03617,PHC Rohtas #15,PHC,Rohtas,Bihar,10,real_state_totals_synthetic_district_distribution
F03618,PHC Rohtas #16,PHC,Rohtas,Bihar,4,real_state_totals_synthetic_district_distribution
F03619,PHC Rohtas #17,PHC,Rohtas,Bihar,5,real_state_totals_synthetic_district_distribution
F03620,PHC Rohtas #18,PHC,Rohtas,Bihar,10,real_state_totals_synthetic_district_distribution
F03621,PHC Rohtas #19,PHC,Rohtas,Bihar,10,real_state_totals_synthetic_district_distribution
F03622,PHC Rohtas #20,PHC,Rohtas,Bihar,8,real_state_totals_synthetic_district_distribution
F03623,PHC Rohtas #21,PHC,Rohtas,Bihar,9,real_state_totals_synthetic_district_distribution
F03624,PHC Rohtas #22,PHC,Rohtas,Bihar,9,real_state_totals_synthetic_district_distribution
F03625,PHC Rohtas #23,PHC,Rohtas,Bihar,8,real_state_totals_synthetic_district_distribution
F03626,PHC Rohtas #24,PHC,Rohtas,Bihar,5,real_state_totals_synthetic_district_distribution
F03627,PHC Rohtas #25,PHC,Rohtas,Bihar,7,real_state_totals_synthetic_district_distribution
F03628,PHC Rohtas #26,PHC,Rohtas,Bihar,5,real_state_totals_synthetic_district_distribution
F03629,PHC Rohtas #27,PHC,Rohtas,Bihar,10,real_state_totals_synthetic_district_distribution
F03630,PHC Rohtas #28,PHC,Rohtas,Bihar,6,real_state_totals_synthetic_district_distribution
F03631,PHC Rohtas #29,PHC,Rohtas,Bihar,6,real_state_totals_synthetic_district_distribution
F03632,PHC Rohtas #30,PHC,Rohtas,Bihar,4,real_state_totals_synthetic_district_distribution
F03633,PHC Rohtas #31,PHC,Rohtas,Bihar,5,real_state_totals_synthetic_district_distribution
F03634,PHC Rohtas #32,PHC,Rohtas,Bihar,5,real_state_totals_synthetic_district_distribution
F03635,PHC Rohtas #33,PHC,Rohtas,Bihar,9,real_state_totals_synthetic_district_distribution
F03636,PHC Rohtas #34,PHC,Rohtas,Bihar,4,real_state_totals_synthetic_district_distribution
F03637,PHC Rohtas #35,PHC,Rohtas,Bihar,9,real_state_totals_synthetic_district_distribution
F03638,PHC Rohtas #36,PHC,Rohtas,Bihar,10,real_state_totals_synthetic_district_distribution
F03639,PHC Rohtas #37,PHC,Rohtas,Bihar,7,real_state_totals_synthetic_district_distribution
F03640,PHC Rohtas #38,PHC,Rohtas,Bihar,5,real_state_totals_synthetic_district_distribution
F03641,PHC Rohtas #39,PHC,Rohtas,Bihar,9,real_state_totals_synthetic_district_distribution
F03642,PHC Rohtas #40,PHC,Rohtas,Bihar,8,real_state_totals_synthetic_district_distribution
F03643,PHC Rohtas #41,PHC,Rohtas,Bihar,9,real_state_totals_synthetic_district_distribution
F03644,PHC Rohtas #42,PHC,Rohtas,Bihar,5,real_state_totals_synthetic_district_distribution
F03645,PHC Rohtas #43,PHC,Rohtas,Bihar,7,real_state_totals_synthetic_district_distribution
F03646,PHC Rohtas #44,PHC,Rohtas,Bihar,5,real_state_totals_synthetic_district_distribution
F03647,PHC Rohtas #45,PHC,Rohtas,Bihar,8,real_state_totals_synthetic_district_distribution
F03648,PHC Rohtas #46,PHC,Rohtas,Bihar,6,real_state_totals_synthetic_district_distribution
F03649,PHC Rohtas #47,PHC,Rohtas,Bihar,10,real_state_totals_synthetic_district_distribution
F03650,PHC Rohtas #48,PHC,Rohtas,Bihar,6,real_state_totals_synthetic_district_distribution
F03651,PHC Rohtas #49,PHC,Rohtas,Bihar,7,real_state_totals_synthetic_district_distribution
F03652,PHC Rohtas #50,PHC,Rohtas,Bihar,7,real_state_totals_synthetic_district_distribution
F03653,PHC Rohtas #51,PHC,Rohtas,Bihar,8,real_state_totals_synthetic_district_distribution
F03654,PHC Rohtas #52,PHC,Rohtas,Bihar,9,real_state_totals_synthetic_district_distribution
F03655,PHC Rohtas #53,PHC,Rohtas,Bihar,6,real_state_totals_synthetic_district_distribution
F03656,CHC Rohtas #1,CHC,Rohtas,Bihar,29,real_state_totals_synthetic_district_distribution
F03657,CHC Rohtas #2,CHC,Rohtas,Bihar,28,real_state_totals_synthetic_district_distribution
F03658,CHC Rohtas #3,CHC,Rohtas,Bihar,31,real_state_totals_synthetic_district_distribution
F03659,CHC Rohtas #4,CHC,Rohtas,Bihar,36,real_state_totals_synthetic_district_distribution
F03660,CHC Rohtas #5,CHC,Rohtas,Bihar,48,real_state_totals_synthetic_district_distribution
F03661,CHC Rohtas #6,CHC,Rohtas,Bihar,35,real_state_totals_synthetic_district_distribution
F03662,CHC Rohtas #7,CHC,Rohtas,Bihar,34,real_state_totals_synthetic_district_distribution
F03663,CHC Rohtas #8,CHC,Rohtas,Bihar,23,real_state_totals_synthetic_district_distribution
F03664,CHC Rohtas #9,CHC,Rohtas,Bihar,45,real_state_totals_synthetic_district_distribution
F03665,District Hospital Rohtas #1,District Hospital,Rohtas,Bihar,284,real_state_totals_synthetic_district_distribution
F03666,PHC Bengaluru Urban #1,PHC,Bengaluru Urban,Karnataka,7,real_state_totals_synthetic_district_distribution
F03667,PHC Bengaluru Urban #2,PHC,Bengaluru Urban,Karnataka,10,real_state_totals_synthetic_district_distribution
F03668,PHC Bengaluru Urban #3,PHC,Bengaluru Urban,Karnataka,10,real_state_totals_synthetic_district_distribution
F03669,PHC Bengaluru Urban #4,PHC,Bengaluru Urban,Karnataka,6,real_state_totals_synthetic_district_distribution
F03670,PHC Bengaluru Urban #5,PHC,Bengaluru Urban,Karnataka,5,real_state_totals_synthetic_district_distribution
F03671,PHC Bengaluru Urban #6,PHC,Bengaluru Urban,Karnataka,6,real_state_totals_synthetic_district_distribution
F03672,PHC Bengaluru Urban #7,PHC,Bengaluru Urban,Karnataka,6,real_state_totals_synthetic_district_distribution
F03673,PHC Bengaluru Urban #8,PHC,Bengaluru Urban,Karnataka,7,real_state_totals_synthetic_district_distribution
F03674,PHC Bengaluru Urban #9,PHC,Bengaluru Urban,Karnataka,4,real_state_totals_synthetic_district_distribution
F03675,PHC Bengaluru Urban #10,PHC,Bengaluru Urban,Karnataka,8,real_state_totals_synthetic_district_distribution
F03676,PHC Bengaluru Urban #11,PHC,Bengaluru Urban,Karnataka,10,real_state_totals_synthetic_district_distribution
F03677,PHC Bengaluru Urban #12,PHC,Bengaluru Urban,Karnataka,5,real_state_totals_synthetic_district_distribution
F03678,PHC Bengaluru Urban #13,PHC,Bengaluru Urban,Karnataka,9,real_state_totals_synthetic_district_distribution
F03679,PHC Bengaluru Urban #14,PHC,Bengaluru Urban,Karnataka,5,real_state_totals_synthetic_district_distribution
F03680,PHC Bengaluru Urban #15,PHC,Bengaluru Urban,Karnataka,4,real_state_totals_synthetic_district_distribution
F03681,PHC Bengaluru Urban #16,PHC,Bengaluru Urban,Karnataka,6,real_state_totals_synthetic_district_distribution
F03682,PHC Bengaluru Urban #17,PHC,Bengaluru Urban,Karnataka,8,real_state_totals_synthetic_district_distribution
F03683,PHC Bengaluru Urban #18,PHC,Bengaluru Urban,Karnataka,8,real_state_totals_synthetic_district_distribution
F03684,PHC Bengaluru Urban #19,PHC,Bengaluru Urban,Karnataka,8,real_state_totals_synthetic_district_distribution
F03685,PHC Bengaluru Urban #20,PHC,Bengaluru Urban,Karnataka,9,real_state_totals_synthetic_district_distribution
F03686,PHC Bengaluru Urban #21,PHC,Bengaluru Urban,Karnataka,7,real_state_totals_synthetic_district_distribution
F03687,PHC Bengaluru Urban #22,PHC,Bengaluru Urban,Karnataka,6,real_state_totals_synthetic_district_distribution
F03688,PHC Bengaluru Urban #23,PHC,Bengaluru Urban,Karnataka,5,real_state_totals_synthetic_district_distribution
F03689,PHC Bengaluru Urban #24,PHC,Bengaluru Urban,Karnataka,5,real_state_totals_synthetic_district_distribution
F03690,PHC Bengaluru Urban #25,PHC,Bengaluru Urban,Karnataka,6,real_state_totals_synthetic_district_distribution
F03691,PHC Bengaluru Urban #26,PHC,Bengaluru Urban,Karnataka,5,real_state_totals_synthetic_district_distribution
F03692,PHC Bengaluru Urban #27,PHC,Bengaluru Urban,Karnataka,7,real_state_totals_synthetic_district_distribution
F03693,PHC Bengaluru Urban #28,PHC,Bengaluru Urban,Karnataka,8,real_state_totals_synthetic_district_distribution
F03694,PHC Bengaluru Urban #29,PHC,Bengaluru Urban,Karnataka,10,real_state_totals_synthetic_district_distribution
F03695,PHC Bengaluru Urban #30,PHC,Bengaluru Urban,Karnataka,5,real_state_totals_synthetic_district_distribution
F03696,PHC Bengaluru Urban #31,PHC,Bengaluru Urban,Karnataka,7,real_state_totals_synthetic_district_distribution
F03697,PHC Bengaluru Urban #32,PHC,Bengaluru Urban,Karnataka,8,real_state_totals_synthetic_district_distribution
F03698,PHC Bengaluru Urban #33,PHC,Bengaluru Urban,Karnataka,9,real_state_totals_synthetic_district_distribution
F03699,PHC Bengaluru Urban #34,PHC,Bengaluru Urban,Karnataka,9,real_state_totals_synthetic_district_distribution
F03700,PHC Bengaluru Urban #35,PHC,Bengaluru Urban,Karnataka,6,real_state_totals_synthetic_district_distribution
F03701,PHC Bengaluru Urban #36,PHC,Bengaluru Urban,Karnataka,6,real_state_totals_synthetic_district_distribution
F03702,PHC Bengaluru Urban #37,PHC,Bengaluru Urban,Karnataka,10,real_state_totals_synthetic_district_distribution
F03703,PHC Bengaluru Urban #38,PHC,Bengaluru Urban,Karnataka,10,real_state_totals_synthetic_district_distribution
F03704,PHC Bengaluru Urban #39,PHC,Bengaluru Urban,Karnataka,7,real_state_totals_synthetic_district_distribution
F03705,PHC Bengaluru Urban #40,PHC,Bengaluru Urban,Karnataka,9,real_state_totals_synthetic_district_distribution
F03706,PHC Bengaluru Urban #41,PHC,Bengaluru Urban,Karnataka,9,real_state_totals_synthetic_district_distribution
F03707,PHC Bengaluru Urban #42,PHC,Bengaluru Urban,Karnataka,9,real_state_totals_synthetic_district_distribution
F03708,PHC Bengaluru Urban #43,PHC,Bengaluru Urban,Karnataka,7,real_state_totals_synthetic_district_distribution
F03709,PHC Bengaluru Urban #44,PHC,Bengaluru Urban,Karnataka,7,real_state_totals_synthetic_district_distribution
F03710,PHC Bengaluru Urban #45,PHC,Bengaluru Urban,Karnataka,5,real_state_totals_synthetic_district_distribution
F03711,PHC Bengaluru Urban #46,PHC,Bengaluru Urban,Karnataka,9,real_state_totals_synthetic_district_distribution
F03712,PHC Bengaluru Urban #47,PHC,Bengaluru Urban,Karnataka,10,real_state_totals_synthetic_district_distribution
F03713,PHC Bengaluru Urban #48,PHC,Bengaluru Urban,Karnataka,6,real_state_totals_synthetic_district_distribution
F03714,PHC Bengaluru Urban #49,PHC,Bengaluru Urban,Karnataka,5,real_state_totals_synthetic_district_distribution
F03715,PHC Bengaluru Urban #50,PHC,Bengaluru Urban,Karnataka,5,real_state_totals_synthetic_district_distribution
F03716,PHC Bengaluru Urban #51,PHC,Bengaluru Urban,Karnataka,9,real_state_totals_synthetic_district_distribution
F03717,PHC Bengaluru Urban #52,PHC,Bengaluru Urban,Karnataka,8,real_state_totals_synthetic_district_distribution
F03718,PHC Bengaluru Urban #53,PHC,Bengaluru Urban,Karnataka,7,real_state_totals_synthetic_district_distribution
F03719,PHC Bengaluru Urban #54,PHC,Bengaluru Urban,Karnataka,5,real_state_totals_synthetic_district_distribution
F03720,PHC Bengaluru Urban #55,PHC,Bengaluru Urban,Karnataka,8,real_state_totals_synthetic_district_distribution
F03721,PHC Bengaluru Urban #56,PHC,Bengaluru Urban,Karnataka,9,real_state_totals_synthetic_district_distribution
F03722,PHC Bengaluru Urban #57,PHC,Bengaluru Urban,Karnataka,4,real_state_totals_synthetic_district_distribution
F03723,PHC Bengaluru Urban #58,PHC,Bengaluru Urban,Karnataka,8,real_state_totals_synthetic_district_distribution
F03724,PHC Bengaluru Urban #59,PHC,Bengaluru Urban,Karnataka,4,real_state_totals_synthetic_district_distribution
F03725,PHC Bengaluru Urban #60,PHC,Bengaluru Urban,Karnataka,10,real_state_totals_synthetic_district_distribution
F03726,PHC Bengaluru Urban #61,PHC,Bengaluru Urban,Karnataka,10,real_state_totals_synthetic_district_distribution
F03727,PHC Bengaluru Urban #62,PHC,Bengaluru Urban,Karnataka,4,real_state_totals_synthetic_district_distribution
F03728,PHC Bengaluru Urban #63,PHC,Bengaluru Urban,Karnataka,10,real_state_totals_synthetic_district_distribution
F03729,PHC Bengaluru Urban #64,PHC,Bengaluru Urban,Karnataka,9,real_state_totals_synthetic_district_distribution
F03730,PHC Bengaluru Urban #65,PHC,Bengaluru Urban,Karnataka,4,real_state_totals_synthetic_district_distribution
F03731,PHC Bengaluru Urban #66,PHC,Bengaluru Urban,Karnataka,10,real_state_totals_synthetic_district_distribution
F03732,PHC Bengaluru Urban #67,PHC,Bengaluru Urban,Karnataka,4,real_state_totals_synthetic_district_distribution
F03733,PHC Bengaluru Urban #68,PHC,Bengaluru Urban,Karnataka,7,real_state_totals_synthetic_district_distribution
F03734,PHC Bengaluru Urban #69,PHC,Bengaluru Urban,Karnataka,5,real_state_totals_synthetic_district_distribution
F03735,PHC Bengaluru Urban #70,PHC,Bengaluru Urban,Karnataka,10,real_state_totals_synthetic_district_distribution
F03736,PHC Bengaluru Urban #71,PHC,Bengaluru Urban,Karnataka,9,real_state_totals_synthetic_district_distribution
F03737,PHC Bengaluru Urban #72,PHC,Bengaluru Urban,Karnataka,5,real_state_totals_synthetic_district_distribution
F03738,PHC Bengaluru Urban #73,PHC,Bengaluru Urban,Karnataka,4,real_state_totals_synthetic_district_distribution
F03739,PHC Bengaluru Urban #74,PHC,Bengaluru Urban,Karnataka,9,real_state_totals_synthetic_district_distribution
F03740,PHC Bengaluru Urban #75,PHC,Bengaluru Urban,Karnataka,5,real_state_totals_synthetic_district_distribution
F03741,PHC Bengaluru Urban #76,PHC,Bengaluru Urban,Karnataka,4,real_state_totals_synthetic_district_distribution
F03742,PHC Bengaluru Urban #77,PHC,Bengaluru Urban,Karnataka,5,real_state_totals_synthetic_district_distribution
F03743,PHC Bengaluru Urban #78,PHC,Bengaluru Urban,Karnataka,8,real_state_totals_synthetic_district_distribution
F03744,PHC Bengaluru Urban #79,PHC,Bengaluru Urban,Karnataka,7,real_state_totals_synthetic_district_distribution
F03745,PHC Bengaluru Urban #80,PHC,Bengaluru Urban,Karnataka,6,real_state_totals_synthetic_district_distribution
F03746,PHC Bengaluru Urban #81,PHC,Bengaluru Urban,Karnataka,4,real_state_totals_synthetic_district_distribution
F03747,PHC Bengaluru Urban #82,PHC,Bengaluru Urban,Karnataka,8,real_state_totals_synthetic_district_distribution
F03748,PHC Bengaluru Urban #83,PHC,Bengaluru Urban,Karnataka,9,real_state_totals_synthetic_district_distribution
F03749,PHC Bengaluru Urban #84,PHC,Bengaluru Urban,Karnataka,9,real_state_totals_synthetic_district_distribution
F03750,PHC Bengaluru Urban #85,PHC,Bengaluru Urban,Karnataka,8,real_state_totals_synthetic_district_distribution
F03751,PHC Bengaluru Urban #86,PHC,Bengaluru Urban,Karnataka,7,real_state_totals_synthetic_district_distribution
F03752,PHC Bengaluru Urban #87,PHC,Bengaluru Urban,Karnataka,9,real_state_totals_synthetic_district_distribution
F03753,PHC Bengaluru Urban #88,PHC,Bengaluru Urban,Karnataka,7,real_state_totals_synthetic_district_distribution
F03754,PHC Bengaluru Urban #89,PHC,Bengaluru Urban,Karnataka,4,real_state_totals_synthetic_district_distribution
F03755,PHC Bengaluru Urban #90,PHC,Bengaluru Urban,Karnataka,4,real_state_totals_synthetic_district_distribution
F03756,PHC Bengaluru Urban #91,PHC,Bengaluru Urban,Karnataka,8,real_state_totals_synthetic_district_distribution
F03757,PHC Bengaluru Urban #92,PHC,Bengaluru Urban,Karnataka,8,real_state_totals_synthetic_district_distribution
F03758,PHC Bengaluru Urban #93,PHC,Bengaluru Urban,Karnataka,7,real_state_totals_synthetic_district_distribution
F03759,PHC Bengaluru Urban #94,PHC,Bengaluru Urban,Karnataka,4,real_state_totals_synthetic_district_distribution
F03760,PHC Bengaluru Urban #95,PHC,Bengaluru Urban,Karnataka,4,real_state_totals_synthetic_district_distribution
F03761,PHC Bengaluru Urban #96,PHC,Bengaluru Urban,Karnataka,8,real_state_totals_synthetic_district_distribution
F03762,PHC Bengaluru Urban #97,PHC,Bengaluru Urban,Karnataka,9,real_state_totals_synthetic_district_distribution
F03763,PHC Bengaluru Urban #98,PHC,Bengaluru Urban,Karnataka,6,real_state_totals_synthetic_district_distribution
F03764,PHC Bengaluru Urban #99,PHC,Bengaluru Urban,Karnataka,8,real_state_totals_synthetic_district_distribution
F03765,PHC Bengaluru Urban #100,PHC,Bengaluru Urban,Karnataka,6,real_state_totals_synthetic_district_distribution
F03766,PHC Bengaluru Urban #101,PHC,Bengaluru Urban,Karnataka,4,real_state_totals_synthetic_district_distribution
F03767,PHC Bengaluru Urban #102,PHC,Bengaluru Urban,Karnataka,8,real_state_totals_synthetic_district_distribution
F03768,PHC Bengaluru Urban #103,PHC,Bengaluru Urban,Karnataka,10,real_state_totals_synthetic_district_distribution
F03769,PHC Bengaluru Urban #104,PHC,Bengaluru Urban,Karnataka,9,real_state_totals_synthetic_district_distribution
F03770,PHC Bengaluru Urban #105,PHC,Bengaluru Urban,Karnataka,9,real_state_totals_synthetic_district_distribution
F03771,PHC Bengaluru Urban #106,PHC,Bengaluru Urban,Karnataka,7,real_state_totals_synthetic_district_distribution
F03772,PHC Bengaluru Urban #107,PHC,Bengaluru Urban,Karnataka,10,real_state_totals_synthetic_district_distribution
F03773,PHC Bengaluru Urban #108,PHC,Bengaluru Urban,Karnataka,5,real_state_totals_synthetic_district_distribution
F03774,PHC Bengaluru Urban #109,PHC,Bengaluru Urban,Karnataka,4,real_state_totals_synthetic_district_distribution
F03775,PHC Bengaluru Urban #110,PHC,Bengaluru Urban,Karnataka,4,real_state_totals_synthetic_district_distribution
F03776,PHC Bengaluru Urban #111,PHC,Bengaluru Urban,Karnataka,8,real_state_totals_synthetic_district_distribution
F03777,PHC Bengaluru Urban #112,PHC,Bengaluru Urban,Karnataka,5,real_state_totals_synthetic_district_distribution
F03778,PHC Bengaluru Urban #113,PHC,Bengaluru Urban,Karnataka,5,real_state_totals_synthetic_district_distribution
F03779,PHC Bengaluru Urban #114,PHC,Bengaluru Urban,Karnataka,5,real_state_totals_synthetic_district_distribution
F03780,PHC Bengaluru Urban #115,PHC,Bengaluru Urban,Karnataka,8,real_state_totals_synthetic_district_distribution
F03781,PHC Bengaluru Urban #116,PHC,Bengaluru Urban,Karnataka,8,real_state_totals_synthetic_district_distribution
F03782,PHC Bengaluru Urban #117,PHC,Bengaluru Urban,Karnataka,6,real_state_totals_synthetic_district_distribution
F03783,PHC Bengaluru Urban #118,PHC,Bengaluru Urban,Karnataka,10,real_state_totals_synthetic_district_distribution
F03784,PHC Bengaluru Urban #119,PHC,Bengaluru Urban,Karnataka,6,real_state_totals_synthetic_district_distribution
F03785,PHC Bengaluru Urban #120,PHC,Bengaluru Urban,Karnataka,6,real_state_totals_synthetic_district_distribution
F03786,PHC Bengaluru Urban #121,PHC,Bengaluru Urban,Karnataka,10,real_state_totals_synthetic_district_distribution
F03787,PHC Bengaluru Urban #122,PHC,Bengaluru Urban,Karnataka,7,real_state_totals_synthetic_district_distribution
F03788,PHC Bengaluru Urban #123,PHC,Bengaluru Urban,Karnataka,4,real_state_totals_synthetic_district_distribution
F03789,PHC Bengaluru Urban #124,PHC,Bengaluru Urban,Karnataka,6,real_state_totals_synthetic_district_distribution
F03790,PHC Bengaluru Urban #125,PHC,Bengaluru Urban,Karnataka,7,real_state_totals_synthetic_district_distribution
F03791,PHC Bengaluru Urban #126,PHC,Bengaluru Urban,Karnataka,7,real_state_totals_synthetic_district_distribution
F03792,PHC Bengaluru Urban #127,PHC,Bengaluru Urban,Karnataka,8,real_state_totals_synthetic_district_distribution
F03793,PHC Bengaluru Urban #128,PHC,Bengaluru Urban,Karnataka,5,real_state_totals_synthetic_district_distribution
F03794,PHC Bengaluru Urban #129,PHC,Bengaluru Urban,Karnataka,9,real_state_totals_synthetic_district_distribution
F03795,PHC Bengaluru Urban #130,PHC,Bengaluru Urban,Karnataka,5,real_state_totals_synthetic_district_distribution
F03796,PHC Bengaluru Urban #131,PHC,Bengaluru Urban,Karnataka,6,real_state_totals_synthetic_district_distribution
F03797,PHC Bengaluru Urban #132,PHC,Bengaluru Urban,Karnataka,9,real_state_totals_synthetic_district_distribution
F03798,PHC Bengaluru Urban #133,PHC,Bengaluru Urban,Karnataka,10,real_state_totals_synthetic_district_distribution
F03799,PHC Bengaluru Urban #134,PHC,Bengaluru Urban,Karnataka,10,real_state_totals_synthetic_district_distribution
F03800,PHC Bengaluru Urban #135,PHC,Bengaluru Urban,Karnataka,4,real_state_totals_synthetic_district_distribution
F03801,PHC Bengaluru Urban #136,PHC,Bengaluru Urban,Karnataka,9,real_state_totals_synthetic_district_distribution
F03802,PHC Bengaluru Urban #137,PHC,Bengaluru Urban,Karnataka,10,real_state_totals_synthetic_district_distribution
F03803,PHC Bengaluru Urban #138,PHC,Bengaluru Urban,Karnataka,9,real_state_totals_synthetic_district_distribution
F03804,PHC Bengaluru Urban #139,PHC,Bengaluru Urban,Karnataka,10,real_state_totals_synthetic_district_distribution
F03805,PHC Bengaluru Urban #140,PHC,Bengaluru Urban,Karnataka,4,real_state_totals_synthetic_district_distribution
F03806,PHC Bengaluru Urban #141,PHC,Bengaluru Urban,Karnataka,4,real_state_totals_synthetic_district_distribution
F03807,PHC Bengaluru Urban #142,PHC,Bengaluru Urban,Karnataka,7,real_state_totals_synthetic_district_distribution
F03808,PHC Bengaluru Urban #143,PHC,Bengaluru Urban,Karnataka,7,real_state_totals_synthetic_district_distribution
F03809,PHC Bengaluru Urban #144,PHC,Bengaluru Urban,Karnataka,7,real_state_totals_synthetic_district_distribution
F03810,PHC Bengaluru Urban #145,PHC,Bengaluru Urban,Karnataka,8,real_state_totals_synthetic_district_distribution
F03811,PHC Bengaluru Urban #146,PHC,Bengaluru Urban,Karnataka,7,real_state_totals_synthetic_district_distribution
F03812,PHC Bengaluru Urban #147,PHC,Bengaluru Urban,Karnataka,4,real_state_totals_synthetic_district_distribution
F03813,PHC Bengaluru Urban #148,PHC,Bengaluru Urban,Karnataka,9,real_state_totals_synthetic_district_distribution
F03814,PHC Bengaluru Urban #149,PHC,Bengaluru Urban,Karnataka,4,real_state_totals_synthetic_district_distribution
F03815,PHC Bengaluru Urban #150,PHC,Bengaluru Urban,Karnataka,9,real_state_totals_synthetic_district_distribution
F03816,PHC Bengaluru Urban #151,PHC,Bengaluru Urban,Karnataka,5,real_state_totals_synthetic_district_distribution
F03817,PHC Bengaluru Urban #152,PHC,Bengaluru Urban,Karnataka,4,real_state_totals_synthetic_district_distribution
F03818,PHC Bengaluru Urban #153,PHC,Bengaluru Urban,Karnataka,7,real_state_totals_synthetic_district_distribution
F03819,PHC Bengaluru Urban #154,PHC,Bengaluru Urban,Karnataka,10,real_state_totals_synthetic_district_distribution
F03820,PHC Bengaluru Urban #155,PHC,Bengaluru Urban,Karnataka,7,real_state_totals_synthetic_district_distribution
F03821,PHC Bengaluru Urban #156,PHC,Bengaluru Urban,Karnataka,9,real_state_totals_synthetic_district_distribution
F03822,PHC Bengaluru Urban #157,PHC,Bengaluru Urban,Karnataka,10,real_state_totals_synthetic_district_distribution
F03823,PHC Bengaluru Urban #158,PHC,Bengaluru Urban,Karnataka,6,real_state_totals_synthetic_district_distribution
F03824,PHC Bengaluru Urban #159,PHC,Bengaluru Urban,Karnataka,8,real_state_totals_synthetic_district_distribution
F03825,PHC Bengaluru Urban #160,PHC,Bengaluru Urban,Karnataka,10,real_state_totals_synthetic_district_distribution
F03826,PHC Bengaluru Urban #161,PHC,Bengaluru Urban,Karnataka,4,real_state_totals_synthetic_district_distribution
F03827,PHC Bengaluru Urban #162,PHC,Bengaluru Urban,Karnataka,8,real_state_totals_synthetic_district_distribution
F03828,PHC Bengaluru Urban #163,PHC,Bengaluru Urban,Karnataka,4,real_state_totals_synthetic_district_distribution
F03829,PHC Bengaluru Urban #164,PHC,Bengaluru Urban,Karnataka,5,real_state_totals_synthetic_district_distribution
F03830,PHC Bengaluru Urban #165,PHC,Bengaluru Urban,Karnataka,5,real_state_totals_synthetic_district_distribution
F03831,PHC Bengaluru Urban #166,PHC,Bengaluru Urban,Karnataka,10,real_state_totals_synthetic_district_distribution
F03832,PHC Bengaluru Urban #167,PHC,Bengaluru Urban,Karnataka,9,real_state_totals_synthetic_district_distribution
F03833,PHC Bengaluru Urban #168,PHC,Bengaluru Urban,Karnataka,8,real_state_totals_synthetic_district_distribution
F03834,PHC Bengaluru Urban #169,PHC,Bengaluru Urban,Karnataka,7,real_state_totals_synthetic_district_distribution
F03835,PHC Bengaluru Urban #170,PHC,Bengaluru Urban,Karnataka,6,real_state_totals_synthetic_district_distribution
F03836,PHC Bengaluru Urban #171,PHC,Bengaluru Urban,Karnataka,4,real_state_totals_synthetic_district_distribution
F03837,PHC Bengaluru Urban #172,PHC,Bengaluru Urban,Karnataka,4,real_state_totals_synthetic_district_distribution
F03838,PHC Bengaluru Urban #173,PHC,Bengaluru Urban,Karnataka,9,real_state_totals_synthetic_district_distribution
F03839,PHC Bengaluru Urban #174,PHC,Bengaluru Urban,Karnataka,6,real_state_totals_synthetic_district_distribution
F03840,PHC Bengaluru Urban #175,PHC,Bengaluru Urban,Karnataka,8,real_state_totals_synthetic_district_distribution
F03841,PHC Bengaluru Urban #176,PHC,Bengaluru Urban,Karnataka,8,real_state_totals_synthetic_district_distribution
F03842,PHC Bengaluru Urban #177,PHC,Bengaluru Urban,Karnataka,9,real_state_totals_synthetic_district_distribution
F03843,PHC Bengaluru Urban #178,PHC,Bengaluru Urban,Karnataka,4,real_state_totals_synthetic_district_distribution
F03844,PHC Bengaluru Urban #179,PHC,Bengaluru Urban,Karnataka,5,real_state_totals_synthetic_district_distribution
F03845,PHC Bengaluru Urban #180,PHC,Bengaluru Urban,Karnataka,10,real_state_totals_synthetic_district_distribution
F03846,PHC Bengaluru Urban #181,PHC,Bengaluru Urban,Karnataka,6,real_state_totals_synthetic_district_distribution
F03847,PHC Bengaluru Urban #182,PHC,Bengaluru Urban,Karnataka,4,real_state_totals_synthetic_district_distribution
F03848,PHC Bengaluru Urban #183,PHC,Bengaluru Urban,Karnataka,5,real_state_totals_synthetic_district_distribution
F03849,PHC Bengaluru Urban #184,PHC,Bengaluru Urban,Karnataka,8,real_state_totals_synthetic_district_distribution
F03850,PHC Bengaluru Urban #185,PHC,Bengaluru Urban,Karnataka,5,real_state_totals_synthetic_district_distribution
F03851,PHC Bengaluru Urban #186,PHC,Bengaluru Urban,Karnataka,10,real_state_totals_synthetic_district_distribution
F03852,PHC Bengaluru Urban #187,PHC,Bengaluru Urban,Karnataka,10,real_state_totals_synthetic_district_distribution
F03853,PHC Bengaluru Urban #188,PHC,Bengaluru Urban,Karnataka,9,real_state_totals_synthetic_district_distribution
F03854,PHC Bengaluru Urban #189,PHC,Bengaluru Urban,Karnataka,10,real_state_totals_synthetic_district_distribution
F03855,PHC Bengaluru Urban #190,PHC,Bengaluru Urban,Karnataka,7,real_state_totals_synthetic_district_distribution
F03856,PHC Bengaluru Urban #191,PHC,Bengaluru Urban,Karnataka,4,real_state_totals_synthetic_district_distribution
F03857,PHC Bengaluru Urban #192,PHC,Bengaluru Urban,Karnataka,6,real_state_totals_synthetic_district_distribution
F03858,PHC Bengaluru Urban #193,PHC,Bengaluru Urban,Karnataka,5,real_state_totals_synthetic_district_distribution
F03859,PHC Bengaluru Urban #194,PHC,Bengaluru Urban,Karnataka,8,real_state_totals_synthetic_district_distribution
F03860,PHC Bengaluru Urban #195,PHC,Bengaluru Urban,Karnataka,5,real_state_totals_synthetic_district_distribution
F03861,PHC Bengaluru Urban #196,PHC,Bengaluru Urban,Karnataka,8,real_state_totals_synthetic_district_distribution
F03862,PHC Bengaluru Urban #197,PHC,Bengaluru Urban,Karnataka,10,real_state_totals_synthetic_district_distribution
F03863,PHC Bengaluru Urban #198,PHC,Bengaluru Urban,Karnataka,10,real_state_totals_synthetic_district_distribution
F03864,PHC Bengaluru Urban #199,PHC,Bengaluru Urban,Karnataka,7,real_state_totals_synthetic_district_distribution
F03865,PHC Bengaluru Urban #200,PHC,Bengaluru Urban,Karnataka,9,real_state_totals_synthetic_district_distribution
F03866,PHC Bengaluru Urban #201,PHC,Bengaluru Urban,Karnataka,8,real_state_totals_synthetic_district_distribution
F03867,PHC Bengaluru Urban #202,PHC,Bengaluru Urban,Karnataka,6,real_state_totals_synthetic_district_distribution
F03868,PHC Bengaluru Urban #203,PHC,Bengaluru Urban,Karnataka,7,real_state_totals_synthetic_district_distribution
F03869,PHC Bengaluru Urban #204,PHC,Bengaluru Urban,Karnataka,10,real_state_totals_synthetic_district_distribution
F03870,PHC Bengaluru Urban #205,PHC,Bengaluru Urban,Karnataka,9,real_state_totals_synthetic_district_distribution
F03871,PHC Bengaluru Urban #206,PHC,Bengaluru Urban,Karnataka,5,real_state_totals_synthetic_district_distribution
F03872,PHC Bengaluru Urban #207,PHC,Bengaluru Urban,Karnataka,10,real_state_totals_synthetic_district_distribution
F03873,PHC Bengaluru Urban #208,PHC,Bengaluru Urban,Karnataka,9,real_state_totals_synthetic_district_distribution
F03874,PHC Bengaluru Urban #209,PHC,Bengaluru Urban,Karnataka,9,real_state_totals_synthetic_district_distribution
F03875,PHC Bengaluru Urban #210,PHC,Bengaluru Urban,Karnataka,4,real_state_totals_synthetic_district_distribution
F03876,PHC Bengaluru Urban #211,PHC,Bengaluru Urban,Karnataka,8,real_state_totals_synthetic_district_distribution
F03877,PHC Bengaluru Urban #212,PHC,Bengaluru Urban,Karnataka,9,real_state_totals_synthetic_district_distribution
F03878,PHC Bengaluru Urban #213,PHC,Bengaluru Urban,Karnataka,6,real_state_totals_synthetic_district_distribution
F03879,PHC Bengaluru Urban #214,PHC,Bengaluru Urban,Karnataka,4,real_state_totals_synthetic_district_distribution
F03880,PHC Bengaluru Urban #215,PHC,Bengaluru Urban,Karnataka,4,real_state_totals_synthetic_district_distribution
F03881,PHC Bengaluru Urban #216,PHC,Bengaluru Urban,Karnataka,7,real_state_totals_synthetic_district_distribution
F03882,PHC Bengaluru Urban #217,PHC,Bengaluru Urban,Karnataka,5,real_state_totals_synthetic_district_distribution
F03883,PHC Bengaluru Urban #218,PHC,Bengaluru Urban,Karnataka,10,real_state_totals_synthetic_district_distribution
F03884,PHC Bengaluru Urban #219,PHC,Bengaluru Urban,Karnataka,4,real_state_totals_synthetic_district_distribution
F03885,PHC Bengaluru Urban #220,PHC,Bengaluru Urban,Karnataka,6,real_state_totals_synthetic_district_distribution
F03886,PHC Bengaluru Urban #221,PHC,Bengaluru Urban,Karnataka,8,real_state_totals_synthetic_district_distribution
F03887,PHC Bengaluru Urban #222,PHC,Bengaluru Urban,Karnataka,10,real_state_totals_synthetic_district_distribution
F03888,PHC Bengaluru Urban #223,PHC,Bengaluru Urban,Karnataka,8,real_state_totals_synthetic_district_distribution
F03889,PHC Bengaluru Urban #224,PHC,Bengaluru Urban,Karnataka,8,real_state_totals_synthetic_district_distribution
F03890,PHC Bengaluru Urban #225,PHC,Bengaluru Urban,Karnataka,7,real_state_totals_synthetic_district_distribution
F03891,PHC Bengaluru Urban #226,PHC,Bengaluru Urban,Karnataka,10,real_state_totals_synthetic_district_distribution
F03892,PHC Bengaluru Urban #227,PHC,Bengaluru Urban,Karnataka,6,real_state_totals_synthetic_district_distribution
F03893,PHC Bengaluru Urban #228,PHC,Bengaluru Urban,Karnataka,4,real_state_totals_synthetic_district_distribution
F03894,PHC Bengaluru Urban #229,PHC,Bengaluru Urban,Karnataka,9,real_state_totals_synthetic_district_distribution
F03895,PHC Bengaluru Urban #230,PHC,Bengaluru Urban,Karnataka,6,real_state_totals_synthetic_district_distribution
F03896,PHC Bengaluru Urban #231,PHC,Bengaluru Urban,Karnataka,10,real_state_totals_synthetic_district_distribution
F03897,PHC Bengaluru Urban #232,PHC,Bengaluru Urban,Karnataka,7,real_state_totals_synthetic_district_distribution
F03898,PHC Bengaluru Urban #233,PHC,Bengaluru Urban,Karnataka,7,real_state_totals_synthetic_district_distribution
F03899,PHC Bengaluru Urban #234,PHC,Bengaluru Urban,Karnataka,5,real_state_totals_synthetic_district_distribution
F03900,PHC Bengaluru Urban #235,PHC,Bengaluru Urban,Karnataka,6,real_state_totals_synthetic_district_distribution
F03901,PHC Bengaluru Urban #236,PHC,Bengaluru Urban,Karnataka,8,real_state_totals_synthetic_district_distribution
F03902,PHC Bengaluru Urban #237,PHC,Bengaluru Urban,Karnataka,7,real_state_totals_synthetic_district_distribution
F03903,PHC Bengaluru Urban #238,PHC,Bengaluru Urban,Karnataka,7,real_state_totals_synthetic_district_distribution
F03904,PHC Bengaluru Urban #239,PHC,Bengaluru Urban,Karnataka,5,real_state_totals_synthetic_district_distribution
F03905,PHC Bengaluru Urban #240,PHC,Bengaluru Urban,Karnataka,9,real_state_totals_synthetic_district_distribution
F03906,PHC Bengaluru Urban #241,PHC,Bengaluru Urban,Karnataka,8,real_state_totals_synthetic_district_distribution
F03907,PHC Bengaluru Urban #242,PHC,Bengaluru Urban,Karnataka,9,real_state_totals_synthetic_district_distribution
F03908,PHC Bengaluru Urban #243,PHC,Bengaluru Urban,Karnataka,7,real_state_totals_synthetic_district_distribution
F03909,PHC Bengaluru Urban #244,PHC,Bengaluru Urban,Karnataka,4,real_state_totals_synthetic_district_distribution
F03910,PHC Bengaluru Urban #245,PHC,Bengaluru Urban,Karnataka,10,real_state_totals_synthetic_district_distribution
F03911,PHC Bengaluru Urban #246,PHC,Bengaluru Urban,Karnataka,8,real_state_totals_synthetic_district_distribution
F03912,PHC Bengaluru Urban #247,PHC,Bengaluru Urban,Karnataka,6,real_state_totals_synthetic_district_distribution
F03913,PHC Bengaluru Urban #248,PHC,Bengaluru Urban,Karnataka,10,real_state_totals_synthetic_district_distribution
F03914,PHC Bengaluru Urban #249,PHC,Bengaluru Urban,Karnataka,5,real_state_totals_synthetic_district_distribution
F03915,PHC Bengaluru Urban #250,PHC,Bengaluru Urban,Karnataka,9,real_state_totals_synthetic_district_distribution
F03916,PHC Bengaluru Urban #251,PHC,Bengaluru Urban,Karnataka,4,real_state_totals_synthetic_district_distribution
F03917,PHC Bengaluru Urban #252,PHC,Bengaluru Urban,Karnataka,4,real_state_totals_synthetic_district_distribution
F03918,PHC Bengaluru Urban #253,PHC,Bengaluru Urban,Karnataka,6,real_state_totals_synthetic_district_distribution
F03919,PHC Bengaluru Urban #254,PHC,Bengaluru Urban,Karnataka,5,real_state_totals_synthetic_district_distribution
F03920,PHC Bengaluru Urban #255,PHC,Bengaluru Urban,Karnataka,7,real_state_totals_synthetic_district_distribution
F03921,PHC Bengaluru Urban #256,PHC,Bengaluru Urban,Karnataka,9,real_state_totals_synthetic_district_distribution
F03922,PHC Bengaluru Urban #257,PHC,Bengaluru Urban,Karnataka,10,real_state_totals_synthetic_district_distribution
F03923,PHC Bengaluru Urban #258,PHC,Bengaluru Urban,Karnataka,9,real_state_totals_synthetic_district_distribution
F03924,PHC Bengaluru Urban #259,PHC,Bengaluru Urban,Karnataka,5,real_state_totals_synthetic_district_distribution
F03925,PHC Bengaluru Urban #260,PHC,Bengaluru Urban,Karnataka,9,real_state_totals_synthetic_district_distribution
F03926,PHC Bengaluru Urban #261,PHC,Bengaluru Urban,Karnataka,7,real_state_totals_synthetic_district_distribution
F03927,PHC Bengaluru Urban #262,PHC,Bengaluru Urban,Karnataka,6,real_state_totals_synthetic_district_distribution
F03928,PHC Bengaluru Urban #263,PHC,Bengaluru Urban,Karnataka,6,real_state_totals_synthetic_district_distribution
F03929,PHC Bengaluru Urban #264,PHC,Bengaluru Urban,Karnataka,4,real_state_totals_synthetic_district_distribution
F03930,PHC Bengaluru Urban #265,PHC,Bengaluru Urban,Karnataka,4,real_state_totals_synthetic_district_distribution
F03931,PHC Bengaluru Urban #266,PHC,Bengaluru Urban,Karnataka,4,real_state_totals_synthetic_district_distribution
F03932,PHC Bengaluru Urban #267,PHC,Bengaluru Urban,Karnataka,6,real_state_totals_synthetic_district_distribution
F03933,PHC Bengaluru Urban #268,PHC,Bengaluru Urban,Karnataka,7,real_state_totals_synthetic_district_distribution
F03934,PHC Bengaluru Urban #269,PHC,Bengaluru Urban,Karnataka,6,real_state_totals_synthetic_district_distribution
F03935,PHC Bengaluru Urban #270,PHC,Bengaluru Urban,Karnataka,10,real_state_totals_synthetic_district_distribution
F03936,PHC Bengaluru Urban #271,PHC,Bengaluru Urban,Karnataka,6,real_state_totals_synthetic_district_distribution
F03937,PHC Bengaluru Urban #272,PHC,Bengaluru Urban,Karnataka,4,real_state_totals_synthetic_district_distribution
F03938,PHC Bengaluru Urban #273,PHC,Bengaluru Urban,Karnataka,5,real_state_totals_synthetic_district_distribution
F03939,PHC Bengaluru Urban #274,PHC,Bengaluru Urban,Karnataka,4,real_state_totals_synthetic_district_distribution
F03940,PHC Bengaluru Urban #275,PHC,Bengaluru Urban,Karnataka,5,real_state_totals_synthetic_district_distribution
F03941,PHC Bengaluru Urban #276,PHC,Bengaluru Urban,Karnataka,7,real_state_totals_synthetic_district_distribution
F03942,PHC Bengaluru Urban #277,PHC,Bengaluru Urban,Karnataka,7,real_state_totals_synthetic_district_distribution
F03943,PHC Bengaluru Urban #278,PHC,Bengaluru Urban,Karnataka,8,real_state_totals_synthetic_district_distribution
F03944,PHC Bengaluru Urban #279,PHC,Bengaluru Urban,Karnataka,8,real_state_totals_synthetic_district_distribution
F03945,PHC Bengaluru Urban #280,PHC,Bengaluru Urban,Karnataka,8,real_state_totals_synthetic_district_distribution
F03946,PHC Bengaluru Urban #281,PHC,Bengaluru Urban,Karnataka,7,real_state_totals_synthetic_district_distribution
F03947,PHC Bengaluru Urban #282,PHC,Bengaluru Urban,Karnataka,4,real_state_totals_synthetic_district_distribution
F03948,PHC Bengaluru Urban #283,PHC,Bengaluru Urban,Karnataka,4,real_state_totals_synthetic_district_distribution
F03949,PHC Bengaluru Urban #284,PHC,Bengaluru Urban,Karnataka,4,real_state_totals_synthetic_district_distribution
F03950,PHC Bengaluru Urban #285,PHC,Bengaluru Urban,Karnataka,6,real_state_totals_synthetic_district_distribution
F03951,PHC Bengaluru Urban #286,PHC,Bengaluru Urban,Karnataka,8,real_state_totals_synthetic_district_distribution
F03952,PHC Bengaluru Urban #287,PHC,Bengaluru Urban,Karnataka,4,real_state_totals_synthetic_district_distribution
F03953,PHC Bengaluru Urban #288,PHC,Bengaluru Urban,Karnataka,8,real_state_totals_synthetic_district_distribution
F03954,PHC Bengaluru Urban #289,PHC,Bengaluru Urban,Karnataka,8,real_state_totals_synthetic_district_distribution
F03955,PHC Bengaluru Urban #290,PHC,Bengaluru Urban,Karnataka,10,real_state_totals_synthetic_district_distribution
F03956,PHC Bengaluru Urban #291,PHC,Bengaluru Urban,Karnataka,6,real_state_totals_synthetic_district_distribution
F03957,PHC Bengaluru Urban #292,PHC,Bengaluru Urban,Karnataka,10,real_state_totals_synthetic_district_distribution
F03958,PHC Bengaluru Urban #293,PHC,Bengaluru Urban,Karnataka,7,real_state_totals_synthetic_district_distribution
F03959,PHC Bengaluru Urban #294,PHC,Bengaluru Urban,Karnataka,4,real_state_totals_synthetic_district_distribution
F03960,PHC Bengaluru Urban #295,PHC,Bengaluru Urban,Karnataka,6,real_state_totals_synthetic_district_distribution
F03961,PHC Bengaluru Urban #296,PHC,Bengaluru Urban,Karnataka,7,real_state_totals_synthetic_district_distribution
F03962,PHC Bengaluru Urban #297,PHC,Bengaluru Urban,Karnataka,7,real_state_totals_synthetic_district_distribution
F03963,CHC Bengaluru Urban #1,CHC,Bengaluru Urban,Karnataka,44,real_state_totals_synthetic_district_distribution
F03964,CHC Bengaluru Urban #2,CHC,Bengaluru Urban,Karnataka,22,real_state_totals_synthetic_district_distribution
F03965,CHC Bengaluru Urban #3,CHC,Bengaluru Urban,Karnataka,43,real_state_totals_synthetic_district_distribution
F03966,CHC Bengaluru Urban #4,CHC,Bengaluru Urban,Karnataka,48,real_state_totals_synthetic_district_distribution
F03967,CHC Bengaluru Urban #5,CHC,Bengaluru Urban,Karnataka,37,real_state_totals_synthetic_district_distribution
F03968,CHC Bengaluru Urban #6,CHC,Bengaluru Urban,Karnataka,48,real_state_totals_synthetic_district_distribution
F03969,CHC Bengaluru Urban #7,CHC,Bengaluru Urban,Karnataka,27,real_state_totals_synthetic_district_distribution
F03970,CHC Bengaluru Urban #8,CHC,Bengaluru Urban,Karnataka,38,real_state_totals_synthetic_district_distribution
F03971,CHC Bengaluru Urban #9,CHC,Bengaluru Urban,Karnataka,36,real_state_totals_synthetic_district_distribution
F03972,CHC Bengaluru Urban #10,CHC,Bengaluru Urban,Karnataka,25,real_state_totals_synthetic_district_distribution
F03973,CHC Bengaluru Urban #11,CHC,Bengaluru Urban,Karnataka,41,real_state_totals_synthetic_district_distribution
F03974,CHC Bengaluru Urban #12,CHC,Bengaluru Urban,Karnataka,32,real_state_totals_synthetic_district_distribution
F03975,CHC Bengaluru Urban #13,CHC,Bengaluru Urban,Karnataka,25,real_state_totals_synthetic_district_distribution
F03976,CHC Bengaluru Urban #14,CHC,Bengaluru Urban,Karnataka,24,real_state_totals_synthetic_district_distribution
F03977,CHC Bengaluru Urban #15,CHC,Bengaluru Urban,Karnataka,28,real_state_totals_synthetic_district_distribution
F03978,CHC Bengaluru Urban #16,CHC,Bengaluru Urban,Karnataka,29,real_state_totals_synthetic_district_distribution
F03979,CHC Bengaluru Urban #17,CHC,Bengaluru Urban,Karnataka,28,real_state_totals_synthetic_district_distribution
F03980,CHC Bengaluru Urban #18,CHC,Bengaluru Urban,Karnataka,35,real_state_totals_synthetic_district_distribution
F03981,CHC Bengaluru Urban #19,CHC,Bengaluru Urban,Karnataka,24,real_state_totals_synthetic_district_distribution
F03982,CHC Bengaluru Urban #20,CHC,Bengaluru Urban,Karnataka,22,real_state_totals_synthetic_district_distribution
F03983,CHC Bengaluru Urban #21,CHC,Bengaluru Urban,Karnataka,25,real_state_totals_synthetic_district_distribution
F03984,CHC Bengaluru Urban #22,CHC,Bengaluru Urban,Karnataka,33,real_state_totals_synthetic_district_distribution
F03985,CHC Bengaluru Urban #23,CHC,Bengaluru Urban,Karnataka,28,real_state_totals_synthetic_district_distribution
F03986,CHC Bengaluru Urban #24,CHC,Bengaluru Urban,Karnataka,33,real_state_totals_synthetic_district_distribution
F03987,CHC Bengaluru Urban #25,CHC,Bengaluru Urban,Karnataka,29,real_state_totals_synthetic_district_distribution
F03988,CHC Bengaluru Urban #26,CHC,Bengaluru Urban,Karnataka,35,real_state_totals_synthetic_district_distribution
F03989,CHC Bengaluru Urban #27,CHC,Bengaluru Urban,Karnataka,45,real_state_totals_synthetic_district_distribution
F03990,CHC Bengaluru Urban #28,CHC,Bengaluru Urban,Karnataka,22,real_state_totals_synthetic_district_distribution
F03991,CHC Bengaluru Urban #29,CHC,Bengaluru Urban,Karnataka,31,real_state_totals_synthetic_district_distribution
F03992,CHC Bengaluru Urban #30,CHC,Bengaluru Urban,Karnataka,28,real_state_totals_synthetic_district_distribution
F03993,CHC Bengaluru Urban #31,CHC,Bengaluru Urban,Karnataka,50,real_state_totals_synthetic_district_distribution
F03994,CHC Bengaluru Urban #32,CHC,Bengaluru Urban,Karnataka,27,real_state_totals_synthetic_district_distribution
F03995,CHC Bengaluru Urban #33,CHC,Bengaluru Urban,Karnataka,43,real_state_totals_synthetic_district_distribution
F03996,CHC Bengaluru Urban #34,CHC,Bengaluru Urban,Karnataka,40,real_state_totals_synthetic_district_distribution
F03997,CHC Bengaluru Urban #35,CHC,Bengaluru Urban,Karnataka,35,real_state_totals_synthetic_district_distribution
F03998,CHC Bengaluru Urban #36,CHC,Bengaluru Urban,Karnataka,39,real_state_totals_synthetic_district_distribution
F03999,CHC Bengaluru Urban #37,CHC,Bengaluru Urban,Karnataka,39,real_state_totals_synthetic_district_distribution
F04000,CHC Bengaluru Urban #38,CHC,Bengaluru Urban,Karnataka,26,real_state_totals_synthetic_district_distribution
F04001,CHC Bengaluru Urban #39,CHC,Bengaluru Urban,Karnataka,34,real_state_totals_synthetic_district_distribution
F04002,CHC Bengaluru Urban #40,CHC,Bengaluru Urban,Karnataka,23,real_state_totals_synthetic_district_distribution
F04003,CHC Bengaluru Urban #41,CHC,Bengaluru Urban,Karnataka,24,real_state_totals_synthetic_district_distribution
F04004,CHC Bengaluru Urban #42,CHC,Bengaluru Urban,Karnataka,29,real_state_totals_synthetic_district_distribution
F04005,CHC Bengaluru Urban #43,CHC,Bengaluru Urban,Karnataka,20,real_state_totals_synthetic_district_distribution
F04006,CHC Bengaluru Urban #44,CHC,Bengaluru Urban,Karnataka,50,real_state_totals_synthetic_district_distribution
F04007,CHC Bengaluru Urban #45,CHC,Bengaluru Urban,Karnataka,32,real_state_totals_synthetic_district_distribution
F04008,CHC Bengaluru Urban #46,CHC,Bengaluru Urban,Karnataka,30,real_state_totals_synthetic_district_distribution
F04009,CHC Bengaluru Urban #47,CHC,Bengaluru Urban,Karnataka,46,real_state_totals_synthetic_district_distribution
F04010,CHC Bengaluru Urban #48,CHC,Bengaluru Urban,Karnataka,39,real_state_totals_synthetic_district_distribution
F04011,CHC Bengaluru Urban #49,CHC,Bengaluru Urban,Karnataka,32,real_state_totals_synthetic_district_distribution
F04012,CHC Bengaluru Urban #50,CHC,Bengaluru Urban,Karnataka,45,real_state_totals_synthetic_district_distribution
F04013,District Hospital Bengaluru Urban #1,District Hospital,Bengaluru Urban,Karnataka,184,real_state_totals_synthetic_district_distribution
F04014,District Hospital Bengaluru Urban #2,District Hospital,Bengaluru Urban,Karnataka,212,real_state_totals_synthetic_district_distribution
F04015,District Hospital Bengaluru Urban #3,District Hospital,Bengaluru Urban,Karnataka,185,real_state_totals_synthetic_district_distribution
F04016,PHC Belagavi #1,PHC,Belagavi,Karnataka,7,real_state_totals_synthetic_district_distribution
F04017,PHC Belagavi #2,PHC,Belagavi,Karnataka,10,real_state_totals_synthetic_district_distribution
F04018,PHC Belagavi #3,PHC,Belagavi,Karnataka,10,real_state_totals_synthetic_district_distribution
F04019,PHC Belagavi #4,PHC,Belagavi,Karnataka,10,real_state_totals_synthetic_district_distribution
F04020,PHC Belagavi #5,PHC,Belagavi,Karnataka,9,real_state_totals_synthetic_district_distribution
F04021,PHC Belagavi #6,PHC,Belagavi,Karnataka,8,real_state_totals_synthetic_district_distribution
F04022,PHC Belagavi #7,PHC,Belagavi,Karnataka,5,real_state_totals_synthetic_district_distribution
F04023,PHC Belagavi #8,PHC,Belagavi,Karnataka,6,real_state_totals_synthetic_district_distribution
F04024,PHC Belagavi #9,PHC,Belagavi,Karnataka,6,real_state_totals_synthetic_district_distribution
F04025,PHC Belagavi #10,PHC,Belagavi,Karnataka,8,real_state_totals_synthetic_district_distribution
F04026,PHC Belagavi #11,PHC,Belagavi,Karnataka,9,real_state_totals_synthetic_district_distribution
F04027,PHC Belagavi #12,PHC,Belagavi,Karnataka,5,real_state_totals_synthetic_district_distribution
F04028,PHC Belagavi #13,PHC,Belagavi,Karnataka,7,real_state_totals_synthetic_district_distribution
F04029,PHC Belagavi #14,PHC,Belagavi,Karnataka,6,real_state_totals_synthetic_district_distribution
F04030,PHC Belagavi #15,PHC,Belagavi,Karnataka,5,real_state_totals_synthetic_district_distribution
F04031,PHC Belagavi #16,PHC,Belagavi,Karnataka,7,real_state_totals_synthetic_district_distribution
F04032,PHC Belagavi #17,PHC,Belagavi,Karnataka,6,real_state_totals_synthetic_district_distribution
F04033,PHC Belagavi #18,PHC,Belagavi,Karnataka,6,real_state_totals_synthetic_district_distribution
F04034,PHC Belagavi #19,PHC,Belagavi,Karnataka,9,real_state_totals_synthetic_district_distribution
F04035,PHC Belagavi #20,PHC,Belagavi,Karnataka,9,real_state_totals_synthetic_district_distribution
F04036,PHC Belagavi #21,PHC,Belagavi,Karnataka,9,real_state_totals_synthetic_district_distribution
F04037,PHC Belagavi #22,PHC,Belagavi,Karnataka,7,real_state_totals_synthetic_district_distribution
F04038,PHC Belagavi #23,PHC,Belagavi,Karnataka,8,real_state_totals_synthetic_district_distribution
F04039,PHC Belagavi #24,PHC,Belagavi,Karnataka,10,real_state_totals_synthetic_district_distribution
F04040,PHC Belagavi #25,PHC,Belagavi,Karnataka,5,real_state_totals_synthetic_district_distribution
F04041,PHC Belagavi #26,PHC,Belagavi,Karnataka,6,real_state_totals_synthetic_district_distribution
F04042,PHC Belagavi #27,PHC,Belagavi,Karnataka,7,real_state_totals_synthetic_district_distribution
F04043,PHC Belagavi #28,PHC,Belagavi,Karnataka,6,real_state_totals_synthetic_district_distribution
F04044,PHC Belagavi #29,PHC,Belagavi,Karnataka,10,real_state_totals_synthetic_district_distribution
F04045,PHC Belagavi #30,PHC,Belagavi,Karnataka,10,real_state_totals_synthetic_district_distribution
F04046,PHC Belagavi #31,PHC,Belagavi,Karnataka,7,real_state_totals_synthetic_district_distribution
F04047,PHC Belagavi #32,PHC,Belagavi,Karnataka,6,real_state_totals_synthetic_district_distribution
F04048,PHC Belagavi #33,PHC,Belagavi,Karnataka,4,real_state_totals_synthetic_district_distribution
F04049,PHC Belagavi #34,PHC,Belagavi,Karnataka,8,real_state_totals_synthetic_district_distribution
F04050,PHC Belagavi #35,PHC,Belagavi,Karnataka,5,real_state_totals_synthetic_district_distribution
F04051,PHC Belagavi #36,PHC,Belagavi,Karnataka,8,real_state_totals_synthetic_district_distribution
F04052,PHC Belagavi #37,PHC,Belagavi,Karnataka,8,real_state_totals_synthetic_district_distribution
F04053,PHC Belagavi #38,PHC,Belagavi,Karnataka,5,real_state_totals_synthetic_district_distribution
F04054,PHC Belagavi #39,PHC,Belagavi,Karnataka,9,real_state_totals_synthetic_district_distribution
F04055,PHC Belagavi #40,PHC,Belagavi,Karnataka,10,real_state_totals_synthetic_district_distribution
F04056,PHC Belagavi #41,PHC,Belagavi,Karnataka,8,real_state_totals_synthetic_district_distribution
F04057,PHC Belagavi #42,PHC,Belagavi,Karnataka,4,real_state_totals_synthetic_district_distribution
F04058,PHC Belagavi #43,PHC,Belagavi,Karnataka,9,real_state_totals_synthetic_district_distribution
F04059,PHC Belagavi #44,PHC,Belagavi,Karnataka,7,real_state_totals_synthetic_district_distribution
F04060,PHC Belagavi #45,PHC,Belagavi,Karnataka,9,real_state_totals_synthetic_district_distribution
F04061,PHC Belagavi #46,PHC,Belagavi,Karnataka,5,real_state_totals_synthetic_district_distribution
F04062,PHC Belagavi #47,PHC,Belagavi,Karnataka,7,real_state_totals_synthetic_district_distribution
F04063,PHC Belagavi #48,PHC,Belagavi,Karnataka,10,real_state_totals_synthetic_district_distribution
F04064,PHC Belagavi #49,PHC,Belagavi,Karnataka,6,real_state_totals_synthetic_district_distribution
F04065,PHC Belagavi #50,PHC,Belagavi,Karnataka,10,real_state_totals_synthetic_district_distribution
F04066,PHC Belagavi #51,PHC,Belagavi,Karnataka,9,real_state_totals_synthetic_district_distribution
F04067,PHC Belagavi #52,PHC,Belagavi,Karnataka,4,real_state_totals_synthetic_district_distribution
F04068,PHC Belagavi #53,PHC,Belagavi,Karnataka,10,real_state_totals_synthetic_district_distribution
F04069,PHC Belagavi #54,PHC,Belagavi,Karnataka,10,real_state_totals_synthetic_district_distribution
F04070,PHC Belagavi #55,PHC,Belagavi,Karnataka,10,real_state_totals_synthetic_district_distribution
F04071,PHC Belagavi #56,PHC,Belagavi,Karnataka,10,real_state_totals_synthetic_district_distribution
F04072,PHC Belagavi #57,PHC,Belagavi,Karnataka,7,real_state_totals_synthetic_district_distribution
F04073,PHC Belagavi #58,PHC,Belagavi,Karnataka,9,real_state_totals_synthetic_district_distribution
F04074,PHC Belagavi #59,PHC,Belagavi,Karnataka,7,real_state_totals_synthetic_district_distribution
F04075,PHC Belagavi #60,PHC,Belagavi,Karnataka,5,real_state_totals_synthetic_district_distribution
F04076,PHC Belagavi #61,PHC,Belagavi,Karnataka,9,real_state_totals_synthetic_district_distribution
F04077,PHC Belagavi #62,PHC,Belagavi,Karnataka,6,real_state_totals_synthetic_district_distribution
F04078,PHC Belagavi #63,PHC,Belagavi,Karnataka,5,real_state_totals_synthetic_district_distribution
F04079,PHC Belagavi #64,PHC,Belagavi,Karnataka,6,real_state_totals_synthetic_district_distribution
F04080,PHC Belagavi #65,PHC,Belagavi,Karnataka,9,real_state_totals_synthetic_district_distribution
F04081,PHC Belagavi #66,PHC,Belagavi,Karnataka,5,real_state_totals_synthetic_district_distribution
F04082,PHC Belagavi #67,PHC,Belagavi,Karnataka,9,real_state_totals_synthetic_district_distribution
F04083,PHC Belagavi #68,PHC,Belagavi,Karnataka,7,real_state_totals_synthetic_district_distribution
F04084,PHC Belagavi #69,PHC,Belagavi,Karnataka,10,real_state_totals_synthetic_district_distribution
F04085,PHC Belagavi #70,PHC,Belagavi,Karnataka,7,real_state_totals_synthetic_district_distribution
F04086,PHC Belagavi #71,PHC,Belagavi,Karnataka,4,real_state_totals_synthetic_district_distribution
F04087,PHC Belagavi #72,PHC,Belagavi,Karnataka,7,real_state_totals_synthetic_district_distribution
F04088,PHC Belagavi #73,PHC,Belagavi,Karnataka,8,real_state_totals_synthetic_district_distribution
F04089,PHC Belagavi #74,PHC,Belagavi,Karnataka,7,real_state_totals_synthetic_district_distribution
F04090,PHC Belagavi #75,PHC,Belagavi,Karnataka,8,real_state_totals_synthetic_district_distribution
F04091,PHC Belagavi #76,PHC,Belagavi,Karnataka,7,real_state_totals_synthetic_district_distribution
F04092,PHC Belagavi #77,PHC,Belagavi,Karnataka,8,real_state_totals_synthetic_district_distribution
F04093,PHC Belagavi #78,PHC,Belagavi,Karnataka,8,real_state_totals_synthetic_district_distribution
F04094,PHC Belagavi #79,PHC,Belagavi,Karnataka,10,real_state_totals_synthetic_district_distribution
F04095,PHC Belagavi #80,PHC,Belagavi,Karnataka,9,real_state_totals_synthetic_district_distribution
F04096,PHC Belagavi #81,PHC,Belagavi,Karnataka,7,real_state_totals_synthetic_district_distribution
F04097,PHC Belagavi #82,PHC,Belagavi,Karnataka,8,real_state_totals_synthetic_district_distribution
F04098,PHC Belagavi #83,PHC,Belagavi,Karnataka,4,real_state_totals_synthetic_district_distribution
F04099,PHC Belagavi #84,PHC,Belagavi,Karnataka,10,real_state_totals_synthetic_district_distribution
F04100,PHC Belagavi #85,PHC,Belagavi,Karnataka,6,real_state_totals_synthetic_district_distribution
F04101,PHC Belagavi #86,PHC,Belagavi,Karnataka,9,real_state_totals_synthetic_district_distribution
F04102,PHC Belagavi #87,PHC,Belagavi,Karnataka,10,real_state_totals_synthetic_district_distribution
F04103,PHC Belagavi #88,PHC,Belagavi,Karnataka,8,real_state_totals_synthetic_district_distribution
F04104,PHC Belagavi #89,PHC,Belagavi,Karnataka,8,real_state_totals_synthetic_district_distribution
F04105,PHC Belagavi #90,PHC,Belagavi,Karnataka,9,real_state_totals_synthetic_district_distribution
F04106,PHC Belagavi #91,PHC,Belagavi,Karnataka,4,real_state_totals_synthetic_district_distribution
F04107,PHC Belagavi #92,PHC,Belagavi,Karnataka,4,real_state_totals_synthetic_district_distribution
F04108,PHC Belagavi #93,PHC,Belagavi,Karnataka,10,real_state_totals_synthetic_district_distribution
F04109,PHC Belagavi #94,PHC,Belagavi,Karnataka,5,real_state_totals_synthetic_district_distribution
F04110,PHC Belagavi #95,PHC,Belagavi,Karnataka,9,real_state_totals_synthetic_district_distribution
F04111,PHC Belagavi #96,PHC,Belagavi,Karnataka,9,real_state_totals_synthetic_district_distribution
F04112,PHC Belagavi #97,PHC,Belagavi,Karnataka,6,real_state_totals_synthetic_district_distribution
F04113,PHC Belagavi #98,PHC,Belagavi,Karnataka,5,real_state_totals_synthetic_district_distribution
F04114,PHC Belagavi #99,PHC,Belagavi,Karnataka,9,real_state_totals_synthetic_district_distribution
F04115,PHC Belagavi #100,PHC,Belagavi,Karnataka,8,real_state_totals_synthetic_district_distribution
F04116,PHC Belagavi #101,PHC,Belagavi,Karnataka,4,real_state_totals_synthetic_district_distribution
F04117,PHC Belagavi #102,PHC,Belagavi,Karnataka,8,real_state_totals_synthetic_district_distribution
F04118,PHC Belagavi #103,PHC,Belagavi,Karnataka,9,real_state_totals_synthetic_district_distribution
F04119,PHC Belagavi #104,PHC,Belagavi,Karnataka,9,real_state_totals_synthetic_district_distribution
F04120,PHC Belagavi #105,PHC,Belagavi,Karnataka,9,real_state_totals_synthetic_district_distribution
F04121,PHC Belagavi #106,PHC,Belagavi,Karnataka,7,real_state_totals_synthetic_district_distribution
F04122,PHC Belagavi #107,PHC,Belagavi,Karnataka,10,real_state_totals_synthetic_district_distribution
F04123,PHC Belagavi #108,PHC,Belagavi,Karnataka,6,real_state_totals_synthetic_district_distribution
F04124,PHC Belagavi #109,PHC,Belagavi,Karnataka,10,real_state_totals_synthetic_district_distribution
F04125,PHC Belagavi #110,PHC,Belagavi,Karnataka,7,real_state_totals_synthetic_district_distribution
F04126,PHC Belagavi #111,PHC,Belagavi,Karnataka,4,real_state_totals_synthetic_district_distribution
F04127,PHC Belagavi #112,PHC,Belagavi,Karnataka,4,real_state_totals_synthetic_district_distribution
F04128,PHC Belagavi #113,PHC,Belagavi,Karnataka,4,real_state_totals_synthetic_district_distribution
F04129,PHC Belagavi #114,PHC,Belagavi,Karnataka,6,real_state_totals_synthetic_district_distribution
F04130,PHC Belagavi #115,PHC,Belagavi,Karnataka,5,real_state_totals_synthetic_district_distribution
F04131,PHC Belagavi #116,PHC,Belagavi,Karnataka,8,real_state_totals_synthetic_district_distribution
F04132,PHC Belagavi #117,PHC,Belagavi,Karnataka,9,real_state_totals_synthetic_district_distribution
F04133,PHC Belagavi #118,PHC,Belagavi,Karnataka,8,real_state_totals_synthetic_district_distribution
F04134,PHC Belagavi #119,PHC,Belagavi,Karnataka,8,real_state_totals_synthetic_district_distribution
F04135,PHC Belagavi #120,PHC,Belagavi,Karnataka,8,real_state_totals_synthetic_district_distribution
F04136,PHC Belagavi #121,PHC,Belagavi,Karnataka,9,real_state_totals_synthetic_district_distribution
F04137,PHC Belagavi #122,PHC,Belagavi,Karnataka,8,real_state_totals_synthetic_district_distribution
F04138,PHC Belagavi #123,PHC,Belagavi,Karnataka,5,real_state_totals_synthetic_district_distribution
F04139,PHC Belagavi #124,PHC,Belagavi,Karnataka,7,real_state_totals_synthetic_district_distribution
F04140,PHC Belagavi #125,PHC,Belagavi,Karnataka,6,real_state_totals_synthetic_district_distribution
F04141,PHC Belagavi #126,PHC,Belagavi,Karnataka,7,real_state_totals_synthetic_district_distribution
F04142,PHC Belagavi #127,PHC,Belagavi,Karnataka,7,real_state_totals_synthetic_district_distribution
F04143,PHC Belagavi #128,PHC,Belagavi,Karnataka,10,real_state_totals_synthetic_district_distribution
F04144,PHC Belagavi #129,PHC,Belagavi,Karnataka,9,real_state_totals_synthetic_district_distribution
F04145,PHC Belagavi #130,PHC,Belagavi,Karnataka,8,real_state_totals_synthetic_district_distribution
F04146,PHC Belagavi #131,PHC,Belagavi,Karnataka,9,real_state_totals_synthetic_district_distribution
F04147,PHC Belagavi #132,PHC,Belagavi,Karnataka,8,real_state_totals_synthetic_district_distribution
F04148,PHC Belagavi #133,PHC,Belagavi,Karnataka,5,real_state_totals_synthetic_district_distribution
F04149,PHC Belagavi #134,PHC,Belagavi,Karnataka,6,real_state_totals_synthetic_district_distribution
F04150,PHC Belagavi #135,PHC,Belagavi,Karnataka,4,real_state_totals_synthetic_district_distribution
F04151,PHC Belagavi #136,PHC,Belagavi,Karnataka,7,real_state_totals_synthetic_district_distribution
F04152,PHC Belagavi #137,PHC,Belagavi,Karnataka,4,real_state_totals_synthetic_district_distribution
F04153,PHC Belagavi #138,PHC,Belagavi,Karnataka,6,real_state_totals_synthetic_district_distribution
F04154,PHC Belagavi #139,PHC,Belagavi,Karnataka,7,real_state_totals_synthetic_district_distribution
F04155,PHC Belagavi #140,PHC,Belagavi,Karnataka,4,real_state_totals_synthetic_district_distribution
F04156,PHC Belagavi #141,PHC,Belagavi,Karnataka,4,real_state_totals_synthetic_district_distribution
F04157,PHC Belagavi #142,PHC,Belagavi,Karnataka,10,real_state_totals_synthetic_district_distribution
F04158,PHC Belagavi #143,PHC,Belagavi,Karnataka,9,real_state_totals_synthetic_district_distribution
F04159,PHC Belagavi #144,PHC,Belagavi,Karnataka,5,real_state_totals_synthetic_district_distribution
F04160,PHC Belagavi #145,PHC,Belagavi,Karnataka,6,real_state_totals_synthetic_district_distribution
F04161,PHC Belagavi #146,PHC,Belagavi,Karnataka,6,real_state_totals_synthetic_district_distribution
F04162,PHC Belagavi #147,PHC,Belagavi,Karnataka,6,real_state_totals_synthetic_district_distribution
F04163,PHC Belagavi #148,PHC,Belagavi,Karnataka,7,real_state_totals_synthetic_district_distribution
F04164,CHC Belagavi #1,CHC,Belagavi,Karnataka,45,real_state_totals_synthetic_district_distribution
F04165,CHC Belagavi #2,CHC,Belagavi,Karnataka,26,real_state_totals_synthetic_district_distribution
F04166,CHC Belagavi #3,CHC,Belagavi,Karnataka,36,real_state_totals_synthetic_district_distribution
F04167,CHC Belagavi #4,CHC,Belagavi,Karnataka,35,real_state_totals_synthetic_district_distribution
F04168,CHC Belagavi #5,CHC,Belagavi,Karnataka,31,real_state_totals_synthetic_district_distribution
F04169,CHC Belagavi #6,CHC,Belagavi,Karnataka,35,real_state_totals_synthetic_district_distribution
F04170,CHC Belagavi #7,CHC,Belagavi,Karnataka,23,real_state_totals_synthetic_district_distribution
F04171,CHC Belagavi #8,CHC,Belagavi,Karnataka,34,real_state_totals_synthetic_district_distribution
F04172,CHC Belagavi #9,CHC,Belagavi,Karnataka,43,real_state_totals_synthetic_district_distribution
F04173,CHC Belagavi #10,CHC,Belagavi,Karnataka,42,real_state_totals_synthetic_district_distribution
F04174,CHC Belagavi #11,CHC,Belagavi,Karnataka,34,real_state_totals_synthetic_district_distribution
F04175,CHC Belagavi #12,CHC,Belagavi,Karnataka,30,real_state_totals_synthetic_district_distribution
F04176,CHC Belagavi #13,CHC,Belagavi,Karnataka,22,real_state_totals_synthetic_district_distribution
F04177,CHC Belagavi #14,CHC,Belagavi,Karnataka,29,real_state_totals_synthetic_district_distribution
F04178,CHC Belagavi #15,CHC,Belagavi,Karnataka,21,real_state_totals_synthetic_district_distribution
F04179,CHC Belagavi #16,CHC,Belagavi,Karnataka,45,real_state_totals_synthetic_district_distribution
F04180,CHC Belagavi #17,CHC,Belagavi,Karnataka,42,real_state_totals_synthetic_district_distribution
F04181,CHC Belagavi #18,CHC,Belagavi,Karnataka,23,real_state_totals_synthetic_district_distribution
F04182,CHC Belagavi #19,CHC,Belagavi,Karnataka,20,real_state_totals_synthetic_district_distribution
F04183,CHC Belagavi #20,CHC,Belagavi,Karnataka,47,real_state_totals_synthetic_district_distribution
F04184,CHC Belagavi #21,CHC,Belagavi,Karnataka,30,real_state_totals_synthetic_district_distribution
F04185,CHC Belagavi #22,CHC,Belagavi,Karnataka,40,real_state_totals_synthetic_district_distribution
F04186,CHC Belagavi #23,CHC,Belagavi,Karnataka,23,real_state_totals_synthetic_district_distribution
F04187,CHC Belagavi #24,CHC,Belagavi,Karnataka,41,real_state_totals_synthetic_district_distribution
F04188,CHC Belagavi #25,CHC,Belagavi,Karnataka,45,real_state_totals_synthetic_district_distribution
F04189,District Hospital Belagavi #1,District Hospital,Belagavi,Karnataka,142,real_state_totals_synthetic_district_distribution
F04190,PHC Mysuru #1,PHC,Mysuru,Karnataka,9,real_state_totals_synthetic_district_distribution
F04191,PHC Mysuru #2,PHC,Mysuru,Karnataka,5,real_state_totals_synthetic_district_distribution
F04192,PHC Mysuru #3,PHC,Mysuru,Karnataka,8,real_state_totals_synthetic_district_distribution
F04193,PHC Mysuru #4,PHC,Mysuru,Karnataka,5,real_state_totals_synthetic_district_distribution
F04194,PHC Mysuru #5,PHC,Mysuru,Karnataka,8,real_state_totals_synthetic_district_distribution
F04195,PHC Mysuru #6,PHC,Mysuru,Karnataka,5,real_state_totals_synthetic_district_distribution
F04196,PHC Mysuru #7,PHC,Mysuru,Karnataka,6,real_state_totals_synthetic_district_distribution
F04197,PHC Mysuru #8,PHC,Mysuru,Karnataka,8,real_state_totals_synthetic_district_distribution
F04198,PHC Mysuru #9,PHC,Mysuru,Karnataka,7,real_state_totals_synthetic_district_distribution
F04199,PHC Mysuru #10,PHC,Mysuru,Karnataka,7,real_state_totals_synthetic_district_distribution
F04200,PHC Mysuru #11,PHC,Mysuru,Karnataka,5,real_state_totals_synthetic_district_distribution
F04201,PHC Mysuru #12,PHC,Mysuru,Karnataka,10,real_state_totals_synthetic_district_distribution
F04202,PHC Mysuru #13,PHC,Mysuru,Karnataka,7,real_state_totals_synthetic_district_distribution
F04203,PHC Mysuru #14,PHC,Mysuru,Karnataka,9,real_state_totals_synthetic_district_distribution
F04204,PHC Mysuru #15,PHC,Mysuru,Karnataka,5,real_state_totals_synthetic_district_distribution
F04205,PHC Mysuru #16,PHC,Mysuru,Karnataka,5,real_state_totals_synthetic_district_distribution
F04206,PHC Mysuru #17,PHC,Mysuru,Karnataka,9,real_state_totals_synthetic_district_distribution
F04207,PHC Mysuru #18,PHC,Mysuru,Karnataka,9,real_state_totals_synthetic_district_distribution
F04208,PHC Mysuru #19,PHC,Mysuru,Karnataka,7,real_state_totals_synthetic_district_distribution
F04209,PHC Mysuru #20,PHC,Mysuru,Karnataka,7,real_state_totals_synthetic_district_distribution
F04210,PHC Mysuru #21,PHC,Mysuru,Karnataka,4,real_state_totals_synthetic_district_distribution
F04211,PHC Mysuru #22,PHC,Mysuru,Karnataka,9,real_state_totals_synthetic_district_distribution
F04212,PHC Mysuru #23,PHC,Mysuru,Karnataka,8,real_state_totals_synthetic_district_distribution
F04213,PHC Mysuru #24,PHC,Mysuru,Karnataka,5,real_state_totals_synthetic_district_distribution
F04214,PHC Mysuru #25,PHC,Mysuru,Karnataka,7,real_state_totals_synthetic_district_distribution
F04215,PHC Mysuru #26,PHC,Mysuru,Karnataka,8,real_state_totals_synthetic_district_distribution
F04216,PHC Mysuru #27,PHC,Mysuru,Karnataka,7,real_state_totals_synthetic_district_distribution
F04217,PHC Mysuru #28,PHC,Mysuru,Karnataka,7,real_state_totals_synthetic_district_distribution
F04218,PHC Mysuru #29,PHC,Mysuru,Karnataka,4,real_state_totals_synthetic_district_distribution
F04219,PHC Mysuru #30,PHC,Mysuru,Karnataka,9,real_state_totals_synthetic_district_distribution
F04220,PHC Mysuru #31,PHC,Mysuru,Karnataka,5,real_state_totals_synthetic_district_distribution
F04221,PHC Mysuru #32,PHC,Mysuru,Karnataka,5,real_state_totals_synthetic_district_distribution
F04222,PHC Mysuru #33,PHC,Mysuru,Karnataka,6,real_state_totals_synthetic_district_distribution
F04223,PHC Mysuru #34,PHC,Mysuru,Karnataka,10,real_state_totals_synthetic_district_distribution
F04224,PHC Mysuru #35,PHC,Mysuru,Karnataka,9,real_state_totals_synthetic_district_distribution
F04225,PHC Mysuru #36,PHC,Mysuru,Karnataka,10,real_state_totals_synthetic_district_distribution
F04226,PHC Mysuru #37,PHC,Mysuru,Karnataka,10,real_state_totals_synthetic_district_distribution
F04227,PHC Mysuru #38,PHC,Mysuru,Karnataka,4,real_state_totals_synthetic_district_distribution
F04228,PHC Mysuru #39,PHC,Mysuru,Karnataka,8,real_state_totals_synthetic_district_distribution
F04229,PHC Mysuru #40,PHC,Mysuru,Karnataka,4,real_state_totals_synthetic_district_distribution
F04230,PHC Mysuru #41,PHC,Mysuru,Karnataka,10,real_state_totals_synthetic_district_distribution
F04231,PHC Mysuru #42,PHC,Mysuru,Karnataka,10,real_state_totals_synthetic_district_distribution
F04232,PHC Mysuru #43,PHC,Mysuru,Karnataka,8,real_state_totals_synthetic_district_distribution
F04233,PHC Mysuru #44,PHC,Mysuru,Karnataka,5,real_state_totals_synthetic_district_distribution
F04234,PHC Mysuru #45,PHC,Mysuru,Karnataka,6,real_state_totals_synthetic_district_distribution
F04235,PHC Mysuru #46,PHC,Mysuru,Karnataka,6,real_state_totals_synthetic_district_distribution
F04236,PHC Mysuru #47,PHC,Mysuru,Karnataka,5,real_state_totals_synthetic_district_distribution
F04237,PHC Mysuru #48,PHC,Mysuru,Karnataka,7,real_state_totals_synthetic_district_distribution
F04238,PHC Mysuru #49,PHC,Mysuru,Karnataka,4,real_state_totals_synthetic_district_distribution
F04239,PHC Mysuru #50,PHC,Mysuru,Karnataka,6,real_state_totals_synthetic_district_distribution
F04240,PHC Mysuru #51,PHC,Mysuru,Karnataka,9,real_state_totals_synthetic_district_distribution
F04241,PHC Mysuru #52,PHC,Mysuru,Karnataka,10,real_state_totals_synthetic_district_distribution
F04242,PHC Mysuru #53,PHC,Mysuru,Karnataka,7,real_state_totals_synthetic_district_distribution
F04243,PHC Mysuru #54,PHC,Mysuru,Karnataka,8,real_state_totals_synthetic_district_distribution
F04244,PHC Mysuru #55,PHC,Mysuru,Karnataka,9,real_state_totals_synthetic_district_distribution
F04245,PHC Mysuru #56,PHC,Mysuru,Karnataka,6,real_state_totals_synthetic_district_distribution
F04246,PHC Mysuru #57,PHC,Mysuru,Karnataka,8,real_state_totals_synthetic_district_distribution
F04247,PHC Mysuru #58,PHC,Mysuru,Karnataka,7,real_state_totals_synthetic_district_distribution
F04248,PHC Mysuru #59,PHC,Mysuru,Karnataka,8,real_state_totals_synthetic_district_distribution
F04249,PHC Mysuru #60,PHC,Mysuru,Karnataka,7,real_state_totals_synthetic_district_distribution
F04250,PHC Mysuru #61,PHC,Mysuru,Karnataka,8,real_state_totals_synthetic_district_distribution
F04251,PHC Mysuru #62,PHC,Mysuru,Karnataka,4,real_state_totals_synthetic_district_distribution
F04252,PHC Mysuru #63,PHC,Mysuru,Karnataka,6,real_state_totals_synthetic_district_distribution
F04253,PHC Mysuru #64,PHC,Mysuru,Karnataka,6,real_state_totals_synthetic_district_distribution
F04254,PHC Mysuru #65,PHC,Mysuru,Karnataka,10,real_state_totals_synthetic_district_distribution
F04255,PHC Mysuru #66,PHC,Mysuru,Karnataka,7,real_state_totals_synthetic_district_distribution
F04256,PHC Mysuru #67,PHC,Mysuru,Karnataka,8,real_state_totals_synthetic_district_distribution
F04257,PHC Mysuru #68,PHC,Mysuru,Karnataka,5,real_state_totals_synthetic_district_distribution
F04258,PHC Mysuru #69,PHC,Mysuru,Karnataka,10,real_state_totals_synthetic_district_distribution
F04259,PHC Mysuru #70,PHC,Mysuru,Karnataka,9,real_state_totals_synthetic_district_distribution
F04260,PHC Mysuru #71,PHC,Mysuru,Karnataka,9,real_state_totals_synthetic_district_distribution
F04261,PHC Mysuru #72,PHC,Mysuru,Karnataka,10,real_state_totals_synthetic_district_distribution
F04262,PHC Mysuru #73,PHC,Mysuru,Karnataka,6,real_state_totals_synthetic_district_distribution
F04263,PHC Mysuru #74,PHC,Mysuru,Karnataka,8,real_state_totals_synthetic_district_distribution
F04264,PHC Mysuru #75,PHC,Mysuru,Karnataka,8,real_state_totals_synthetic_district_distribution
F04265,PHC Mysuru #76,PHC,Mysuru,Karnataka,4,real_state_totals_synthetic_district_distribution
F04266,PHC Mysuru #77,PHC,Mysuru,Karnataka,9,real_state_totals_synthetic_district_distribution
F04267,PHC Mysuru #78,PHC,Mysuru,Karnataka,5,real_state_totals_synthetic_district_distribution
F04268,PHC Mysuru #79,PHC,Mysuru,Karnataka,6,real_state_totals_synthetic_district_distribution
F04269,PHC Mysuru #80,PHC,Mysuru,Karnataka,4,real_state_totals_synthetic_district_distribution
F04270,PHC Mysuru #81,PHC,Mysuru,Karnataka,5,real_state_totals_synthetic_district_distribution
F04271,PHC Mysuru #82,PHC,Mysuru,Karnataka,6,real_state_totals_synthetic_district_distribution
F04272,PHC Mysuru #83,PHC,Mysuru,Karnataka,4,real_state_totals_synthetic_district_distribution
F04273,PHC Mysuru #84,PHC,Mysuru,Karnataka,5,real_state_totals_synthetic_district_distribution
F04274,PHC Mysuru #85,PHC,Mysuru,Karnataka,6,real_state_totals_synthetic_district_distribution
F04275,PHC Mysuru #86,PHC,Mysuru,Karnataka,9,real_state_totals_synthetic_district_distribution
F04276,PHC Mysuru #87,PHC,Mysuru,Karnataka,5,real_state_totals_synthetic_district_distribution
F04277,PHC Mysuru #88,PHC,Mysuru,Karnataka,8,real_state_totals_synthetic_district_distribution
F04278,PHC Mysuru #89,PHC,Mysuru,Karnataka,7,real_state_totals_synthetic_district_distribution
F04279,PHC Mysuru #90,PHC,Mysuru,Karnataka,7,real_state_totals_synthetic_district_distribution
F04280,PHC Mysuru #91,PHC,Mysuru,Karnataka,8,real_state_totals_synthetic_district_distribution
F04281,PHC Mysuru #92,PHC,Mysuru,Karnataka,5,real_state_totals_synthetic_district_distribution
F04282,PHC Mysuru #93,PHC,Mysuru,Karnataka,8,real_state_totals_synthetic_district_distribution
F04283,CHC Mysuru #1,CHC,Mysuru,Karnataka,32,real_state_totals_synthetic_district_distribution
F04284,CHC Mysuru #2,CHC,Mysuru,Karnataka,33,real_state_totals_synthetic_district_distribution
F04285,CHC Mysuru #3,CHC,Mysuru,Karnataka,25,real_state_totals_synthetic_district_distribution
F04286,CHC Mysuru #4,CHC,Mysuru,Karnataka,35,real_state_totals_synthetic_district_distribution
F04287,CHC Mysuru #5,CHC,Mysuru,Karnataka,40,real_state_totals_synthetic_district_distribution
F04288,CHC Mysuru #6,CHC,Mysuru,Karnataka,37,real_state_totals_synthetic_district_distribution
F04289,CHC Mysuru #7,CHC,Mysuru,Karnataka,42,real_state_totals_synthetic_district_distribution
F04290,CHC Mysuru #8,CHC,Mysuru,Karnataka,49,real_state_totals_synthetic_district_distribution
F04291,CHC Mysuru #9,CHC,Mysuru,Karnataka,40,real_state_totals_synthetic_district_distribution
F04292,CHC Mysuru #10,CHC,Mysuru,Karnataka,49,real_state_totals_synthetic_district_distribution
F04293,CHC Mysuru #11,CHC,Mysuru,Karnataka,25,real_state_totals_synthetic_district_distribution
F04294,CHC Mysuru #12,CHC,Mysuru,Karnataka,37,real_state_totals_synthetic_district_distribution
F04295,CHC Mysuru #13,CHC,Mysuru,Karnataka,25,real_state_totals_synthetic_district_distribution
F04296,CHC Mysuru #14,CHC,Mysuru,Karnataka,35,real_state_totals_synthetic_district_distribution
F04297,CHC Mysuru #15,CHC,Mysuru,Karnataka,29,real_state_totals_synthetic_district_distribution
F04298,District Hospital Mysuru #1,District Hospital,Mysuru,Karnataka,135,real_state_totals_synthetic_district_distribution
F04299,PHC Tumakuru #1,PHC,Tumakuru,Karnataka,5,real_state_totals_synthetic_district_distribution
F04300,PHC Tumakuru #2,PHC,Tumakuru,Karnataka,6,real_state_totals_synthetic_district_distribution
F04301,PHC Tumakuru #3,PHC,Tumakuru,Karnataka,10,real_state_totals_synthetic_district_distribution
F04302,PHC Tumakuru #4,PHC,Tumakuru,Karnataka,7,real_state_totals_synthetic_district_distribution
F04303,PHC Tumakuru #5,PHC,Tumakuru,Karnataka,8,real_state_totals_synthetic_district_distribution
F04304,PHC Tumakuru #6,PHC,Tumakuru,Karnataka,4,real_state_totals_synthetic_district_distribution
F04305,PHC Tumakuru #7,PHC,Tumakuru,Karnataka,10,real_state_totals_synthetic_district_distribution
F04306,PHC Tumakuru #8,PHC,Tumakuru,Karnataka,6,real_state_totals_synthetic_district_distribution
F04307,PHC Tumakuru #9,PHC,Tumakuru,Karnataka,4,real_state_totals_synthetic_district_distribution
F04308,PHC Tumakuru #10,PHC,Tumakuru,Karnataka,7,real_state_totals_synthetic_district_distribution
F04309,PHC Tumakuru #11,PHC,Tumakuru,Karnataka,5,real_state_totals_synthetic_district_distribution
F04310,PHC Tumakuru #12,PHC,Tumakuru,Karnataka,5,real_state_totals_synthetic_district_distribution
F04311,PHC Tumakuru #13,PHC,Tumakuru,Karnataka,10,real_state_totals_synthetic_district_distribution
F04312,PHC Tumakuru #14,PHC,Tumakuru,Karnataka,7,real_state_totals_synthetic_district_distribution
F04313,PHC Tumakuru #15,PHC,Tumakuru,Karnataka,8,real_state_totals_synthetic_district_distribution
F04314,PHC Tumakuru #16,PHC,Tumakuru,Karnataka,8,real_state_totals_synthetic_district_distribution
F04315,PHC Tumakuru #17,PHC,Tumakuru,Karnataka,9,real_state_totals_synthetic_district_distribution
F04316,PHC Tumakuru #18,PHC,Tumakuru,Karnataka,7,real_state_totals_synthetic_district_distribution
F04317,PHC Tumakuru #19,PHC,Tumakuru,Karnataka,7,real_state_totals_synthetic_district_distribution
F04318,PHC Tumakuru #20,PHC,Tumakuru,Karnataka,9,real_state_totals_synthetic_district_distribution
F04319,PHC Tumakuru #21,PHC,Tumakuru,Karnataka,7,real_state_totals_synthetic_district_distribution
F04320,PHC Tumakuru #22,PHC,Tumakuru,Karnataka,7,real_state_totals_synthetic_district_distribution
F04321,PHC Tumakuru #23,PHC,Tumakuru,Karnataka,9,real_state_totals_synthetic_district_distribution
F04322,PHC Tumakuru #24,PHC,Tumakuru,Karnataka,10,real_state_totals_synthetic_district_distribution
F04323,PHC Tumakuru #25,PHC,Tumakuru,Karnataka,7,real_state_totals_synthetic_district_distribution
F04324,PHC Tumakuru #26,PHC,Tumakuru,Karnataka,7,real_state_totals_synthetic_district_distribution
F04325,PHC Tumakuru #27,PHC,Tumakuru,Karnataka,5,real_state_totals_synthetic_district_distribution
F04326,PHC Tumakuru #28,PHC,Tumakuru,Karnataka,4,real_state_totals_synthetic_district_distribution
F04327,PHC Tumakuru #29,PHC,Tumakuru,Karnataka,8,real_state_totals_synthetic_district_distribution
F04328,PHC Tumakuru #30,PHC,Tumakuru,Karnataka,4,real_state_totals_synthetic_district_distribution
F04329,PHC Tumakuru #31,PHC,Tumakuru,Karnataka,10,real_state_totals_synthetic_district_distribution
F04330,PHC Tumakuru #32,PHC,Tumakuru,Karnataka,10,real_state_totals_synthetic_district_distribution
F04331,PHC Tumakuru #33,PHC,Tumakuru,Karnataka,5,real_state_totals_synthetic_district_distribution
F04332,PHC Tumakuru #34,PHC,Tumakuru,Karnataka,6,real_state_totals_synthetic_district_distribution
F04333,PHC Tumakuru #35,PHC,Tumakuru,Karnataka,4,real_state_totals_synthetic_district_distribution
F04334,PHC Tumakuru #36,PHC,Tumakuru,Karnataka,6,real_state_totals_synthetic_district_distribution
F04335,PHC Tumakuru #37,PHC,Tumakuru,Karnataka,5,real_state_totals_synthetic_district_distribution
F04336,PHC Tumakuru #38,PHC,Tumakuru,Karnataka,8,real_state_totals_synthetic_district_distribution
F04337,PHC Tumakuru #39,PHC,Tumakuru,Karnataka,6,real_state_totals_synthetic_district_distribution
F04338,PHC Tumakuru #40,PHC,Tumakuru,Karnataka,5,real_state_totals_synthetic_district_distribution
F04339,PHC Tumakuru #41,PHC,Tumakuru,Karnataka,10,real_state_totals_synthetic_district_distribution
F04340,PHC Tumakuru #42,PHC,Tumakuru,Karnataka,7,real_state_totals_synthetic_district_distribution
F04341,PHC Tumakuru #43,PHC,Tumakuru,Karnataka,8,real_state_totals_synthetic_district_distribution
F04342,PHC Tumakuru #44,PHC,Tumakuru,Karnataka,9,real_state_totals_synthetic_district_distribution
F04343,PHC Tumakuru #45,PHC,Tumakuru,Karnataka,10,real_state_totals_synthetic_district_distribution
F04344,PHC Tumakuru #46,PHC,Tumakuru,Karnataka,10,real_state_totals_synthetic_district_distribution
F04345,PHC Tumakuru #47,PHC,Tumakuru,Karnataka,7,real_state_totals_synthetic_district_distribution
F04346,PHC Tumakuru #48,PHC,Tumakuru,Karnataka,8,real_state_totals_synthetic_district_distribution
F04347,PHC Tumakuru #49,PHC,Tumakuru,Karnataka,8,real_state_totals_synthetic_district_distribution
F04348,PHC Tumakuru #50,PHC,Tumakuru,Karnataka,4,real_state_totals_synthetic_district_distribution
F04349,PHC Tumakuru #51,PHC,Tumakuru,Karnataka,8,real_state_totals_synthetic_district_distribution
F04350,PHC Tumakuru #52,PHC,Tumakuru,Karnataka,4,real_state_totals_synthetic_district_distribution
F04351,PHC Tumakuru #53,PHC,Tumakuru,Karnataka,6,real_state_totals_synthetic_district_distribution
F04352,PHC Tumakuru #54,PHC,Tumakuru,Karnataka,10,real_state_totals_synthetic_district_distribution
F04353,PHC Tumakuru #55,PHC,Tumakuru,Karnataka,8,real_state_totals_synthetic_district_distribution
F04354,PHC Tumakuru #56,PHC,Tumakuru,Karnataka,10,real_state_totals_synthetic_district_distribution
F04355,PHC Tumakuru #57,PHC,Tumakuru,Karnataka,6,real_state_totals_synthetic_district_distribution
F04356,PHC Tumakuru #58,PHC,Tumakuru,Karnataka,8,real_state_totals_synthetic_district_distribution
F04357,PHC Tumakuru #59,PHC,Tumakuru,Karnataka,10,real_state_totals_synthetic_district_distribution
F04358,PHC Tumakuru #60,PHC,Tumakuru,Karnataka,10,real_state_totals_synthetic_district_distribution
F04359,PHC Tumakuru #61,PHC,Tumakuru,Karnataka,4,real_state_totals_synthetic_district_distribution
F04360,PHC Tumakuru #62,PHC,Tumakuru,Karnataka,10,real_state_totals_synthetic_district_distribution
F04361,PHC Tumakuru #63,PHC,Tumakuru,Karnataka,9,real_state_totals_synthetic_district_distribution
F04362,PHC Tumakuru #64,PHC,Tumakuru,Karnataka,7,real_state_totals_synthetic_district_distribution
F04363,PHC Tumakuru #65,PHC,Tumakuru,Karnataka,8,real_state_totals_synthetic_district_distribution
F04364,PHC Tumakuru #66,PHC,Tumakuru,Karnataka,5,real_state_totals_synthetic_district_distribution
F04365,PHC Tumakuru #67,PHC,Tumakuru,Karnataka,7,real_state_totals_synthetic_district_distribution
F04366,PHC Tumakuru #68,PHC,Tumakuru,Karnataka,4,real_state_totals_synthetic_district_distribution
F04367,PHC Tumakuru #69,PHC,Tumakuru,Karnataka,9,real_state_totals_synthetic_district_distribution
F04368,PHC Tumakuru #70,PHC,Tumakuru,Karnataka,10,real_state_totals_synthetic_district_distribution
F04369,PHC Tumakuru #71,PHC,Tumakuru,Karnataka,9,real_state_totals_synthetic_district_distribution
F04370,PHC Tumakuru #72,PHC,Tumakuru,Karnataka,10,real_state_totals_synthetic_district_distribution
F04371,PHC Tumakuru #73,PHC,Tumakuru,Karnataka,5,real_state_totals_synthetic_district_distribution
F04372,PHC Tumakuru #74,PHC,Tumakuru,Karnataka,6,real_state_totals_synthetic_district_distribution
F04373,PHC Tumakuru #75,PHC,Tumakuru,Karnataka,10,real_state_totals_synthetic_district_distribution
F04374,PHC Tumakuru #76,PHC,Tumakuru,Karnataka,4,real_state_totals_synthetic_district_distribution
F04375,PHC Tumakuru #77,PHC,Tumakuru,Karnataka,7,real_state_totals_synthetic_district_distribution
F04376,PHC Tumakuru #78,PHC,Tumakuru,Karnataka,6,real_state_totals_synthetic_district_distribution
F04377,PHC Tumakuru #79,PHC,Tumakuru,Karnataka,6,real_state_totals_synthetic_district_distribution
F04378,PHC Tumakuru #80,PHC,Tumakuru,Karnataka,10,real_state_totals_synthetic_district_distribution
F04379,PHC Tumakuru #81,PHC,Tumakuru,Karnataka,10,real_state_totals_synthetic_district_distribution
F04380,PHC Tumakuru #82,PHC,Tumakuru,Karnataka,4,real_state_totals_synthetic_district_distribution
F04381,PHC Tumakuru #83,PHC,Tumakuru,Karnataka,7,real_state_totals_synthetic_district_distribution
F04382,CHC Tumakuru #1,CHC,Tumakuru,Karnataka,47,real_state_totals_synthetic_district_distribution
F04383,CHC Tumakuru #2,CHC,Tumakuru,Karnataka,23,real_state_totals_synthetic_district_distribution
F04384,CHC Tumakuru #3,CHC,Tumakuru,Karnataka,44,real_state_totals_synthetic_district_distribution
F04385,CHC Tumakuru #4,CHC,Tumakuru,Karnataka,45,real_state_totals_synthetic_district_distribution
F04386,CHC Tumakuru #5,CHC,Tumakuru,Karnataka,27,real_state_totals_synthetic_district_distribution
F04387,CHC Tumakuru #6,CHC,Tumakuru,Karnataka,26,real_state_totals_synthetic_district_distribution
F04388,CHC Tumakuru #7,CHC,Tumakuru,Karnataka,45,real_state_totals_synthetic_district_distribution
F04389,CHC Tumakuru #8,CHC,Tumakuru,Karnataka,43,real_state_totals_synthetic_district_distribution
F04390,CHC Tumakuru #9,CHC,Tumakuru,Karnataka,38,real_state_totals_synthetic_district_distribution
F04391,CHC Tumakuru #10,CHC,Tumakuru,Karnataka,42,real_state_totals_synthetic_district_distribution
F04392,CHC Tumakuru #11,CHC,Tumakuru,Karnataka,31,real_state_totals_synthetic_district_distribution
F04393,CHC Tumakuru #12,CHC,Tumakuru,Karnataka,47,real_state_totals_synthetic_district_distribution
F04394,CHC Tumakuru #13,CHC,Tumakuru,Karnataka,42,real_state_totals_synthetic_district_distribution
F04395,CHC Tumakuru #14,CHC,Tumakuru,Karnataka,39,real_state_totals_synthetic_district_distribution
F04396,District Hospital Tumakuru #1,District Hospital,Tumakuru,Karnataka,261,real_state_totals_synthetic_district_distribution
F04397,PHC Ballari #1,PHC,Ballari,Karnataka,7,real_state_totals_synthetic_district_distribution
F04398,PHC Ballari #2,PHC,Ballari,Karnataka,5,real_state_totals_synthetic_district_distribution
F04399,PHC Ballari #3,PHC,Ballari,Karnataka,8,real_state_totals_synthetic_district_distribution
F04400,PHC Ballari #4,PHC,Ballari,Karnataka,5,real_state_totals_synthetic_district_distribution
F04401,PHC Ballari #5,PHC,Ballari,Karnataka,10,real_state_totals_synthetic_district_distribution
F04402,PHC Ballari #6,PHC,Ballari,Karnataka,5,real_state_totals_synthetic_district_distribution
F04403,PHC Ballari #7,PHC,Ballari,Karnataka,10,real_state_totals_synthetic_district_distribution
F04404,PHC Ballari #8,PHC,Ballari,Karnataka,5,real_state_totals_synthetic_district_distribution
F04405,PHC Ballari #9,PHC,Ballari,Karnataka,10,real_state_totals_synthetic_district_distribution
F04406,PHC Ballari #10,PHC,Ballari,Karnataka,4,real_state_totals_synthetic_district_distribution
F04407,PHC Ballari #11,PHC,Ballari,Karnataka,8,real_state_totals_synthetic_district_distribution
F04408,PHC Ballari #12,PHC,Ballari,Karnataka,6,real_state_totals_synthetic_district_distribution
F04409,PHC Ballari #13,PHC,Ballari,Karnataka,8,real_state_totals_synthetic_district_distribution
F04410,PHC Ballari #14,PHC,Ballari,Karnataka,6,real_state_totals_synthetic_district_distribution
F04411,PHC Ballari #15,PHC,Ballari,Karnataka,8,real_state_totals_synthetic_district_distribution
F04412,PHC Ballari #16,PHC,Ballari,Karnataka,8,real_state_totals_synthetic_district_distribution
F04413,PHC Ballari #17,PHC,Ballari,Karnataka,5,real_state_totals_synthetic_district_distribution
F04414,PHC Ballari #18,PHC,Ballari,Karnataka,6,real_state_totals_synthetic_district_distribution
F04415,PHC Ballari #19,PHC,Ballari,Karnataka,9,real_state_totals_synthetic_district_distribution
F04416,PHC Ballari #20,PHC,Ballari,Karnataka,6,real_state_totals_synthetic_district_distribution
F04417,PHC Ballari #21,PHC,Ballari,Karnataka,6,real_state_totals_synthetic_district_distribution
F04418,PHC Ballari #22,PHC,Ballari,Karnataka,8,real_state_totals_synthetic_district_distribution
F04419,PHC Ballari #23,PHC,Ballari,Karnataka,6,real_state_totals_synthetic_district_distribution
F04420,PHC Ballari #24,PHC,Ballari,Karnataka,10,real_state_totals_synthetic_district_distribution
F04421,PHC Ballari #25,PHC,Ballari,Karnataka,8,real_state_totals_synthetic_district_distribution
F04422,PHC Ballari #26,PHC,Ballari,Karnataka,9,real_state_totals_synthetic_district_distribution
F04423,PHC Ballari #27,PHC,Ballari,Karnataka,10,real_state_totals_synthetic_district_distribution
F04424,PHC Ballari #28,PHC,Ballari,Karnataka,4,real_state_totals_synthetic_district_distribution
F04425,PHC Ballari #29,PHC,Ballari,Karnataka,5,real_state_totals_synthetic_district_distribution
F04426,PHC Ballari #30,PHC,Ballari,Karnataka,10,real_state_totals_synthetic_district_distribution
F04427,PHC Ballari #31,PHC,Ballari,Karnataka,10,real_state_totals_synthetic_district_distribution
F04428,PHC Ballari #32,PHC,Ballari,Karnataka,7,real_state_totals_synthetic_district_distribution
F04429,PHC Ballari #33,PHC,Ballari,Karnataka,4,real_state_totals_synthetic_district_distribution
F04430,PHC Ballari #34,PHC,Ballari,Karnataka,6,real_state_totals_synthetic_district_distribution
F04431,PHC Ballari #35,PHC,Ballari,Karnataka,10,real_state_totals_synthetic_district_distribution
F04432,PHC Ballari #36,PHC,Ballari,Karnataka,9,real_state_totals_synthetic_district_distribution
F04433,PHC Ballari #37,PHC,Ballari,Karnataka,5,real_state_totals_synthetic_district_distribution
F04434,PHC Ballari #38,PHC,Ballari,Karnataka,9,real_state_totals_synthetic_district_distribution
F04435,PHC Ballari #39,PHC,Ballari,Karnataka,10,real_state_totals_synthetic_district_distribution
F04436,PHC Ballari #40,PHC,Ballari,Karnataka,5,real_state_totals_synthetic_district_distribution
F04437,PHC Ballari #41,PHC,Ballari,Karnataka,5,real_state_totals_synthetic_district_distribution
F04438,PHC Ballari #42,PHC,Ballari,Karnataka,5,real_state_totals_synthetic_district_distribution
F04439,PHC Ballari #43,PHC,Ballari,Karnataka,9,real_state_totals_synthetic_district_distribution
F04440,PHC Ballari #44,PHC,Ballari,Karnataka,6,real_state_totals_synthetic_district_distribution
F04441,PHC Ballari #45,PHC,Ballari,Karnataka,10,real_state_totals_synthetic_district_distribution
F04442,PHC Ballari #46,PHC,Ballari,Karnataka,5,real_state_totals_synthetic_district_distribution
F04443,PHC Ballari #47,PHC,Ballari,Karnataka,10,real_state_totals_synthetic_district_distribution
F04444,PHC Ballari #48,PHC,Ballari,Karnataka,10,real_state_totals_synthetic_district_distribution
F04445,PHC Ballari #49,PHC,Ballari,Karnataka,9,real_state_totals_synthetic_district_distribution
F04446,PHC Ballari #50,PHC,Ballari,Karnataka,7,real_state_totals_synthetic_district_distribution
F04447,PHC Ballari #51,PHC,Ballari,Karnataka,7,real_state_totals_synthetic_district_distribution
F04448,PHC Ballari #52,PHC,Ballari,Karnataka,5,real_state_totals_synthetic_district_distribution
F04449,PHC Ballari #53,PHC,Ballari,Karnataka,8,real_state_totals_synthetic_district_distribution
F04450,PHC Ballari #54,PHC,Ballari,Karnataka,9,real_state_totals_synthetic_district_distribution
F04451,PHC Ballari #55,PHC,Ballari,Karnataka,6,real_state_totals_synthetic_district_distribution
F04452,PHC Ballari #56,PHC,Ballari,Karnataka,9,real_state_totals_synthetic_district_distribution
F04453,PHC Ballari #57,PHC,Ballari,Karnataka,7,real_state_totals_synthetic_district_distribution
F04454,PHC Ballari #58,PHC,Ballari,Karnataka,7,real_state_totals_synthetic_district_distribution
F04455,PHC Ballari #59,PHC,Ballari,Karnataka,7,real_state_totals_synthetic_district_distribution
F04456,PHC Ballari #60,PHC,Ballari,Karnataka,4,real_state_totals_synthetic_district_distribution
F04457,PHC Ballari #61,PHC,Ballari,Karnataka,9,real_state_totals_synthetic_district_distribution
F04458,PHC Ballari #62,PHC,Ballari,Karnataka,10,real_state_totals_synthetic_district_distribution
F04459,PHC Ballari #63,PHC,Ballari,Karnataka,10,real_state_totals_synthetic_district_distribution
F04460,PHC Ballari #64,PHC,Ballari,Karnataka,4,real_state_totals_synthetic_district_distribution
F04461,PHC Ballari #65,PHC,Ballari,Karnataka,7,real_state_totals_synthetic_district_distribution
F04462,PHC Ballari #66,PHC,Ballari,Karnataka,8,real_state_totals_synthetic_district_distribution
F04463,PHC Ballari #67,PHC,Ballari,Karnataka,9,real_state_totals_synthetic_district_distribution
F04464,PHC Ballari #68,PHC,Ballari,Karnataka,6,real_state_totals_synthetic_district_distribution
F04465,PHC Ballari #69,PHC,Ballari,Karnataka,9,real_state_totals_synthetic_district_distribution
F04466,PHC Ballari #70,PHC,Ballari,Karnataka,6,real_state_totals_synthetic_district_distribution
F04467,PHC Ballari #71,PHC,Ballari,Karnataka,7,real_state_totals_synthetic_district_distribution
F04468,PHC Ballari #72,PHC,Ballari,Karnataka,7,real_state_totals_synthetic_district_distribution
F04469,PHC Ballari #73,PHC,Ballari,Karnataka,6,real_state_totals_synthetic_district_distribution
F04470,PHC Ballari #74,PHC,Ballari,Karnataka,8,real_state_totals_synthetic_district_distribution
F04471,PHC Ballari #75,PHC,Ballari,Karnataka,4,real_state_totals_synthetic_district_distribution
F04472,PHC Ballari #76,PHC,Ballari,Karnataka,10,real_state_totals_synthetic_district_distribution
F04473,CHC Ballari #1,CHC,Ballari,Karnataka,44,real_state_totals_synthetic_district_distribution
F04474,CHC Ballari #2,CHC,Ballari,Karnataka,47,real_state_totals_synthetic_district_distribution
F04475,CHC Ballari #3,CHC,Ballari,Karnataka,43,real_state_totals_synthetic_district_distribution
F04476,CHC Ballari #4,CHC,Ballari,Karnataka,22,real_state_totals_synthetic_district_distribution
F04477,CHC Ballari #5,CHC,Ballari,Karnataka,43,real_state_totals_synthetic_district_distribution
F04478,CHC Ballari #6,CHC,Ballari,Karnataka,34,real_state_totals_synthetic_district_distribution
F04479,CHC Ballari #7,CHC,Ballari,Karnataka,40,real_state_totals_synthetic_district_distribution
F04480,CHC Ballari #8,CHC,Ballari,Karnataka,41,real_state_totals_synthetic_district_distribution
F04481,CHC Ballari #9,CHC,Ballari,Karnataka,42,real_state_totals_synthetic_district_distribution
F04482,CHC Ballari #10,CHC,Ballari,Karnataka,31,real_state_totals_synthetic_district_distribution
F04483,CHC Ballari #11,CHC,Ballari,Karnataka,47,real_state_totals_synthetic_district_distribution
F04484,CHC Ballari #12,CHC,Ballari,Karnataka,22,real_state_totals_synthetic_district_distribution
F04485,CHC Ballari #13,CHC,Ballari,Karnataka,45,real_state_totals_synthetic_district_distribution
F04486,District Hospital Ballari #1,District Hospital,Ballari,Karnataka,236,real_state_totals_synthetic_district_distribution
F04487,PHC Kalaburagi #1,PHC,Kalaburagi,Karnataka,7,real_state_totals_synthetic_district_distribution
F04488,PHC Kalaburagi #2,PHC,Kalaburagi,Karnataka,5,real_state_totals_synthetic_district_distribution
F04489,PHC Kalaburagi #3,PHC,Kalaburagi,Karnataka,7,real_state_totals_synthetic_district_distribution
F04490,PHC Kalaburagi #4,PHC,Kalaburagi,Karnataka,10,real_state_totals_synthetic_district_distribution
F04491,PHC Kalaburagi #5,PHC,Kalaburagi,Karnataka,5,real_state_totals_synthetic_district_distribution
F04492,PHC Kalaburagi #6,PHC,Kalaburagi,Karnataka,7,real_state_totals_synthetic_district_distribution
F04493,PHC Kalaburagi #7,PHC,Kalaburagi,Karnataka,6,real_state_totals_synthetic_district_distribution
F04494,PHC Kalaburagi #8,PHC,Kalaburagi,Karnataka,6,real_state_totals_synthetic_district_distribution
F04495,PHC Kalaburagi #9,PHC,Kalaburagi,Karnataka,10,real_state_totals_synthetic_district_distribution
F04496,PHC Kalaburagi #10,PHC,Kalaburagi,Karnataka,6,real_state_totals_synthetic_district_distribution
F04497,PHC Kalaburagi #11,PHC,Kalaburagi,Karnataka,6,real_state_totals_synthetic_district_distribution
F04498,PHC Kalaburagi #12,PHC,Kalaburagi,Karnataka,8,real_state_totals_synthetic_district_distribution
F04499,PHC Kalaburagi #13,PHC,Kalaburagi,Karnataka,8,real_state_totals_synthetic_district_distribution
F04500,PHC Kalaburagi #14,PHC,Kalaburagi,Karnataka,5,real_state_totals_synthetic_district_distribution
F04501,PHC Kalaburagi #15,PHC,Kalaburagi,Karnataka,8,real_state_totals_synthetic_district_distribution
F04502,PHC Kalaburagi #16,PHC,Kalaburagi,Karnataka,10,real_state_totals_synthetic_district_distribution
F04503,PHC Kalaburagi #17,PHC,Kalaburagi,Karnataka,7,real_state_totals_synthetic_district_distribution
F04504,PHC Kalaburagi #18,PHC,Kalaburagi,Karnataka,10,real_state_totals_synthetic_district_distribution
F04505,PHC Kalaburagi #19,PHC,Kalaburagi,Karnataka,6,real_state_totals_synthetic_district_distribution
F04506,PHC Kalaburagi #20,PHC,Kalaburagi,Karnataka,9,real_state_totals_synthetic_district_distribution
F04507,PHC Kalaburagi #21,PHC,Kalaburagi,Karnataka,10,real_state_totals_synthetic_district_distribution
F04508,PHC Kalaburagi #22,PHC,Kalaburagi,Karnataka,4,real_state_totals_synthetic_district_distribution
F04509,PHC Kalaburagi #23,PHC,Kalaburagi,Karnataka,4,real_state_totals_synthetic_district_distribution
F04510,PHC Kalaburagi #24,PHC,Kalaburagi,Karnataka,4,real_state_totals_synthetic_district_distribution
F04511,PHC Kalaburagi #25,PHC,Kalaburagi,Karnataka,9,real_state_totals_synthetic_district_distribution
F04512,PHC Kalaburagi #26,PHC,Kalaburagi,Karnataka,10,real_state_totals_synthetic_district_distribution
F04513,PHC Kalaburagi #27,PHC,Kalaburagi,Karnataka,10,real_state_totals_synthetic_district_distribution
F04514,PHC Kalaburagi #28,PHC,Kalaburagi,Karnataka,7,real_state_totals_synthetic_district_distribution
F04515,PHC Kalaburagi #29,PHC,Kalaburagi,Karnataka,4,real_state_totals_synthetic_district_distribution
F04516,PHC Kalaburagi #30,PHC,Kalaburagi,Karnataka,4,real_state_totals_synthetic_district_distribution
F04517,PHC Kalaburagi #31,PHC,Kalaburagi,Karnataka,10,real_state_totals_synthetic_district_distribution
F04518,PHC Kalaburagi #32,PHC,Kalaburagi,Karnataka,5,real_state_totals_synthetic_district_distribution
F04519,PHC Kalaburagi #33,PHC,Kalaburagi,Karnataka,7,real_state_totals_synthetic_district_distribution
F04520,PHC Kalaburagi #34,PHC,Kalaburagi,Karnataka,7,real_state_totals_synthetic_district_distribution
F04521,PHC Kalaburagi #35,PHC,Kalaburagi,Karnataka,4,real_state_totals_synthetic_district_distribution
F04522,PHC Kalaburagi #36,PHC,Kalaburagi,Karnataka,7,real_state_totals_synthetic_district_distribution
F04523,PHC Kalaburagi #37,PHC,Kalaburagi,Karnataka,5,real_state_totals_synthetic_district_distribution
F04524,PHC Kalaburagi #38,PHC,Kalaburagi,Karnataka,9,real_state_totals_synthetic_district_distribution
F04525,PHC Kalaburagi #39,PHC,Kalaburagi,Karnataka,5,real_state_totals_synthetic_district_distribution
F04526,PHC Kalaburagi #40,PHC,Kalaburagi,Karnataka,9,real_state_totals_synthetic_district_distribution
F04527,PHC Kalaburagi #41,PHC,Kalaburagi,Karnataka,6,real_state_totals_synthetic_district_distribution
F04528,PHC Kalaburagi #42,PHC,Kalaburagi,Karnataka,5,real_state_totals_synthetic_district_distribution
F04529,PHC Kalaburagi #43,PHC,Kalaburagi,Karnataka,10,real_state_totals_synthetic_district_distribution
F04530,PHC Kalaburagi #44,PHC,Kalaburagi,Karnataka,6,real_state_totals_synthetic_district_distribution
F04531,PHC Kalaburagi #45,PHC,Kalaburagi,Karnataka,4,real_state_totals_synthetic_district_distribution
F04532,PHC Kalaburagi #46,PHC,Kalaburagi,Karnataka,9,real_state_totals_synthetic_district_distribution
F04533,PHC Kalaburagi #47,PHC,Kalaburagi,Karnataka,6,real_state_totals_synthetic_district_distribution
F04534,PHC Kalaburagi #48,PHC,Kalaburagi,Karnataka,6,real_state_totals_synthetic_district_distribution
F04535,PHC Kalaburagi #49,PHC,Kalaburagi,Karnataka,4,real_state_totals_synthetic_district_distribution
F04536,PHC Kalaburagi #50,PHC,Kalaburagi,Karnataka,6,real_state_totals_synthetic_district_distribution
F04537,PHC Kalaburagi #51,PHC,Kalaburagi,Karnataka,9,real_state_totals_synthetic_district_distribution
F04538,PHC Kalaburagi #52,PHC,Kalaburagi,Karnataka,9,real_state_totals_synthetic_district_distribution
F04539,PHC Kalaburagi #53,PHC,Kalaburagi,Karnataka,5,real_state_totals_synthetic_district_distribution
F04540,PHC Kalaburagi #54,PHC,Kalaburagi,Karnataka,4,real_state_totals_synthetic_district_distribution
F04541,PHC Kalaburagi #55,PHC,Kalaburagi,Karnataka,7,real_state_totals_synthetic_district_distribution
F04542,PHC Kalaburagi #56,PHC,Kalaburagi,Karnataka,9,real_state_totals_synthetic_district_distribution
F04543,PHC Kalaburagi #57,PHC,Kalaburagi,Karnataka,6,real_state_totals_synthetic_district_distribution
F04544,PHC Kalaburagi #58,PHC,Kalaburagi,Karnataka,9,real_state_totals_synthetic_district_distribution
F04545,PHC Kalaburagi #59,PHC,Kalaburagi,Karnataka,9,real_state_totals_synthetic_district_distribution
F04546,PHC Kalaburagi #60,PHC,Kalaburagi,Karnataka,10,real_state_totals_synthetic_district_distribution
F04547,PHC Kalaburagi #61,PHC,Kalaburagi,Karnataka,5,real_state_totals_synthetic_district_distribution
F04548,PHC Kalaburagi #62,PHC,Kalaburagi,Karnataka,7,real_state_totals_synthetic_district_distribution
F04549,PHC Kalaburagi #63,PHC,Kalaburagi,Karnataka,9,real_state_totals_synthetic_district_distribution
F04550,PHC Kalaburagi #64,PHC,Kalaburagi,Karnataka,4,real_state_totals_synthetic_district_distribution
F04551,PHC Kalaburagi #65,PHC,Kalaburagi,Karnataka,9,real_state_totals_synthetic_district_distribution
F04552,PHC Kalaburagi #66,PHC,Kalaburagi,Karnataka,4,real_state_totals_synthetic_district_distribution
F04553,PHC Kalaburagi #67,PHC,Kalaburagi,Karnataka,4,real_state_totals_synthetic_district_distribution
F04554,PHC Kalaburagi #68,PHC,Kalaburagi,Karnataka,5,real_state_totals_synthetic_district_distribution
F04555,PHC Kalaburagi #69,PHC,Kalaburagi,Karnataka,7,real_state_totals_synthetic_district_distribution
F04556,PHC Kalaburagi #70,PHC,Kalaburagi,Karnataka,4,real_state_totals_synthetic_district_distribution
F04557,PHC Kalaburagi #71,PHC,Kalaburagi,Karnataka,5,real_state_totals_synthetic_district_distribution
F04558,PHC Kalaburagi #72,PHC,Kalaburagi,Karnataka,8,real_state_totals_synthetic_district_distribution
F04559,PHC Kalaburagi #73,PHC,Kalaburagi,Karnataka,5,real_state_totals_synthetic_district_distribution
F04560,PHC Kalaburagi #74,PHC,Kalaburagi,Karnataka,8,real_state_totals_synthetic_district_distribution
F04561,PHC Kalaburagi #75,PHC,Kalaburagi,Karnataka,9,real_state_totals_synthetic_district_distribution
F04562,PHC Kalaburagi #76,PHC,Kalaburagi,Karnataka,7,real_state_totals_synthetic_district_distribution
F04563,PHC Kalaburagi #77,PHC,Kalaburagi,Karnataka,4,real_state_totals_synthetic_district_distribution
F04564,PHC Kalaburagi #78,PHC,Kalaburagi,Karnataka,4,real_state_totals_synthetic_district_distribution
F04565,PHC Kalaburagi #79,PHC,Kalaburagi,Karnataka,9,real_state_totals_synthetic_district_distribution
F04566,CHC Kalaburagi #1,CHC,Kalaburagi,Karnataka,30,real_state_totals_synthetic_district_distribution
F04567,CHC Kalaburagi #2,CHC,Kalaburagi,Karnataka,46,real_state_totals_synthetic_district_distribution
F04568,CHC Kalaburagi #3,CHC,Kalaburagi,Karnataka,23,real_state_totals_synthetic_district_distribution
F04569,CHC Kalaburagi #4,CHC,Kalaburagi,Karnataka,47,real_state_totals_synthetic_district_distribution
F04570,CHC Kalaburagi #5,CHC,Kalaburagi,Karnataka,33,real_state_totals_synthetic_district_distribution
F04571,CHC Kalaburagi #6,CHC,Kalaburagi,Karnataka,42,real_state_totals_synthetic_district_distribution
F04572,CHC Kalaburagi #7,CHC,Kalaburagi,Karnataka,24,real_state_totals_synthetic_district_distribution
F04573,CHC Kalaburagi #8,CHC,Kalaburagi,Karnataka,35,real_state_totals_synthetic_district_distribution
F04574,CHC Kalaburagi #9,CHC,Kalaburagi,Karnataka,22,real_state_totals_synthetic_district_distribution
F04575,CHC Kalaburagi #10,CHC,Kalaburagi,Karnataka,27,real_state_totals_synthetic_district_distribution
F04576,CHC Kalaburagi #11,CHC,Kalaburagi,Karnataka,32,real_state_totals_synthetic_district_distribution
F04577,CHC Kalaburagi #12,CHC,Kalaburagi,Karnataka,22,real_state_totals_synthetic_district_distribution
F04578,CHC Kalaburagi #13,CHC,Kalaburagi,Karnataka,43,real_state_totals_synthetic_district_distribution
F04579,District Hospital Kalaburagi #1,District Hospital,Kalaburagi,Karnataka,126,real_state_totals_synthetic_district_distribution
F04580,PHC Dharwad #1,PHC,Dharwad,Karnataka,4,real_state_totals_synthetic_district_distribution
F04581,PHC Dharwad #2,PHC,Dharwad,Karnataka,6,real_state_totals_synthetic_district_distribution
F04582,PHC Dharwad #3,PHC,Dharwad,Karnataka,6,real_state_totals_synthetic_district_distribution
F04583,PHC Dharwad #4,PHC,Dharwad,Karnataka,6,real_state_totals_synthetic_district_distribution
F04584,PHC Dharwad #5,PHC,Dharwad,Karnataka,5,real_state_totals_synthetic_district_distribution
F04585,PHC Dharwad #6,PHC,Dharwad,Karnataka,7,real_state_totals_synthetic_district_distribution
F04586,PHC Dharwad #7,PHC,Dharwad,Karnataka,10,real_state_totals_synthetic_district_distribution
F04587,PHC Dharwad #8,PHC,Dharwad,Karnataka,10,real_state_totals_synthetic_district_distribution
F04588,PHC Dharwad #9,PHC,Dharwad,Karnataka,10,real_state_totals_synthetic_district_distribution
F04589,PHC Dharwad #10,PHC,Dharwad,Karnataka,10,real_state_totals_synthetic_district_distribution
F04590,PHC Dharwad #11,PHC,Dharwad,Karnataka,5,real_state_totals_synthetic_district_distribution
F04591,PHC Dharwad #12,PHC,Dharwad,Karnataka,9,real_state_totals_synthetic_district_distribution
F04592,PHC Dharwad #13,PHC,Dharwad,Karnataka,9,real_state_totals_synthetic_district_distribution
F04593,PHC Dharwad #14,PHC,Dharwad,Karnataka,5,real_state_totals_synthetic_district_distribution
F04594,PHC Dharwad #15,PHC,Dharwad,Karnataka,4,real_state_totals_synthetic_district_distribution
F04595,PHC Dharwad #16,PHC,Dharwad,Karnataka,8,real_state_totals_synthetic_district_distribution
F04596,PHC Dharwad #17,PHC,Dharwad,Karnataka,8,real_state_totals_synthetic_district_distribution
F04597,PHC Dharwad #18,PHC,Dharwad,Karnataka,4,real_state_totals_synthetic_district_distribution
F04598,PHC Dharwad #19,PHC,Dharwad,Karnataka,8,real_state_totals_synthetic_district_distribution
F04599,PHC Dharwad #20,PHC,Dharwad,Karnataka,9,real_state_totals_synthetic_district_distribution
F04600,PHC Dharwad #21,PHC,Dharwad,Karnataka,5,real_state_totals_synthetic_district_distribution
F04601,PHC Dharwad #22,PHC,Dharwad,Karnataka,7,real_state_totals_synthetic_district_distribution
F04602,PHC Dharwad #23,PHC,Dharwad,Karnataka,6,real_state_totals_synthetic_district_distribution
F04603,PHC Dharwad #24,PHC,Dharwad,Karnataka,9,real_state_totals_synthetic_district_distribution
F04604,PHC Dharwad #25,PHC,Dharwad,Karnataka,5,real_state_totals_synthetic_district_distribution
F04605,PHC Dharwad #26,PHC,Dharwad,Karnataka,9,real_state_totals_synthetic_district_distribution
F04606,PHC Dharwad #27,PHC,Dharwad,Karnataka,9,real_state_totals_synthetic_district_distribution
F04607,PHC Dharwad #28,PHC,Dharwad,Karnataka,5,real_state_totals_synthetic_district_distribution
F04608,PHC Dharwad #29,PHC,Dharwad,Karnataka,7,real_state_totals_synthetic_district_distribution
F04609,PHC Dharwad #30,PHC,Dharwad,Karnataka,8,real_state_totals_synthetic_district_distribution
F04610,PHC Dharwad #31,PHC,Dharwad,Karnataka,9,real_state_totals_synthetic_district_distribution
F04611,PHC Dharwad #32,PHC,Dharwad,Karnataka,7,real_state_totals_synthetic_district_distribution
F04612,PHC Dharwad #33,PHC,Dharwad,Karnataka,10,real_state_totals_synthetic_district_distribution
F04613,PHC Dharwad #34,PHC,Dharwad,Karnataka,5,real_state_totals_synthetic_district_distribution
F04614,PHC Dharwad #35,PHC,Dharwad,Karnataka,4,real_state_totals_synthetic_district_distribution
F04615,PHC Dharwad #36,PHC,Dharwad,Karnataka,4,real_state_totals_synthetic_district_distribution
F04616,PHC Dharwad #37,PHC,Dharwad,Karnataka,5,real_state_totals_synthetic_district_distribution
F04617,PHC Dharwad #38,PHC,Dharwad,Karnataka,10,real_state_totals_synthetic_district_distribution
F04618,PHC Dharwad #39,PHC,Dharwad,Karnataka,4,real_state_totals_synthetic_district_distribution
F04619,PHC Dharwad #40,PHC,Dharwad,Karnataka,8,real_state_totals_synthetic_district_distribution
F04620,PHC Dharwad #41,PHC,Dharwad,Karnataka,9,real_state_totals_synthetic_district_distribution
F04621,PHC Dharwad #42,PHC,Dharwad,Karnataka,7,real_state_totals_synthetic_district_distribution
F04622,PHC Dharwad #43,PHC,Dharwad,Karnataka,6,real_state_totals_synthetic_district_distribution
F04623,PHC Dharwad #44,PHC,Dharwad,Karnataka,7,real_state_totals_synthetic_district_distribution
F04624,PHC Dharwad #45,PHC,Dharwad,Karnataka,6,real_state_totals_synthetic_district_distribution
F04625,PHC Dharwad #46,PHC,Dharwad,Karnataka,10,real_state_totals_synthetic_district_distribution
F04626,PHC Dharwad #47,PHC,Dharwad,Karnataka,5,real_state_totals_synthetic_district_distribution
F04627,PHC Dharwad #48,PHC,Dharwad,Karnataka,5,real_state_totals_synthetic_district_distribution
F04628,PHC Dharwad #49,PHC,Dharwad,Karnataka,6,real_state_totals_synthetic_district_distribution
F04629,PHC Dharwad #50,PHC,Dharwad,Karnataka,9,real_state_totals_synthetic_district_distribution
F04630,PHC Dharwad #51,PHC,Dharwad,Karnataka,4,real_state_totals_synthetic_district_distribution
F04631,PHC Dharwad #52,PHC,Dharwad,Karnataka,5,real_state_totals_synthetic_district_distribution
F04632,PHC Dharwad #53,PHC,Dharwad,Karnataka,8,real_state_totals_synthetic_district_distribution
F04633,PHC Dharwad #54,PHC,Dharwad,Karnataka,8,real_state_totals_synthetic_district_distribution
F04634,PHC Dharwad #55,PHC,Dharwad,Karnataka,8,real_state_totals_synthetic_district_distribution
F04635,PHC Dharwad #56,PHC,Dharwad,Karnataka,9,real_state_totals_synthetic_district_distribution
F04636,PHC Dharwad #57,PHC,Dharwad,Karnataka,8,real_state_totals_synthetic_district_distribution
F04637,CHC Dharwad #1,CHC,Dharwad,Karnataka,29,real_state_totals_synthetic_district_distribution
F04638,CHC Dharwad #2,CHC,Dharwad,Karnataka,44,real_state_totals_synthetic_district_distribution
F04639,CHC Dharwad #3,CHC,Dharwad,Karnataka,50,real_state_totals_synthetic_district_distribution
F04640,CHC Dharwad #4,CHC,Dharwad,Karnataka,42,real_state_totals_synthetic_district_distribution
F04641,CHC Dharwad #5,CHC,Dharwad,Karnataka,20,real_state_totals_synthetic_district_distribution
F04642,CHC Dharwad #6,CHC,Dharwad,Karnataka,47,real_state_totals_synthetic_district_distribution
F04643,CHC Dharwad #7,CHC,Dharwad,Karnataka,47,real_state_totals_synthetic_district_distribution
F04644,CHC Dharwad #8,CHC,Dharwad,Karnataka,41,real_state_totals_synthetic_district_distribution
F04645,CHC Dharwad #9,CHC,Dharwad,Karnataka,48,real_state_totals_synthetic_district_distribution
F04646,District Hospital Dharwad #1,District Hospital,Dharwad,Karnataka,177,real_state_totals_synthetic_district_distribution
F04647,PHC Dakshina Kannada #1,PHC,Dakshina Kannada,Karnataka,5,real_state_totals_synthetic_district_distribution
F04648,PHC Dakshina Kannada #2,PHC,Dakshina Kannada,Karnataka,8,real_state_totals_synthetic_district_distribution
F04649,PHC Dakshina Kannada #3,PHC,Dakshina Kannada,Karnataka,8,real_state_totals_synthetic_district_distribution
F04650,PHC Dakshina Kannada #4,PHC,Dakshina Kannada,Karnataka,8,real_state_totals_synthetic_district_distribution
F04651,PHC Dakshina Kannada #5,PHC,Dakshina Kannada,Karnataka,5,real_state_totals_synthetic_district_distribution
F04652,PHC Dakshina Kannada #6,PHC,Dakshina Kannada,Karnataka,9,real_state_totals_synthetic_district_distribution
F04653,PHC Dakshina Kannada #7,PHC,Dakshina Kannada,Karnataka,7,real_state_totals_synthetic_district_distribution
F04654,PHC Dakshina Kannada #8,PHC,Dakshina Kannada,Karnataka,6,real_state_totals_synthetic_district_distribution
F04655,PHC Dakshina Kannada #9,PHC,Dakshina Kannada,Karnataka,9,real_state_totals_synthetic_district_distribution
F04656,PHC Dakshina Kannada #10,PHC,Dakshina Kannada,Karnataka,4,real_state_totals_synthetic_district_distribution
F04657,PHC Dakshina Kannada #11,PHC,Dakshina Kannada,Karnataka,10,real_state_totals_synthetic_district_distribution
F04658,PHC Dakshina Kannada #12,PHC,Dakshina Kannada,Karnataka,10,real_state_totals_synthetic_district_distribution
F04659,PHC Dakshina Kannada #13,PHC,Dakshina Kannada,Karnataka,5,real_state_totals_synthetic_district_distribution
F04660,PHC Dakshina Kannada #14,PHC,Dakshina Kannada,Karnataka,7,real_state_totals_synthetic_district_distribution
F04661,PHC Dakshina Kannada #15,PHC,Dakshina Kannada,Karnataka,7,real_state_totals_synthetic_district_distribution
F04662,PHC Dakshina Kannada #16,PHC,Dakshina Kannada,Karnataka,4,real_state_totals_synthetic_district_distribution
F04663,PHC Dakshina Kannada #17,PHC,Dakshina Kannada,Karnataka,5,real_state_totals_synthetic_district_distribution
F04664,PHC Dakshina Kannada #18,PHC,Dakshina Kannada,Karnataka,7,real_state_totals_synthetic_district_distribution
F04665,PHC Dakshina Kannada #19,PHC,Dakshina Kannada,Karnataka,9,real_state_totals_synthetic_district_distribution
F04666,PHC Dakshina Kannada #20,PHC,Dakshina Kannada,Karnataka,8,real_state_totals_synthetic_district_distribution
F04667,PHC Dakshina Kannada #21,PHC,Dakshina Kannada,Karnataka,4,real_state_totals_synthetic_district_distribution
F04668,PHC Dakshina Kannada #22,PHC,Dakshina Kannada,Karnataka,8,real_state_totals_synthetic_district_distribution
F04669,PHC Dakshina Kannada #23,PHC,Dakshina Kannada,Karnataka,4,real_state_totals_synthetic_district_distribution
F04670,PHC Dakshina Kannada #24,PHC,Dakshina Kannada,Karnataka,6,real_state_totals_synthetic_district_distribution
F04671,PHC Dakshina Kannada #25,PHC,Dakshina Kannada,Karnataka,6,real_state_totals_synthetic_district_distribution
F04672,PHC Dakshina Kannada #26,PHC,Dakshina Kannada,Karnataka,5,real_state_totals_synthetic_district_distribution
F04673,PHC Dakshina Kannada #27,PHC,Dakshina Kannada,Karnataka,7,real_state_totals_synthetic_district_distribution
F04674,PHC Dakshina Kannada #28,PHC,Dakshina Kannada,Karnataka,10,real_state_totals_synthetic_district_distribution
F04675,PHC Dakshina Kannada #29,PHC,Dakshina Kannada,Karnataka,10,real_state_totals_synthetic_district_distribution
F04676,PHC Dakshina Kannada #30,PHC,Dakshina Kannada,Karnataka,8,real_state_totals_synthetic_district_distribution
F04677,PHC Dakshina Kannada #31,PHC,Dakshina Kannada,Karnataka,7,real_state_totals_synthetic_district_distribution
F04678,PHC Dakshina Kannada #32,PHC,Dakshina Kannada,Karnataka,6,real_state_totals_synthetic_district_distribution
F04679,PHC Dakshina Kannada #33,PHC,Dakshina Kannada,Karnataka,8,real_state_totals_synthetic_district_distribution
F04680,PHC Dakshina Kannada #34,PHC,Dakshina Kannada,Karnataka,9,real_state_totals_synthetic_district_distribution
F04681,PHC Dakshina Kannada #35,PHC,Dakshina Kannada,Karnataka,5,real_state_totals_synthetic_district_distribution
F04682,PHC Dakshina Kannada #36,PHC,Dakshina Kannada,Karnataka,10,real_state_totals_synthetic_district_distribution
F04683,PHC Dakshina Kannada #37,PHC,Dakshina Kannada,Karnataka,7,real_state_totals_synthetic_district_distribution
F04684,PHC Dakshina Kannada #38,PHC,Dakshina Kannada,Karnataka,10,real_state_totals_synthetic_district_distribution
F04685,PHC Dakshina Kannada #39,PHC,Dakshina Kannada,Karnataka,4,real_state_totals_synthetic_district_distribution
F04686,PHC Dakshina Kannada #40,PHC,Dakshina Kannada,Karnataka,4,real_state_totals_synthetic_district_distribution
F04687,PHC Dakshina Kannada #41,PHC,Dakshina Kannada,Karnataka,8,real_state_totals_synthetic_district_distribution
F04688,PHC Dakshina Kannada #42,PHC,Dakshina Kannada,Karnataka,4,real_state_totals_synthetic_district_distribution
F04689,PHC Dakshina Kannada #43,PHC,Dakshina Kannada,Karnataka,4,real_state_totals_synthetic_district_distribution
F04690,PHC Dakshina Kannada #44,PHC,Dakshina Kannada,Karnataka,6,real_state_totals_synthetic_district_distribution
F04691,PHC Dakshina Kannada #45,PHC,Dakshina Kannada,Karnataka,5,real_state_totals_synthetic_district_distribution
F04692,PHC Dakshina Kannada #46,PHC,Dakshina Kannada,Karnataka,4,real_state_totals_synthetic_district_distribution
F04693,PHC Dakshina Kannada #47,PHC,Dakshina Kannada,Karnataka,4,real_state_totals_synthetic_district_distribution
F04694,PHC Dakshina Kannada #48,PHC,Dakshina Kannada,Karnataka,10,real_state_totals_synthetic_district_distribution
F04695,PHC Dakshina Kannada #49,PHC,Dakshina Kannada,Karnataka,7,real_state_totals_synthetic_district_distribution
F04696,PHC Dakshina Kannada #50,PHC,Dakshina Kannada,Karnataka,8,real_state_totals_synthetic_district_distribution
F04697,PHC Dakshina Kannada #51,PHC,Dakshina Kannada,Karnataka,6,real_state_totals_synthetic_district_distribution
F04698,PHC Dakshina Kannada #52,PHC,Dakshina Kannada,Karnataka,9,real_state_totals_synthetic_district_distribution
F04699,PHC Dakshina Kannada #53,PHC,Dakshina Kannada,Karnataka,9,real_state_totals_synthetic_district_distribution
F04700,PHC Dakshina Kannada #54,PHC,Dakshina Kannada,Karnataka,8,real_state_totals_synthetic_district_distribution
F04701,PHC Dakshina Kannada #55,PHC,Dakshina Kannada,Karnataka,10,real_state_totals_synthetic_district_distribution
F04702,PHC Dakshina Kannada #56,PHC,Dakshina Kannada,Karnataka,7,real_state_totals_synthetic_district_distribution
F04703,PHC Dakshina Kannada #57,PHC,Dakshina Kannada,Karnataka,7,real_state_totals_synthetic_district_distribution
F04704,PHC Dakshina Kannada #58,PHC,Dakshina Kannada,Karnataka,9,real_state_totals_synthetic_district_distribution
F04705,PHC Dakshina Kannada #59,PHC,Dakshina Kannada,Karnataka,7,real_state_totals_synthetic_district_distribution
F04706,PHC Dakshina Kannada #60,PHC,Dakshina Kannada,Karnataka,4,real_state_totals_synthetic_district_distribution
F04707,PHC Dakshina Kannada #61,PHC,Dakshina Kannada,Karnataka,9,real_state_totals_synthetic_district_distribution
F04708,PHC Dakshina Kannada #62,PHC,Dakshina Kannada,Karnataka,8,real_state_totals_synthetic_district_distribution
F04709,PHC Dakshina Kannada #63,PHC,Dakshina Kannada,Karnataka,8,real_state_totals_synthetic_district_distribution
F04710,PHC Dakshina Kannada #64,PHC,Dakshina Kannada,Karnataka,8,real_state_totals_synthetic_district_distribution
F04711,PHC Dakshina Kannada #65,PHC,Dakshina Kannada,Karnataka,5,real_state_totals_synthetic_district_distribution
F04712,CHC Dakshina Kannada #1,CHC,Dakshina Kannada,Karnataka,28,real_state_totals_synthetic_district_distribution
F04713,CHC Dakshina Kannada #2,CHC,Dakshina Kannada,Karnataka,22,real_state_totals_synthetic_district_distribution
F04714,CHC Dakshina Kannada #3,CHC,Dakshina Kannada,Karnataka,29,real_state_totals_synthetic_district_distribution
F04715,CHC Dakshina Kannada #4,CHC,Dakshina Kannada,Karnataka,22,real_state_totals_synthetic_district_distribution
F04716,CHC Dakshina Kannada #5,CHC,Dakshina Kannada,Karnataka,36,real_state_totals_synthetic_district_distribution
F04717,CHC Dakshina Kannada #6,CHC,Dakshina Kannada,Karnataka,49,real_state_totals_synthetic_district_distribution
F04718,CHC Dakshina Kannada #7,CHC,Dakshina Kannada,Karnataka,26,real_state_totals_synthetic_district_distribution
F04719,CHC Dakshina Kannada #8,CHC,Dakshina Kannada,Karnataka,45,real_state_totals_synthetic_district_distribution
F04720,CHC Dakshina Kannada #9,CHC,Dakshina Kannada,Karnataka,24,real_state_totals_synthetic_district_distribution
F04721,CHC Dakshina Kannada #10,CHC,Dakshina Kannada,Karnataka,37,real_state_totals_synthetic_district_distribution
F04722,CHC Dakshina Kannada #11,CHC,Dakshina Kannada,Karnataka,30,real_state_totals_synthetic_district_distribution
F04723,District Hospital Dakshina Kannada #1,District Hospital,Dakshina Kannada,Karnataka,200,real_state_totals_synthetic_district_distribution
F04724,PHC Shivamogga #1,PHC,Shivamogga,Karnataka,8,real_state_totals_synthetic_district_distribution
F04725,PHC Shivamogga #2,PHC,Shivamogga,Karnataka,9,real_state_totals_synthetic_district_distribution
F04726,PHC Shivamogga #3,PHC,Shivamogga,Karnataka,10,real_state_totals_synthetic_district_distribution
F04727,PHC Shivamogga #4,PHC,Shivamogga,Karnataka,10,real_state_totals_synthetic_district_distribution
F04728,PHC Shivamogga #5,PHC,Shivamogga,Karnataka,9,real_state_totals_synthetic_district_distribution
F04729,PHC Shivamogga #6,PHC,Shivamogga,Karnataka,9,real_state_totals_synthetic_district_distribution
F04730,PHC Shivamogga #7,PHC,Shivamogga,Karnataka,9,real_state_totals_synthetic_district_distribution
F04731,PHC Shivamogga #8,PHC,Shivamogga,Karnataka,4,real_state_totals_synthetic_district_distribution
F04732,PHC Shivamogga #9,PHC,Shivamogga,Karnataka,6,real_state_totals_synthetic_district_distribution
F04733,PHC Shivamogga #10,PHC,Shivamogga,Karnataka,9,real_state_totals_synthetic_district_distribution
F04734,PHC Shivamogga #11,PHC,Shivamogga,Karnataka,7,real_state_totals_synthetic_district_distribution
F04735,PHC Shivamogga #12,PHC,Shivamogga,Karnataka,9,real_state_totals_synthetic_district_distribution
F04736,PHC Shivamogga #13,PHC,Shivamogga,Karnataka,10,real_state_totals_synthetic_district_distribution
F04737,PHC Shivamogga #14,PHC,Shivamogga,Karnataka,5,real_state_totals_synthetic_district_distribution
F04738,PHC Shivamogga #15,PHC,Shivamogga,Karnataka,4,real_state_totals_synthetic_district_distribution
F04739,PHC Shivamogga #16,PHC,Shivamogga,Karnataka,5,real_state_totals_synthetic_district_distribution
F04740,PHC Shivamogga #17,PHC,Shivamogga,Karnataka,4,real_state_totals_synthetic_district_distribution
F04741,PHC Shivamogga #18,PHC,Shivamogga,Karnataka,7,real_state_totals_synthetic_district_distribution
F04742,PHC Shivamogga #19,PHC,Shivamogga,Karnataka,4,real_state_totals_synthetic_district_distribution
F04743,PHC Shivamogga #20,PHC,Shivamogga,Karnataka,7,real_state_totals_synthetic_district_distribution
F04744,PHC Shivamogga #21,PHC,Shivamogga,Karnataka,8,real_state_totals_synthetic_district_distribution
F04745,PHC Shivamogga #22,PHC,Shivamogga,Karnataka,8,real_state_totals_synthetic_district_distribution
F04746,PHC Shivamogga #23,PHC,Shivamogga,Karnataka,4,real_state_totals_synthetic_district_distribution
F04747,PHC Shivamogga #24,PHC,Shivamogga,Karnataka,6,real_state_totals_synthetic_district_distribution
F04748,PHC Shivamogga #25,PHC,Shivamogga,Karnataka,9,real_state_totals_synthetic_district_distribution
F04749,PHC Shivamogga #26,PHC,Shivamogga,Karnataka,9,real_state_totals_synthetic_district_distribution
F04750,PHC Shivamogga #27,PHC,Shivamogga,Karnataka,9,real_state_totals_synthetic_district_distribution
F04751,PHC Shivamogga #28,PHC,Shivamogga,Karnataka,9,real_state_totals_synthetic_district_distribution
F04752,PHC Shivamogga #29,PHC,Shivamogga,Karnataka,5,real_state_totals_synthetic_district_distribution
F04753,PHC Shivamogga #30,PHC,Shivamogga,Karnataka,4,real_state_totals_synthetic_district_distribution
F04754,PHC Shivamogga #31,PHC,Shivamogga,Karnataka,4,real_state_totals_synthetic_district_distribution
F04755,PHC Shivamogga #32,PHC,Shivamogga,Karnataka,9,real_state_totals_synthetic_district_distribution
F04756,PHC Shivamogga #33,PHC,Shivamogga,Karnataka,5,real_state_totals_synthetic_district_distribution
F04757,PHC Shivamogga #34,PHC,Shivamogga,Karnataka,9,real_state_totals_synthetic_district_distribution
F04758,PHC Shivamogga #35,PHC,Shivamogga,Karnataka,4,real_state_totals_synthetic_district_distribution
F04759,PHC Shivamogga #36,PHC,Shivamogga,Karnataka,5,real_state_totals_synthetic_district_distribution
F04760,PHC Shivamogga #37,PHC,Shivamogga,Karnataka,7,real_state_totals_synthetic_district_distribution
F04761,PHC Shivamogga #38,PHC,Shivamogga,Karnataka,6,real_state_totals_synthetic_district_distribution
F04762,PHC Shivamogga #39,PHC,Shivamogga,Karnataka,8,real_state_totals_synthetic_district_distribution
F04763,PHC Shivamogga #40,PHC,Shivamogga,Karnataka,8,real_state_totals_synthetic_district_distribution
F04764,PHC Shivamogga #41,PHC,Shivamogga,Karnataka,10,real_state_totals_synthetic_district_distribution
F04765,PHC Shivamogga #42,PHC,Shivamogga,Karnataka,10,real_state_totals_synthetic_district_distribution
F04766,PHC Shivamogga #43,PHC,Shivamogga,Karnataka,9,real_state_totals_synthetic_district_distribution
F04767,PHC Shivamogga #44,PHC,Shivamogga,Karnataka,6,real_state_totals_synthetic_district_distribution
F04768,PHC Shivamogga #45,PHC,Shivamogga,Karnataka,5,real_state_totals_synthetic_district_distribution
F04769,PHC Shivamogga #46,PHC,Shivamogga,Karnataka,6,real_state_totals_synthetic_district_distribution
F04770,PHC Shivamogga #47,PHC,Shivamogga,Karnataka,5,real_state_totals_synthetic_district_distribution
F04771,PHC Shivamogga #48,PHC,Shivamogga,Karnataka,9,real_state_totals_synthetic_district_distribution
F04772,PHC Shivamogga #49,PHC,Shivamogga,Karnataka,10,real_state_totals_synthetic_district_distribution
F04773,PHC Shivamogga #50,PHC,Shivamogga,Karnataka,10,real_state_totals_synthetic_district_distribution
F04774,PHC Shivamogga #51,PHC,Shivamogga,Karnataka,6,real_state_totals_synthetic_district_distribution
F04775,PHC Shivamogga #52,PHC,Shivamogga,Karnataka,9,real_state_totals_synthetic_district_distribution
F04776,PHC Shivamogga #53,PHC,Shivamogga,Karnataka,4,real_state_totals_synthetic_district_distribution
F04777,PHC Shivamogga #54,PHC,Shivamogga,Karnataka,10,real_state_totals_synthetic_district_distribution
F04778,CHC Shivamogga #1,CHC,Shivamogga,Karnataka,48,real_state_totals_synthetic_district_distribution
F04779,CHC Shivamogga #2,CHC,Shivamogga,Karnataka,20,real_state_totals_synthetic_district_distribution
F04780,CHC Shivamogga #3,CHC,Shivamogga,Karnataka,30,real_state_totals_synthetic_district_distribution
F04781,CHC Shivamogga #4,CHC,Shivamogga,Karnataka,45,real_state_totals_synthetic_district_distribution
F04782,CHC Shivamogga #5,CHC,Shivamogga,Karnataka,33,real_state_totals_synthetic_district_distribution
F04783,CHC Shivamogga #6,CHC,Shivamogga,Karnataka,28,real_state_totals_synthetic_district_distribution
F04784,CHC Shivamogga #7,CHC,Shivamogga,Karnataka,36,real_state_totals_synthetic_district_distribution
F04785,CHC Shivamogga #8,CHC,Shivamogga,Karnataka,22,real_state_totals_synthetic_district_distribution
F04786,CHC Shivamogga #9,CHC,Shivamogga,Karnataka,28,real_state_totals_synthetic_district_distribution
F04787,District Hospital Shivamogga #1,District Hospital,Shivamogga,Karnataka,282,real_state_totals_synthetic_district_distribution
F04788,PHC Mandya #1,PHC,Mandya,Karnataka,8,real_state_totals_synthetic_district_distribution
F04789,PHC Mandya #2,PHC,Mandya,Karnataka,9,real_state_totals_synthetic_district_distribution
F04790,PHC Mandya #3,PHC,Mandya,Karnataka,4,real_state_totals_synthetic_district_distribution
F04791,PHC Mandya #4,PHC,Mandya,Karnataka,7,real_state_totals_synthetic_district_distribution
F04792,PHC Mandya #5,PHC,Mandya,Karnataka,7,real_state_totals_synthetic_district_distribution
F04793,PHC Mandya #6,PHC,Mandya,Karnataka,8,real_state_totals_synthetic_district_distribution
F04794,PHC Mandya #7,PHC,Mandya,Karnataka,6,real_state_totals_synthetic_district_distribution
F04795,PHC Mandya #8,PHC,Mandya,Karnataka,4,real_state_totals_synthetic_district_distribution
F04796,PHC Mandya #9,PHC,Mandya,Karnataka,7,real_state_totals_synthetic_district_distribution
F04797,PHC Mandya #10,PHC,Mandya,Karnataka,10,real_state_totals_synthetic_district_distribution
F04798,PHC Mandya #11,PHC,Mandya,Karnataka,8,real_state_totals_synthetic_district_distribution
F04799,PHC Mandya #12,PHC,Mandya,Karnataka,5,real_state_totals_synthetic_district_distribution
F04800,PHC Mandya #13,PHC,Mandya,Karnataka,6,real_state_totals_synthetic_district_distribution
F04801,PHC Mandya #14,PHC,Mandya,Karnataka,5,real_state_totals_synthetic_district_distribution
F04802,PHC Mandya #15,PHC,Mandya,Karnataka,6,real_state_totals_synthetic_district_distribution
F04803,PHC Mandya #16,PHC,Mandya,Karnataka,10,real_state_totals_synthetic_district_distribution
F04804,PHC Mandya #17,PHC,Mandya,Karnataka,4,real_state_totals_synthetic_district_distribution
F04805,PHC Mandya #18,PHC,Mandya,Karnataka,8,real_state_totals_synthetic_district_distribution
F04806,PHC Mandya #19,PHC,Mandya,Karnataka,9,real_state_totals_synthetic_district_distribution
F04807,PHC Mandya #20,PHC,Mandya,Karnataka,9,real_state_totals_synthetic_district_distribution
F04808,PHC Mandya #21,PHC,Mandya,Karnataka,4,real_state_totals_synthetic_district_distribution
F04809,PHC Mandya #22,PHC,Mandya,Karnataka,5,real_state_totals_synthetic_district_distribution
F04810,PHC Mandya #23,PHC,Mandya,Karnataka,9,real_state_totals_synthetic_district_distribution
F04811,PHC Mandya #24,PHC,Mandya,Karnataka,8,real_state_totals_synthetic_district_distribution
F04812,PHC Mandya #25,PHC,Mandya,Karnataka,4,real_state_totals_synthetic_district_distribution
F04813,PHC Mandya #26,PHC,Mandya,Karnataka,4,real_state_totals_synthetic_district_distribution
F04814,PHC Mandya #27,PHC,Mandya,Karnataka,10,real_state_totals_synthetic_district_distribution
F04815,PHC Mandya #28,PHC,Mandya,Karnataka,10,real_state_totals_synthetic_district_distribution
F04816,PHC Mandya #29,PHC,Mandya,Karnataka,4,real_state_totals_synthetic_district_distribution
F04817,PHC Mandya #30,PHC,Mandya,Karnataka,5,real_state_totals_synthetic_district_distribution
F04818,PHC Mandya #31,PHC,Mandya,Karnataka,4,real_state_totals_synthetic_district_distribution
F04819,PHC Mandya #32,PHC,Mandya,Karnataka,7,real_state_totals_synthetic_district_distribution
F04820,PHC Mandya #33,PHC,Mandya,Karnataka,6,real_state_totals_synthetic_district_distribution
F04821,PHC Mandya #34,PHC,Mandya,Karnataka,7,real_state_totals_synthetic_district_distribution
F04822,PHC Mandya #35,PHC,Mandya,Karnataka,5,real_state_totals_synthetic_district_distribution
F04823,PHC Mandya #36,PHC,Mandya,Karnataka,5,real_state_totals_synthetic_district_distribution
F04824,PHC Mandya #37,PHC,Mandya,Karnataka,10,real_state_totals_synthetic_district_distribution
F04825,PHC Mandya #38,PHC,Mandya,Karnataka,4,real_state_totals_synthetic_district_distribution
F04826,PHC Mandya #39,PHC,Mandya,Karnataka,8,real_state_totals_synthetic_district_distribution
F04827,PHC Mandya #40,PHC,Mandya,Karnataka,10,real_state_totals_synthetic_district_distribution
F04828,PHC Mandya #41,PHC,Mandya,Karnataka,9,real_state_totals_synthetic_district_distribution
F04829,PHC Mandya #42,PHC,Mandya,Karnataka,9,real_state_totals_synthetic_district_distribution
F04830,PHC Mandya #43,PHC,Mandya,Karnataka,9,real_state_totals_synthetic_district_distribution
F04831,PHC Mandya #44,PHC,Mandya,Karnataka,7,real_state_totals_synthetic_district_distribution
F04832,PHC Mandya #45,PHC,Mandya,Karnataka,5,real_state_totals_synthetic_district_distribution
F04833,PHC Mandya #46,PHC,Mandya,Karnataka,6,real_state_totals_synthetic_district_distribution
F04834,PHC Mandya #47,PHC,Mandya,Karnataka,5,real_state_totals_synthetic_district_distribution
F04835,PHC Mandya #48,PHC,Mandya,Karnataka,7,real_state_totals_synthetic_district_distribution
F04836,PHC Mandya #49,PHC,Mandya,Karnataka,9,real_state_totals_synthetic_district_distribution
F04837,PHC Mandya #50,PHC,Mandya,Karnataka,6,real_state_totals_synthetic_district_distribution
F04838,PHC Mandya #51,PHC,Mandya,Karnataka,6,real_state_totals_synthetic_district_distribution
F04839,PHC Mandya #52,PHC,Mandya,Karnataka,10,real_state_totals_synthetic_district_distribution
F04840,PHC Mandya #53,PHC,Mandya,Karnataka,4,real_state_totals_synthetic_district_distribution
F04841,PHC Mandya #54,PHC,Mandya,Karnataka,8,real_state_totals_synthetic_district_distribution
F04842,PHC Mandya #55,PHC,Mandya,Karnataka,6,real_state_totals_synthetic_district_distribution
F04843,PHC Mandya #56,PHC,Mandya,Karnataka,4,real_state_totals_synthetic_district_distribution
F04844,CHC Mandya #1,CHC,Mandya,Karnataka,36,real_state_totals_synthetic_district_distribution
F04845,CHC Mandya #2,CHC,Mandya,Karnataka,41,real_state_totals_synthetic_district_distribution
F04846,CHC Mandya #3,CHC,Mandya,Karnataka,48,real_state_totals_synthetic_district_distribution
F04847,CHC Mandya #4,CHC,Mandya,Karnataka,21,real_state_totals_synthetic_district_distribution
F04848,CHC Mandya #5,CHC,Mandya,Karnataka,25,real_state_totals_synthetic_district_distribution
F04849,CHC Mandya #6,CHC,Mandya,Karnataka,27,real_state_totals_synthetic_district_distribution
F04850,CHC Mandya #7,CHC,Mandya,Karnataka,45,real_state_totals_synthetic_district_distribution
F04851,CHC Mandya #8,CHC,Mandya,Karnataka,36,real_state_totals_synthetic_district_distribution
F04852,CHC Mandya #9,CHC,Mandya,Karnataka,21,real_state_totals_synthetic_district_distribution
F04853,District Hospital Mandya #1,District Hospital,Mandya,Karnataka,202,real_state_totals_synthetic_district_distribution
F04854,PHC Kamrup Metropolitan #1,PHC,Kamrup Metropolitan,Assam,4,real_state_totals_synthetic_district_distribution
F04855,PHC Kamrup Metropolitan #2,PHC,Kamrup Metropolitan,Assam,7,real_state_totals_synthetic_district_distribution
F04856,PHC Kamrup Metropolitan #3,PHC,Kamrup Metropolitan,Assam,10,real_state_totals_synthetic_district_distribution
F04857,PHC Kamrup Metropolitan #4,PHC,Kamrup Metropolitan,Assam,6,real_state_totals_synthetic_district_distribution
F04858,PHC Kamrup Metropolitan #5,PHC,Kamrup Metropolitan,Assam,10,real_state_totals_synthetic_district_distribution
F04859,PHC Kamrup Metropolitan #6,PHC,Kamrup Metropolitan,Assam,10,real_state_totals_synthetic_district_distribution
F04860,PHC Kamrup Metropolitan #7,PHC,Kamrup Metropolitan,Assam,6,real_state_totals_synthetic_district_distribution
F04861,PHC Kamrup Metropolitan #8,PHC,Kamrup Metropolitan,Assam,6,real_state_totals_synthetic_district_distribution
F04862,PHC Kamrup Metropolitan #9,PHC,Kamrup Metropolitan,Assam,4,real_state_totals_synthetic_district_distribution
F04863,PHC Kamrup Metropolitan #10,PHC,Kamrup Metropolitan,Assam,8,real_state_totals_synthetic_district_distribution
F04864,PHC Kamrup Metropolitan #11,PHC,Kamrup Metropolitan,Assam,7,real_state_totals_synthetic_district_distribution
F04865,PHC Kamrup Metropolitan #12,PHC,Kamrup Metropolitan,Assam,4,real_state_totals_synthetic_district_distribution
F04866,PHC Kamrup Metropolitan #13,PHC,Kamrup Metropolitan,Assam,6,real_state_totals_synthetic_district_distribution
F04867,PHC Kamrup Metropolitan #14,PHC,Kamrup Metropolitan,Assam,5,real_state_totals_synthetic_district_distribution
F04868,PHC Kamrup Metropolitan #15,PHC,Kamrup Metropolitan,Assam,6,real_state_totals_synthetic_district_distribution
F04869,PHC Kamrup Metropolitan #16,PHC,Kamrup Metropolitan,Assam,8,real_state_totals_synthetic_district_distribution
F04870,PHC Kamrup Metropolitan #17,PHC,Kamrup Metropolitan,Assam,10,real_state_totals_synthetic_district_distribution
F04871,PHC Kamrup Metropolitan #18,PHC,Kamrup Metropolitan,Assam,6,real_state_totals_synthetic_district_distribution
F04872,PHC Kamrup Metropolitan #19,PHC,Kamrup Metropolitan,Assam,9,real_state_totals_synthetic_district_distribution
F04873,PHC Kamrup Metropolitan #20,PHC,Kamrup Metropolitan,Assam,8,real_state_totals_synthetic_district_distribution
F04874,PHC Kamrup Metropolitan #21,PHC,Kamrup Metropolitan,Assam,5,real_state_totals_synthetic_district_distribution
F04875,PHC Kamrup Metropolitan #22,PHC,Kamrup Metropolitan,Assam,7,real_state_totals_synthetic_district_distribution
F04876,PHC Kamrup Metropolitan #23,PHC,Kamrup Metropolitan,Assam,6,real_state_totals_synthetic_district_distribution
F04877,PHC Kamrup Metropolitan #24,PHC,Kamrup Metropolitan,Assam,8,real_state_totals_synthetic_district_distribution
F04878,PHC Kamrup Metropolitan #25,PHC,Kamrup Metropolitan,Assam,7,real_state_totals_synthetic_district_distribution
F04879,PHC Kamrup Metropolitan #26,PHC,Kamrup Metropolitan,Assam,10,real_state_totals_synthetic_district_distribution
F04880,PHC Kamrup Metropolitan #27,PHC,Kamrup Metropolitan,Assam,10,real_state_totals_synthetic_district_distribution
F04881,PHC Kamrup Metropolitan #28,PHC,Kamrup Metropolitan,Assam,5,real_state_totals_synthetic_district_distribution
F04882,PHC Kamrup Metropolitan #29,PHC,Kamrup Metropolitan,Assam,9,real_state_totals_synthetic_district_distribution
F04883,PHC Kamrup Metropolitan #30,PHC,Kamrup Metropolitan,Assam,8,real_state_totals_synthetic_district_distribution
F04884,PHC Kamrup Metropolitan #31,PHC,Kamrup Metropolitan,Assam,10,real_state_totals_synthetic_district_distribution
F04885,PHC Kamrup Metropolitan #32,PHC,Kamrup Metropolitan,Assam,10,real_state_totals_synthetic_district_distribution
F04886,CHC Kamrup Metropolitan #1,CHC,Kamrup Metropolitan,Assam,27,real_state_totals_synthetic_district_distribution
F04887,CHC Kamrup Metropolitan #2,CHC,Kamrup Metropolitan,Assam,24,real_state_totals_synthetic_district_distribution
F04888,CHC Kamrup Metropolitan #3,CHC,Kamrup Metropolitan,Assam,20,real_state_totals_synthetic_district_distribution
F04889,CHC Kamrup Metropolitan #4,CHC,Kamrup Metropolitan,Assam,49,real_state_totals_synthetic_district_distribution
F04890,CHC Kamrup Metropolitan #5,CHC,Kamrup Metropolitan,Assam,33,real_state_totals_synthetic_district_distribution
F04891,District Hospital Kamrup Metropolitan #1,District Hospital,Kamrup Metropolitan,Assam,106,real_state_totals_synthetic_district_distribution
F04892,PHC Nagaon #1,PHC,Nagaon,Assam,5,real_state_totals_synthetic_district_distribution
F04893,PHC Nagaon #2,PHC,Nagaon,Assam,8,real_state_totals_synthetic_district_distribution
F04894,PHC Nagaon #3,PHC,Nagaon,Assam,6,real_state_totals_synthetic_district_distribution
F04895,PHC Nagaon #4,PHC,Nagaon,Assam,9,real_state_totals_synthetic_district_distribution
F04896,PHC Nagaon #5,PHC,Nagaon,Assam,10,real_state_totals_synthetic_district_distribution
F04897,PHC Nagaon #6,PHC,Nagaon,Assam,9,real_state_totals_synthetic_district_distribution
F04898,PHC Nagaon #7,PHC,Nagaon,Assam,4,real_state_totals_synthetic_district_distribution
F04899,PHC Nagaon #8,PHC,Nagaon,Assam,6,real_state_totals_synthetic_district_distribution
F04900,PHC Nagaon #9,PHC,Nagaon,Assam,4,real_state_totals_synthetic_district_distribution
F04901,PHC Nagaon #10,PHC,Nagaon,Assam,10,real_state_totals_synthetic_district_distribution
F04902,PHC Nagaon #11,PHC,Nagaon,Assam,9,real_state_totals_synthetic_district_distribution
F04903,PHC Nagaon #12,PHC,Nagaon,Assam,7,real_state_totals_synthetic_district_distribution
F04904,PHC Nagaon #13,PHC,Nagaon,Assam,10,real_state_totals_synthetic_district_distribution
F04905,PHC Nagaon #14,PHC,Nagaon,Assam,9,real_state_totals_synthetic_district_distribution
F04906,PHC Nagaon #15,PHC,Nagaon,Assam,9,real_state_totals_synthetic_district_distribution
F04907,PHC Nagaon #16,PHC,Nagaon,Assam,6,real_state_totals_synthetic_district_distribution
F04908,PHC Nagaon #17,PHC,Nagaon,Assam,4,real_state_totals_synthetic_district_distribution
F04909,PHC Nagaon #18,PHC,Nagaon,Assam,5,real_state_totals_synthetic_district_distribution
F04910,PHC Nagaon #19,PHC,Nagaon,Assam,8,real_state_totals_synthetic_district_distribution
F04911,PHC Nagaon #20,PHC,Nagaon,Assam,5,real_state_totals_synthetic_district_distribution
F04912,PHC Nagaon #21,PHC,Nagaon,Assam,7,real_state_totals_synthetic_district_distribution
F04913,PHC Nagaon #22,PHC,Nagaon,Assam,7,real_state_totals_synthetic_district_distribution
F04914,PHC Nagaon #23,PHC,Nagaon,Assam,4,real_state_totals_synthetic_district_distribution
F04915,PHC Nagaon #24,PHC,Nagaon,Assam,5,real_state_totals_synthetic_district_distribution
F04916,PHC Nagaon #25,PHC,Nagaon,Assam,9,real_state_totals_synthetic_district_distribution
F04917,PHC Nagaon #26,PHC,Nagaon,Assam,6,real_state_totals_synthetic_district_distribution
F04918,PHC Nagaon #27,PHC,Nagaon,Assam,4,real_state_totals_synthetic_district_distribution
F04919,PHC Nagaon #28,PHC,Nagaon,Assam,4,real_state_totals_synthetic_district_distribution
F04920,PHC Nagaon #29,PHC,Nagaon,Assam,5,real_state_totals_synthetic_district_distribution
F04921,PHC Nagaon #30,PHC,Nagaon,Assam,10,real_state_totals_synthetic_district_distribution
F04922,PHC Nagaon #31,PHC,Nagaon,Assam,8,real_state_totals_synthetic_district_distribution
F04923,PHC Nagaon #32,PHC,Nagaon,Assam,7,real_state_totals_synthetic_district_distribution
F04924,PHC Nagaon #33,PHC,Nagaon,Assam,9,real_state_totals_synthetic_district_distribution
F04925,PHC Nagaon #34,PHC,Nagaon,Assam,6,real_state_totals_synthetic_district_distribution
F04926,PHC Nagaon #35,PHC,Nagaon,Assam,7,real_state_totals_synthetic_district_distribution
F04927,PHC Nagaon #36,PHC,Nagaon,Assam,9,real_state_totals_synthetic_district_distribution
F04928,PHC Nagaon #37,PHC,Nagaon,Assam,4,real_state_totals_synthetic_district_distribution
F04929,PHC Nagaon #38,PHC,Nagaon,Assam,8,real_state_totals_synthetic_district_distribution
F04930,PHC Nagaon #39,PHC,Nagaon,Assam,4,real_state_totals_synthetic_district_distribution
F04931,PHC Nagaon #40,PHC,Nagaon,Assam,8,real_state_totals_synthetic_district_distribution
F04932,PHC Nagaon #41,PHC,Nagaon,Assam,5,real_state_totals_synthetic_district_distribution
F04933,PHC Nagaon #42,PHC,Nagaon,Assam,9,real_state_totals_synthetic_district_distribution
F04934,PHC Nagaon #43,PHC,Nagaon,Assam,10,real_state_totals_synthetic_district_distribution
F04935,PHC Nagaon #44,PHC,Nagaon,Assam,7,real_state_totals_synthetic_district_distribution
F04936,PHC Nagaon #45,PHC,Nagaon,Assam,4,real_state_totals_synthetic_district_distribution
F04937,PHC Nagaon #46,PHC,Nagaon,Assam,8,real_state_totals_synthetic_district_distribution
F04938,PHC Nagaon #47,PHC,Nagaon,Assam,8,real_state_totals_synthetic_district_distribution
F04939,PHC Nagaon #48,PHC,Nagaon,Assam,4,real_state_totals_synthetic_district_distribution
F04940,PHC Nagaon #49,PHC,Nagaon,Assam,7,real_state_totals_synthetic_district_distribution
F04941,PHC Nagaon #50,PHC,Nagaon,Assam,9,real_state_totals_synthetic_district_distribution
F04942,PHC Nagaon #51,PHC,Nagaon,Assam,5,real_state_totals_synthetic_district_distribution
F04943,PHC Nagaon #52,PHC,Nagaon,Assam,5,real_state_totals_synthetic_district_distribution
F04944,PHC Nagaon #53,PHC,Nagaon,Assam,6,real_state_totals_synthetic_district_distribution
F04945,PHC Nagaon #54,PHC,Nagaon,Assam,6,real_state_totals_synthetic_district_distribution
F04946,PHC Nagaon #55,PHC,Nagaon,Assam,10,real_state_totals_synthetic_district_distribution
F04947,PHC Nagaon #56,PHC,Nagaon,Assam,6,real_state_totals_synthetic_district_distribution
F04948,PHC Nagaon #57,PHC,Nagaon,Assam,10,real_state_totals_synthetic_district_distribution
F04949,PHC Nagaon #58,PHC,Nagaon,Assam,7,real_state_totals_synthetic_district_distribution
F04950,PHC Nagaon #59,PHC,Nagaon,Assam,9,real_state_totals_synthetic_district_distribution
F04951,PHC Nagaon #60,PHC,Nagaon,Assam,10,real_state_totals_synthetic_district_distribution
F04952,PHC Nagaon #61,PHC,Nagaon,Assam,9,real_state_totals_synthetic_district_distribution
F04953,PHC Nagaon #62,PHC,Nagaon,Assam,6,real_state_totals_synthetic_district_distribution
F04954,PHC Nagaon #63,PHC,Nagaon,Assam,6,real_state_totals_synthetic_district_distribution
F04955,PHC Nagaon #64,PHC,Nagaon,Assam,7,real_state_totals_synthetic_district_distribution
F04956,PHC Nagaon #65,PHC,Nagaon,Assam,6,real_state_totals_synthetic_district_distribution
F04957,PHC Nagaon #66,PHC,Nagaon,Assam,5,real_state_totals_synthetic_district_distribution
F04958,PHC Nagaon #67,PHC,Nagaon,Assam,4,real_state_totals_synthetic_district_distribution
F04959,PHC Nagaon #68,PHC,Nagaon,Assam,5,real_state_totals_synthetic_district_distribution
F04960,PHC Nagaon #69,PHC,Nagaon,Assam,5,real_state_totals_synthetic_district_distribution
F04961,PHC Nagaon #70,PHC,Nagaon,Assam,10,real_state_totals_synthetic_district_distribution
F04962,PHC Nagaon #71,PHC,Nagaon,Assam,10,real_state_totals_synthetic_district_distribution
F04963,PHC Nagaon #72,PHC,Nagaon,Assam,8,real_state_totals_synthetic_district_distribution
F04964,PHC Nagaon #73,PHC,Nagaon,Assam,4,real_state_totals_synthetic_district_distribution
F04965,CHC Nagaon #1,CHC,Nagaon,Assam,24,real_state_totals_synthetic_district_distribution
F04966,CHC Nagaon #2,CHC,Nagaon,Assam,23,real_state_totals_synthetic_district_distribution
F04967,CHC Nagaon #3,CHC,Nagaon,Assam,25,real_state_totals_synthetic_district_distribution
F04968,CHC Nagaon #4,CHC,Nagaon,Assam,34,real_state_totals_synthetic_district_distribution
F04969,CHC Nagaon #5,CHC,Nagaon,Assam,34,real_state_totals_synthetic_district_distribution
F04970,CHC Nagaon #6,CHC,Nagaon,Assam,30,real_state_totals_synthetic_district_distribution
F04971,CHC Nagaon #7,CHC,Nagaon,Assam,33,real_state_totals_synthetic_district_distribution
F04972,CHC Nagaon #8,CHC,Nagaon,Assam,23,real_state_totals_synthetic_district_distribution
F04973,CHC Nagaon #9,CHC,Nagaon,Assam,37,real_state_totals_synthetic_district_distribution
F04974,CHC Nagaon #10,CHC,Nagaon,Assam,31,real_state_totals_synthetic_district_distribution
F04975,CHC Nagaon #11,CHC,Nagaon,Assam,50,real_state_totals_synthetic_district_distribution
F04976,CHC Nagaon #12,CHC,Nagaon,Assam,44,real_state_totals_synthetic_district_distribution
F04977,District Hospital Nagaon #1,District Hospital,Nagaon,Assam,153,real_state_totals_synthetic_district_distribution
F04978,District Hospital Nagaon #2,District Hospital,Nagaon,Assam,215,real_state_totals_synthetic_district_distribution
F04979,PHC Barpeta #1,PHC,Barpeta,Assam,6,real_state_totals_synthetic_district_distribution
F04980,PHC Barpeta #2,PHC,Barpeta,Assam,7,real_state_totals_synthetic_district_distribution
F04981,PHC Barpeta #3,PHC,Barpeta,Assam,6,real_state_totals_synthetic_district_distribution
F04982,PHC Barpeta #4,PHC,Barpeta,Assam,10,real_state_totals_synthetic_district_distribution
F04983,PHC Barpeta #5,PHC,Barpeta,Assam,4,real_state_totals_synthetic_district_distribution
F04984,PHC Barpeta #6,PHC,Barpeta,Assam,4,real_state_totals_synthetic_district_distribution
F04985,PHC Barpeta #7,PHC,Barpeta,Assam,5,real_state_totals_synthetic_district_distribution
F04986,PHC Barpeta #8,PHC,Barpeta,Assam,10,real_state_totals_synthetic_district_distribution
F04987,PHC Barpeta #9,PHC,Barpeta,Assam,9,real_state_totals_synthetic_district_distribution
F04988,PHC Barpeta #10,PHC,Barpeta,Assam,6,real_state_totals_synthetic_district_distribution
F04989,PHC Barpeta #11,PHC,Barpeta,Assam,10,real_state_totals_synthetic_district_distribution
F04990,PHC Barpeta #12,PHC,Barpeta,Assam,9,real_state_totals_synthetic_district_distribution
F04991,PHC Barpeta #13,PHC,Barpeta,Assam,9,real_state_totals_synthetic_district_distribution
F04992,PHC Barpeta #14,PHC,Barpeta,Assam,8,real_state_totals_synthetic_district_distribution
F04993,PHC Barpeta #15,PHC,Barpeta,Assam,4,real_state_totals_synthetic_district_distribution
F04994,PHC Barpeta #16,PHC,Barpeta,Assam,5,real_state_totals_synthetic_district_distribution
F04995,PHC Barpeta #17,PHC,Barpeta,Assam,10,real_state_totals_synthetic_district_distribution
F04996,PHC Barpeta #18,PHC,Barpeta,Assam,10,real_state_totals_synthetic_district_distribution
F04997,PHC Barpeta #19,PHC,Barpeta,Assam,6,real_state_totals_synthetic_district_distribution
F04998,PHC Barpeta #20,PHC,Barpeta,Assam,5,real_state_totals_synthetic_district_distribution
F04999,PHC Barpeta #21,PHC,Barpeta,Assam,4,real_state_totals_synthetic_district_distribution
F05000,PHC Barpeta #22,PHC,Barpeta,Assam,9,real_state_totals_synthetic_district_distribution
F05001,PHC Barpeta #23,PHC,Barpeta,Assam,5,real_state_totals_synthetic_district_distribution
F05002,PHC Barpeta #24,PHC,Barpeta,Assam,6,real_state_totals_synthetic_district_distribution
F05003,PHC Barpeta #25,PHC,Barpeta,Assam,7,real_state_totals_synthetic_district_distribution
F05004,PHC Barpeta #26,PHC,Barpeta,Assam,8,real_state_totals_synthetic_district_distribution
F05005,PHC Barpeta #27,PHC,Barpeta,Assam,4,real_state_totals_synthetic_district_distribution
F05006,PHC Barpeta #28,PHC,Barpeta,Assam,9,real_state_totals_synthetic_district_distribution
F05007,PHC Barpeta #29,PHC,Barpeta,Assam,6,real_state_totals_synthetic_district_distribution
F05008,PHC Barpeta #30,PHC,Barpeta,Assam,6,real_state_totals_synthetic_district_distribution
F05009,PHC Barpeta #31,PHC,Barpeta,Assam,10,real_state_totals_synthetic_district_distribution
F05010,PHC Barpeta #32,PHC,Barpeta,Assam,5,real_state_totals_synthetic_district_distribution
F05011,PHC Barpeta #33,PHC,Barpeta,Assam,4,real_state_totals_synthetic_district_distribution
F05012,PHC Barpeta #34,PHC,Barpeta,Assam,7,real_state_totals_synthetic_district_distribution
F05013,PHC Barpeta #35,PHC,Barpeta,Assam,10,real_state_totals_synthetic_district_distribution
F05014,PHC Barpeta #36,PHC,Barpeta,Assam,7,real_state_totals_synthetic_district_distribution
F05015,PHC Barpeta #37,PHC,Barpeta,Assam,8,real_state_totals_synthetic_district_distribution
F05016,PHC Barpeta #38,PHC,Barpeta,Assam,9,real_state_totals_synthetic_district_distribution
F05017,PHC Barpeta #39,PHC,Barpeta,Assam,8,real_state_totals_synthetic_district_distribution
F05018,PHC Barpeta #40,PHC,Barpeta,Assam,5,real_state_totals_synthetic_district_distribution
F05019,PHC Barpeta #41,PHC,Barpeta,Assam,4,real_state_totals_synthetic_district_distribution
F05020,PHC Barpeta #42,PHC,Barpeta,Assam,7,real_state_totals_synthetic_district_distribution
F05021,PHC Barpeta #43,PHC,Barpeta,Assam,4,real_state_totals_synthetic_district_distribution
F05022,PHC Barpeta #44,PHC,Barpeta,Assam,10,real_state_totals_synthetic_district_distribution
F05023,CHC Barpeta #1,CHC,Barpeta,Assam,45,real_state_totals_synthetic_district_distribution
F05024,CHC Barpeta #2,CHC,Barpeta,Assam,24,real_state_totals_synthetic_district_distribution
F05025,CHC Barpeta #3,CHC,Barpeta,Assam,23,real_state_totals_synthetic_district_distribution
F05026,CHC Barpeta #4,CHC,Barpeta,Assam,20,real_state_totals_synthetic_district_distribution
F05027,CHC Barpeta #5,CHC,Barpeta,Assam,21,real_state_totals_synthetic_district_distribution
F05028,CHC Barpeta #6,CHC,Barpeta,Assam,46,real_state_totals_synthetic_district_distribution
F05029,CHC Barpeta #7,CHC,Barpeta,Assam,44,real_state_totals_synthetic_district_distribution
F05030,District Hospital Barpeta #1,District Hospital,Barpeta,Assam,156,real_state_totals_synthetic_district_distribution
F05031,PHC Dhubri #1,PHC,Dhubri,Assam,5,real_state_totals_synthetic_district_distribution
F05032,PHC Dhubri #2,PHC,Dhubri,Assam,5,real_state_totals_synthetic_district_distribution
F05033,PHC Dhubri #3,PHC,Dhubri,Assam,10,real_state_totals_synthetic_district_distribution
F05034,PHC Dhubri #4,PHC,Dhubri,Assam,7,real_state_totals_synthetic_district_distribution
F05035,PHC Dhubri #5,PHC,Dhubri,Assam,6,real_state_totals_synthetic_district_distribution
F05036,PHC Dhubri #6,PHC,Dhubri,Assam,9,real_state_totals_synthetic_district_distribution
F05037,PHC Dhubri #7,PHC,Dhubri,Assam,9,real_state_totals_synthetic_district_distribution
F05038,PHC Dhubri #8,PHC,Dhubri,Assam,9,real_state_totals_synthetic_district_distribution
F05039,PHC Dhubri #9,PHC,Dhubri,Assam,4,real_state_totals_synthetic_district_distribution
F05040,PHC Dhubri #10,PHC,Dhubri,Assam,8,real_state_totals_synthetic_district_distribution
F05041,PHC Dhubri #11,PHC,Dhubri,Assam,8,real_state_totals_synthetic_district_distribution
F05042,PHC Dhubri #12,PHC,Dhubri,Assam,6,real_state_totals_synthetic_district_distribution
F05043,PHC Dhubri #13,PHC,Dhubri,Assam,10,real_state_totals_synthetic_district_distribution
F05044,PHC Dhubri #14,PHC,Dhubri,Assam,4,real_state_totals_synthetic_district_distribution
F05045,PHC Dhubri #15,PHC,Dhubri,Assam,4,real_state_totals_synthetic_district_distribution
F05046,PHC Dhubri #16,PHC,Dhubri,Assam,4,real_state_totals_synthetic_district_distribution
F05047,PHC Dhubri #17,PHC,Dhubri,Assam,5,real_state_totals_synthetic_district_distribution
F05048,PHC Dhubri #18,PHC,Dhubri,Assam,9,real_state_totals_synthetic_district_distribution
F05049,PHC Dhubri #19,PHC,Dhubri,Assam,7,real_state_totals_synthetic_district_distribution
F05050,PHC Dhubri #20,PHC,Dhubri,Assam,10,real_state_totals_synthetic_district_distribution
F05051,PHC Dhubri #21,PHC,Dhubri,Assam,5,real_state_totals_synthetic_district_distribution
F05052,PHC Dhubri #22,PHC,Dhubri,Assam,4,real_state_totals_synthetic_district_distribution
F05053,PHC Dhubri #23,PHC,Dhubri,Assam,10,real_state_totals_synthetic_district_distribution
F05054,PHC Dhubri #24,PHC,Dhubri,Assam,10,real_state_totals_synthetic_district_distribution
F05055,PHC Dhubri #25,PHC,Dhubri,Assam,10,real_state_totals_synthetic_district_distribution
F05056,PHC Dhubri #26,PHC,Dhubri,Assam,6,real_state_totals_synthetic_district_distribution
F05057,PHC Dhubri #27,PHC,Dhubri,Assam,4,real_state_totals_synthetic_district_distribution
F05058,PHC Dhubri #28,PHC,Dhubri,Assam,4,real_state_totals_synthetic_district_distribution
F05059,PHC Dhubri #29,PHC,Dhubri,Assam,7,real_state_totals_synthetic_district_distribution
F05060,PHC Dhubri #30,PHC,Dhubri,Assam,4,real_state_totals_synthetic_district_distribution
F05061,PHC Dhubri #31,PHC,Dhubri,Assam,5,real_state_totals_synthetic_district_distribution
F05062,PHC Dhubri #32,PHC,Dhubri,Assam,8,real_state_totals_synthetic_district_distribution
F05063,PHC Dhubri #33,PHC,Dhubri,Assam,7,real_state_totals_synthetic_district_distribution
F05064,PHC Dhubri #34,PHC,Dhubri,Assam,10,real_state_totals_synthetic_district_distribution
F05065,PHC Dhubri #35,PHC,Dhubri,Assam,9,real_state_totals_synthetic_district_distribution
F05066,PHC Dhubri #36,PHC,Dhubri,Assam,7,real_state_totals_synthetic_district_distribution
F05067,PHC Dhubri #37,PHC,Dhubri,Assam,7,real_state_totals_synthetic_district_distribution
F05068,PHC Dhubri #38,PHC,Dhubri,Assam,4,real_state_totals_synthetic_district_distribution
F05069,PHC Dhubri #39,PHC,Dhubri,Assam,7,real_state_totals_synthetic_district_distribution
F05070,PHC Dhubri #40,PHC,Dhubri,Assam,9,real_state_totals_synthetic_district_distribution
F05071,PHC Dhubri #41,PHC,Dhubri,Assam,7,real_state_totals_synthetic_district_distribution
F05072,PHC Dhubri #42,PHC,Dhubri,Assam,5,real_state_totals_synthetic_district_distribution
F05073,PHC Dhubri #43,PHC,Dhubri,Assam,6,real_state_totals_synthetic_district_distribution
F05074,PHC Dhubri #44,PHC,Dhubri,Assam,5,real_state_totals_synthetic_district_distribution
F05075,PHC Dhubri #45,PHC,Dhubri,Assam,5,real_state_totals_synthetic_district_distribution
F05076,PHC Dhubri #46,PHC,Dhubri,Assam,6,real_state_totals_synthetic_district_distribution
F05077,PHC Dhubri #47,PHC,Dhubri,Assam,6,real_state_totals_synthetic_district_distribution
F05078,PHC Dhubri #48,PHC,Dhubri,Assam,7,real_state_totals_synthetic_district_distribution
F05079,PHC Dhubri #49,PHC,Dhubri,Assam,5,real_state_totals_synthetic_district_distribution
F05080,PHC Dhubri #50,PHC,Dhubri,Assam,4,real_state_totals_synthetic_district_distribution
F05081,CHC Dhubri #1,CHC,Dhubri,Assam,39,real_state_totals_synthetic_district_distribution
F05082,CHC Dhubri #2,CHC,Dhubri,Assam,39,real_state_totals_synthetic_district_distribution
F05083,CHC Dhubri #3,CHC,Dhubri,Assam,39,real_state_totals_synthetic_district_distribution
F05084,CHC Dhubri #4,CHC,Dhubri,Assam,27,real_state_totals_synthetic_district_distribution
F05085,CHC Dhubri #5,CHC,Dhubri,Assam,40,real_state_totals_synthetic_district_distribution
F05086,CHC Dhubri #6,CHC,Dhubri,Assam,29,real_state_totals_synthetic_district_distribution
F05087,CHC Dhubri #7,CHC,Dhubri,Assam,35,real_state_totals_synthetic_district_distribution
F05088,CHC Dhubri #8,CHC,Dhubri,Assam,33,real_state_totals_synthetic_district_distribution
F05089,District Hospital Dhubri #1,District Hospital,Dhubri,Assam,240,real_state_totals_synthetic_district_distribution
F05090,PHC Cachar #1,PHC,Cachar,Assam,7,real_state_totals_synthetic_district_distribution
F05091,PHC Cachar #2,PHC,Cachar,Assam,4,real_state_totals_synthetic_district_distribution
F05092,PHC Cachar #3,PHC,Cachar,Assam,4,real_state_totals_synthetic_district_distribution
F05093,PHC Cachar #4,PHC,Cachar,Assam,6,real_state_totals_synthetic_district_distribution
F05094,PHC Cachar #5,PHC,Cachar,Assam,7,real_state_totals_synthetic_district_distribution
F05095,PHC Cachar #6,PHC,Cachar,Assam,5,real_state_totals_synthetic_district_distribution
F05096,PHC Cachar #7,PHC,Cachar,Assam,7,real_state_totals_synthetic_district_distribution
F05097,PHC Cachar #8,PHC,Cachar,Assam,5,real_state_totals_synthetic_district_distribution
F05098,PHC Cachar #9,PHC,Cachar,Assam,9,real_state_totals_synthetic_district_distribution
F05099,PHC Cachar #10,PHC,Cachar,Assam,10,real_state_totals_synthetic_district_distribution
F05100,PHC Cachar #11,PHC,Cachar,Assam,8,real_state_totals_synthetic_district_distribution
F05101,PHC Cachar #12,PHC,Cachar,Assam,5,real_state_totals_synthetic_district_distribution
F05102,PHC Cachar #13,PHC,Cachar,Assam,9,real_state_totals_synthetic_district_distribution
F05103,PHC Cachar #14,PHC,Cachar,Assam,10,real_state_totals_synthetic_district_distribution
F05104,PHC Cachar #15,PHC,Cachar,Assam,8,real_state_totals_synthetic_district_distribution
F05105,PHC Cachar #16,PHC,Cachar,Assam,10,real_state_totals_synthetic_district_distribution
F05106,PHC Cachar #17,PHC,Cachar,Assam,4,real_state_totals_synthetic_district_distribution
F05107,PHC Cachar #18,PHC,Cachar,Assam,7,real_state_totals_synthetic_district_distribution
F05108,PHC Cachar #19,PHC,Cachar,Assam,10,real_state_totals_synthetic_district_distribution
F05109,PHC Cachar #20,PHC,Cachar,Assam,9,real_state_totals_synthetic_district_distribution
F05110,PHC Cachar #21,PHC,Cachar,Assam,6,real_state_totals_synthetic_district_distribution
F05111,PHC Cachar #22,PHC,Cachar,Assam,7,real_state_totals_synthetic_district_distribution
F05112,PHC Cachar #23,PHC,Cachar,Assam,8,real_state_totals_synthetic_district_distribution
F05113,PHC Cachar #24,PHC,Cachar,Assam,10,real_state_totals_synthetic_district_distribution
F05114,PHC Cachar #25,PHC,Cachar,Assam,7,real_state_totals_synthetic_district_distribution
F05115,PHC Cachar #26,PHC,Cachar,Assam,6,real_state_totals_synthetic_district_distribution
F05116,PHC Cachar #27,PHC,Cachar,Assam,8,real_state_totals_synthetic_district_distribution
F05117,PHC Cachar #28,PHC,Cachar,Assam,8,real_state_totals_synthetic_district_distribution
F05118,PHC Cachar #29,PHC,Cachar,Assam,6,real_state_totals_synthetic_district_distribution
F05119,PHC Cachar #30,PHC,Cachar,Assam,7,real_state_totals_synthetic_district_distribution
F05120,PHC Cachar #31,PHC,Cachar,Assam,6,real_state_totals_synthetic_district_distribution
F05121,PHC Cachar #32,PHC,Cachar,Assam,5,real_state_totals_synthetic_district_distribution
F05122,PHC Cachar #33,PHC,Cachar,Assam,4,real_state_totals_synthetic_district_distribution
F05123,PHC Cachar #34,PHC,Cachar,Assam,6,real_state_totals_synthetic_district_distribution
F05124,PHC Cachar #35,PHC,Cachar,Assam,8,real_state_totals_synthetic_district_distribution
F05125,PHC Cachar #36,PHC,Cachar,Assam,5,real_state_totals_synthetic_district_distribution
F05126,PHC Cachar #37,PHC,Cachar,Assam,4,real_state_totals_synthetic_district_distribution
F05127,PHC Cachar #38,PHC,Cachar,Assam,10,real_state_totals_synthetic_district_distribution
F05128,PHC Cachar #39,PHC,Cachar,Assam,10,real_state_totals_synthetic_district_distribution
F05129,PHC Cachar #40,PHC,Cachar,Assam,6,real_state_totals_synthetic_district_distribution
F05130,PHC Cachar #41,PHC,Cachar,Assam,4,real_state_totals_synthetic_district_distribution
F05131,PHC Cachar #42,PHC,Cachar,Assam,10,real_state_totals_synthetic_district_distribution
F05132,PHC Cachar #43,PHC,Cachar,Assam,7,real_state_totals_synthetic_district_distribution
F05133,PHC Cachar #44,PHC,Cachar,Assam,8,real_state_totals_synthetic_district_distribution
F05134,PHC Cachar #45,PHC,Cachar,Assam,6,real_state_totals_synthetic_district_distribution
F05135,CHC Cachar #1,CHC,Cachar,Assam,44,real_state_totals_synthetic_district_distribution
F05136,CHC Cachar #2,CHC,Cachar,Assam,38,real_state_totals_synthetic_district_distribution
F05137,CHC Cachar #3,CHC,Cachar,Assam,27,real_state_totals_synthetic_district_distribution
F05138,CHC Cachar #4,CHC,Cachar,Assam,25,real_state_totals_synthetic_district_distribution
F05139,CHC Cachar #5,CHC,Cachar,Assam,23,real_state_totals_synthetic_district_distribution
F05140,CHC Cachar #6,CHC,Cachar,Assam,27,real_state_totals_synthetic_district_distribution
F05141,CHC Cachar #7,CHC,Cachar,Assam,41,real_state_totals_synthetic_district_distribution
F05142,CHC Cachar #8,CHC,Cachar,Assam,27,real_state_totals_synthetic_district_distribution
F05143,District Hospital Cachar #1,District Hospital,Cachar,Assam,168,real_state_totals_synthetic_district_distribution
F05144,PHC Sonitpur #1,PHC,Sonitpur,Assam,8,real_state_totals_synthetic_district_distribution
F05145,PHC Sonitpur #2,PHC,Sonitpur,Assam,10,real_state_totals_synthetic_district_distribution
F05146,PHC Sonitpur #3,PHC,Sonitpur,Assam,10,real_state_totals_synthetic_district_distribution
F05147,PHC Sonitpur #4,PHC,Sonitpur,Assam,9,real_state_totals_synthetic_district_distribution
F05148,PHC Sonitpur #5,PHC,Sonitpur,Assam,4,real_state_totals_synthetic_district_distribution
F05149,PHC Sonitpur #6,PHC,Sonitpur,Assam,10,real_state_totals_synthetic_district_distribution
F05150,PHC Sonitpur #7,PHC,Sonitpur,Assam,5,real_state_totals_synthetic_district_distribution
F05151,PHC Sonitpur #8,PHC,Sonitpur,Assam,8,real_state_totals_synthetic_district_distribution
F05152,PHC Sonitpur #9,PHC,Sonitpur,Assam,10,real_state_totals_synthetic_district_distribution
F05153,PHC Sonitpur #10,PHC,Sonitpur,Assam,10,real_state_totals_synthetic_district_distribution
F05154,PHC Sonitpur #11,PHC,Sonitpur,Assam,7,real_state_totals_synthetic_district_distribution
F05155,PHC Sonitpur #12,PHC,Sonitpur,Assam,6,real_state_totals_synthetic_district_distribution
F05156,PHC Sonitpur #13,PHC,Sonitpur,Assam,10,real_state_totals_synthetic_district_distribution
F05157,PHC Sonitpur #14,PHC,Sonitpur,Assam,10,real_state_totals_synthetic_district_distribution
F05158,PHC Sonitpur #15,PHC,Sonitpur,Assam,5,real_state_totals_synthetic_district_distribution
F05159,PHC Sonitpur #16,PHC,Sonitpur,Assam,5,real_state_totals_synthetic_district_distribution
F05160,PHC Sonitpur #17,PHC,Sonitpur,Assam,5,real_state_totals_synthetic_district_distribution
F05161,PHC Sonitpur #18,PHC,Sonitpur,Assam,8,real_state_totals_synthetic_district_distribution
F05162,PHC Sonitpur #19,PHC,Sonitpur,Assam,6,real_state_totals_synthetic_district_distribution
F05163,PHC Sonitpur #20,PHC,Sonitpur,Assam,10,real_state_totals_synthetic_district_distribution
F05164,PHC Sonitpur #21,PHC,Sonitpur,Assam,9,real_state_totals_synthetic_district_distribution
F05165,PHC Sonitpur #22,PHC,Sonitpur,Assam,9,real_state_totals_synthetic_district_distribution
F05166,PHC Sonitpur #23,PHC,Sonitpur,Assam,6,real_state_totals_synthetic_district_distribution
F05167,PHC Sonitpur #24,PHC,Sonitpur,Assam,8,real_state_totals_synthetic_district_distribution
F05168,PHC Sonitpur #25,PHC,Sonitpur,Assam,4,real_state_totals_synthetic_district_distribution
F05169,PHC Sonitpur #26,PHC,Sonitpur,Assam,9,real_state_totals_synthetic_district_distribution
F05170,PHC Sonitpur #27,PHC,Sonitpur,Assam,9,real_state_totals_synthetic_district_distribution
F05171,PHC Sonitpur #28,PHC,Sonitpur,Assam,6,real_state_totals_synthetic_district_distribution
F05172,PHC Sonitpur #29,PHC,Sonitpur,Assam,8,real_state_totals_synthetic_district_distribution
F05173,PHC Sonitpur #30,PHC,Sonitpur,Assam,8,real_state_totals_synthetic_district_distribution
F05174,PHC Sonitpur #31,PHC,Sonitpur,Assam,5,real_state_totals_synthetic_district_distribution
F05175,PHC Sonitpur #32,PHC,Sonitpur,Assam,8,real_state_totals_synthetic_district_distribution
F05176,PHC Sonitpur #33,PHC,Sonitpur,Assam,5,real_state_totals_synthetic_district_distribution
F05177,PHC Sonitpur #34,PHC,Sonitpur,Assam,10,real_state_totals_synthetic_district_distribution
F05178,PHC Sonitpur #35,PHC,Sonitpur,Assam,10,real_state_totals_synthetic_district_distribution
F05179,PHC Sonitpur #36,PHC,Sonitpur,Assam,7,real_state_totals_synthetic_district_distribution
F05180,PHC Sonitpur #37,PHC,Sonitpur,Assam,8,real_state_totals_synthetic_district_distribution
F05181,PHC Sonitpur #38,PHC,Sonitpur,Assam,6,real_state_totals_synthetic_district_distribution
F05182,PHC Sonitpur #39,PHC,Sonitpur,Assam,5,real_state_totals_synthetic_district_distribution
F05183,PHC Sonitpur #40,PHC,Sonitpur,Assam,7,real_state_totals_synthetic_district_distribution
F05184,PHC Sonitpur #41,PHC,Sonitpur,Assam,4,real_state_totals_synthetic_district_distribution
F05185,PHC Sonitpur #42,PHC,Sonitpur,Assam,4,real_state_totals_synthetic_district_distribution
F05186,PHC Sonitpur #43,PHC,Sonitpur,Assam,4,real_state_totals_synthetic_district_distribution
F05187,PHC Sonitpur #44,PHC,Sonitpur,Assam,5,real_state_totals_synthetic_district_distribution
F05188,PHC Sonitpur #45,PHC,Sonitpur,Assam,8,real_state_totals_synthetic_district_distribution
F05189,PHC Sonitpur #46,PHC,Sonitpur,Assam,5,real_state_totals_synthetic_district_distribution
F05190,PHC Sonitpur #47,PHC,Sonitpur,Assam,4,real_state_totals_synthetic_district_distribution
F05191,PHC Sonitpur #48,PHC,Sonitpur,Assam,8,real_state_totals_synthetic_district_distribution
F05192,PHC Sonitpur #49,PHC,Sonitpur,Assam,7,real_state_totals_synthetic_district_distribution
F05193,CHC Sonitpur #1,CHC,Sonitpur,Assam,20,real_state_totals_synthetic_district_distribution
F05194,CHC Sonitpur #2,CHC,Sonitpur,Assam,30,real_state_totals_synthetic_district_distribution
F05195,CHC Sonitpur #3,CHC,Sonitpur,Assam,49,real_state_totals_synthetic_district_distribution
F05196,CHC Sonitpur #4,CHC,Sonitpur,Assam,39,real_state_totals_synthetic_district_distribution
F05197,CHC Sonitpur #5,CHC,Sonitpur,Assam,26,real_state_totals_synthetic_district_distribution
F05198,CHC Sonitpur #6,CHC,Sonitpur,Assam,45,real_state_totals_synthetic_district_distribution
F05199,CHC Sonitpur #7,CHC,Sonitpur,Assam,24,real_state_totals_synthetic_district_distribution
F05200,CHC Sonitpur #8,CHC,Sonitpur,Assam,30,real_state_totals_synthetic_district_distribution
F05201,District Hospital Sonitpur #1,District Hospital,Sonitpur,Assam,283,real_state_totals_synthetic_district_distribution
F05202,PHC Darrang #1,PHC,Darrang,Assam,5,real_state_totals_synthetic_district_distribution
F05203,PHC Darrang #2,PHC,Darrang,Assam,10,real_state_totals_synthetic_district_distribution
F05204,PHC Darrang #3,PHC,Darrang,Assam,10,real_state_totals_synthetic_district_distribution
F05205,PHC Darrang #4,PHC,Darrang,Assam,10,real_state_totals_synthetic_district_distribution
F05206,PHC Darrang #5,PHC,Darrang,Assam,6,real_state_totals_synthetic_district_distribution
F05207,PHC Darrang #6,PHC,Darrang,Assam,4,real_state_totals_synthetic_district_distribution
F05208,PHC Darrang #7,PHC,Darrang,Assam,4,real_state_totals_synthetic_district_distribution
F05209,PHC Darrang #8,PHC,Darrang,Assam,5,real_state_totals_synthetic_district_distribution
F05210,PHC Darrang #9,PHC,Darrang,Assam,8,real_state_totals_synthetic_district_distribution
F05211,PHC Darrang #10,PHC,Darrang,Assam,9,real_state_totals_synthetic_district_distribution
F05212,PHC Darrang #11,PHC,Darrang,Assam,5,real_state_totals_synthetic_district_distribution
F05213,PHC Darrang #12,PHC,Darrang,Assam,10,real_state_totals_synthetic_district_distribution
F05214,PHC Darrang #13,PHC,Darrang,Assam,4,real_state_totals_synthetic_district_distribution
F05215,PHC Darrang #14,PHC,Darrang,Assam,10,real_state_totals_synthetic_district_distribution
F05216,PHC Darrang #15,PHC,Darrang,Assam,8,real_state_totals_synthetic_district_distribution
F05217,PHC Darrang #16,PHC,Darrang,Assam,10,real_state_totals_synthetic_district_distribution
F05218,PHC Darrang #17,PHC,Darrang,Assam,6,real_state_totals_synthetic_district_distribution
F05219,PHC Darrang #18,PHC,Darrang,Assam,4,real_state_totals_synthetic_district_distribution
F05220,PHC Darrang #19,PHC,Darrang,Assam,6,real_state_totals_synthetic_district_distribution
F05221,PHC Darrang #20,PHC,Darrang,Assam,9,real_state_totals_synthetic_district_distribution
F05222,PHC Darrang #21,PHC,Darrang,Assam,9,real_state_totals_synthetic_district_distribution
F05223,PHC Darrang #22,PHC,Darrang,Assam,7,real_state_totals_synthetic_district_distribution
F05224,PHC Darrang #23,PHC,Darrang,Assam,8,real_state_totals_synthetic_district_distribution
F05225,PHC Darrang #24,PHC,Darrang,Assam,4,real_state_totals_synthetic_district_distribution
F05226,CHC Darrang #1,CHC,Darrang,Assam,30,real_state_totals_synthetic_district_distribution
F05227,CHC Darrang #2,CHC,Darrang,Assam,29,real_state_totals_synthetic_district_distribution
F05228,CHC Darrang #3,CHC,Darrang,Assam,30,real_state_totals_synthetic_district_distribution
F05229,CHC Darrang #4,CHC,Darrang,Assam,24,real_state_totals_synthetic_district_distribution
F05230,District Hospital Darrang #1,District Hospital,Darrang,Assam,140,real_state_totals_synthetic_district_distribution
F05231,PHC Karimganj #1,PHC,Karimganj,Assam,9,real_state_totals_synthetic_district_distribution
F05232,PHC Karimganj #2,PHC,Karimganj,Assam,7,real_state_totals_synthetic_district_distribution
F05233,PHC Karimganj #3,PHC,Karimganj,Assam,10,real_state_totals_synthetic_district_distribution
F05234,PHC Karimganj #4,PHC,Karimganj,Assam,9,real_state_totals_synthetic_district_distribution
F05235,PHC Karimganj #5,PHC,Karimganj,Assam,7,real_state_totals_synthetic_district_distribution
F05236,PHC Karimganj #6,PHC,Karimganj,Assam,9,real_state_totals_synthetic_district_distribution
F05237,PHC Karimganj #7,PHC,Karimganj,Assam,6,real_state_totals_synthetic_district_distribution
F05238,PHC Karimganj #8,PHC,Karimganj,Assam,5,real_state_totals_synthetic_district_distribution
F05239,PHC Karimganj #9,PHC,Karimganj,Assam,9,real_state_totals_synthetic_district_distribution
F05240,PHC Karimganj #10,PHC,Karimganj,Assam,8,real_state_totals_synthetic_district_distribution
F05241,PHC Karimganj #11,PHC,Karimganj,Assam,9,real_state_totals_synthetic_district_distribution
F05242,PHC Karimganj #12,PHC,Karimganj,Assam,8,real_state_totals_synthetic_district_distribution
F05243,PHC Karimganj #13,PHC,Karimganj,Assam,10,real_state_totals_synthetic_district_distribution
F05244,PHC Karimganj #14,PHC,Karimganj,Assam,6,real_state_totals_synthetic_district_distribution
F05245,PHC Karimganj #15,PHC,Karimganj,Assam,5,real_state_totals_synthetic_district_distribution
F05246,PHC Karimganj #16,PHC,Karimganj,Assam,9,real_state_totals_synthetic_district_distribution
F05247,PHC Karimganj #17,PHC,Karimganj,Assam,8,real_state_totals_synthetic_district_distribution
F05248,PHC Karimganj #18,PHC,Karimganj,Assam,10,real_state_totals_synthetic_district_distribution
F05249,PHC Karimganj #19,PHC,Karimganj,Assam,5,real_state_totals_synthetic_district_distribution
F05250,PHC Karimganj #20,PHC,Karimganj,Assam,7,real_state_totals_synthetic_district_distribution
F05251,PHC Karimganj #21,PHC,Karimganj,Assam,6,real_state_totals_synthetic_district_distribution
F05252,PHC Karimganj #22,PHC,Karimganj,Assam,9,real_state_totals_synthetic_district_distribution
F05253,PHC Karimganj #23,PHC,Karimganj,Assam,9,real_state_totals_synthetic_district_distribution
F05254,PHC Karimganj #24,PHC,Karimganj,Assam,6,real_state_totals_synthetic_district_distribution
F05255,PHC Karimganj #25,PHC,Karimganj,Assam,5,real_state_totals_synthetic_district_distribution
F05256,PHC Karimganj #26,PHC,Karimganj,Assam,5,real_state_totals_synthetic_district_distribution
F05257,PHC Karimganj #27,PHC,Karimganj,Assam,9,real_state_totals_synthetic_district_distribution
F05258,PHC Karimganj #28,PHC,Karimganj,Assam,4,real_state_totals_synthetic_district_distribution
F05259,PHC Karimganj #29,PHC,Karimganj,Assam,9,real_state_totals_synthetic_district_distribution
F05260,PHC Karimganj #30,PHC,Karimganj,Assam,8,real_state_totals_synthetic_district_distribution
F05261,PHC Karimganj #31,PHC,Karimganj,Assam,7,real_state_totals_synthetic_district_distribution
F05262,PHC Karimganj #32,PHC,Karimganj,Assam,10,real_state_totals_synthetic_district_distribution
F05263,CHC Karimganj #1,CHC,Karimganj,Assam,44,real_state_totals_synthetic_district_distribution
F05264,CHC Karimganj #2,CHC,Karimganj,Assam,50,real_state_totals_synthetic_district_distribution
F05265,CHC Karimganj #3,CHC,Karimganj,Assam,38,real_state_totals_synthetic_district_distribution
F05266,CHC Karimganj #4,CHC,Karimganj,Assam,21,real_state_totals_synthetic_district_distribution
F05267,CHC Karimganj #5,CHC,Karimganj,Assam,25,real_state_totals_synthetic_district_distribution
F05268,District Hospital Karimganj #1,District Hospital,Karimganj,Assam,254,real_state_totals_synthetic_district_distribution
F05269,PHC Jorhat #1,PHC,Jorhat,Assam,6,real_state_totals_synthetic_district_distribution
F05270,PHC Jorhat #2,PHC,Jorhat,Assam,10,real_state_totals_synthetic_district_distribution
F05271,PHC Jorhat #3,PHC,Jorhat,Assam,8,real_state_totals_synthetic_district_distribution
F05272,PHC Jorhat #4,PHC,Jorhat,Assam,5,real_state_totals_synthetic_district_distribution
F05273,PHC Jorhat #5,PHC,Jorhat,Assam,9,real_state_totals_synthetic_district_distribution
F05274,PHC Jorhat #6,PHC,Jorhat,Assam,8,real_state_totals_synthetic_district_distribution
F05275,PHC Jorhat #7,PHC,Jorhat,Assam,4,real_state_totals_synthetic_district_distribution
F05276,PHC Jorhat #8,PHC,Jorhat,Assam,7,real_state_totals_synthetic_district_distribution
F05277,PHC Jorhat #9,PHC,Jorhat,Assam,5,real_state_totals_synthetic_district_distribution
F05278,PHC Jorhat #10,PHC,Jorhat,Assam,6,real_state_totals_synthetic_district_distribution
F05279,PHC Jorhat #11,PHC,Jorhat,Assam,9,real_state_totals_synthetic_district_distribution
F05280,PHC Jorhat #12,PHC,Jorhat,Assam,4,real_state_totals_synthetic_district_distribution
F05281,PHC Jorhat #13,PHC,Jorhat,Assam,5,real_state_totals_synthetic_district_distribution
F05282,PHC Jorhat #14,PHC,Jorhat,Assam,6,real_state_totals_synthetic_district_distribution
F05283,PHC Jorhat #15,PHC,Jorhat,Assam,6,real_state_totals_synthetic_district_distribution
F05284,PHC Jorhat #16,PHC,Jorhat,Assam,5,real_state_totals_synthetic_district_distribution
F05285,PHC Jorhat #17,PHC,Jorhat,Assam,9,real_state_totals_synthetic_district_distribution
F05286,PHC Jorhat #18,PHC,Jorhat,Assam,4,real_state_totals_synthetic_district_distribution
F05287,PHC Jorhat #19,PHC,Jorhat,Assam,10,real_state_totals_synthetic_district_distribution
F05288,PHC Jorhat #20,PHC,Jorhat,Assam,9,real_state_totals_synthetic_district_distribution
F05289,PHC Jorhat #21,PHC,Jorhat,Assam,9,real_state_totals_synthetic_district_distribution
F05290,PHC Jorhat #22,PHC,Jorhat,Assam,9,real_state_totals_synthetic_district_distribution
F05291,PHC Jorhat #23,PHC,Jorhat,Assam,9,real_state_totals_synthetic_district_distribution
F05292,PHC Jorhat #24,PHC,Jorhat,Assam,6,real_state_totals_synthetic_district_distribution
F05293,PHC Jorhat #25,PHC,Jorhat,Assam,7,real_state_totals_synthetic_district_distribution
F05294,PHC Jorhat #26,PHC,Jorhat,Assam,4,real_state_totals_synthetic_district_distribution
F05295,PHC Jorhat #27,PHC,Jorhat,Assam,6,real_state_totals_synthetic_district_distribution
F05296,PHC Jorhat #28,PHC,Jorhat,Assam,5,real_state_totals_synthetic_district_distribution
F05297,CHC Jorhat #1,CHC,Jorhat,Assam,27,real_state_totals_synthetic_district_distribution
F05298,CHC Jorhat #2,CHC,Jorhat,Assam,42,real_state_totals_synthetic_district_distribution
F05299,CHC Jorhat #3,CHC,Jorhat,Assam,22,real_state_totals_synthetic_district_distribution
F05300,CHC Jorhat #4,CHC,Jorhat,Assam,31,real_state_totals_synthetic_district_distribution
F05301,CHC Jorhat #5,CHC,Jorhat,Assam,28,real_state_totals_synthetic_district_distribution
F05302,District Hospital Jorhat #1,District Hospital,Jorhat,Assam,127,real_state_totals_synthetic_district_distribution
F05303,PHC Golaghat #1,PHC,Golaghat,Assam,9,real_state_totals_synthetic_district_distribution
F05304,PHC Golaghat #2,PHC,Golaghat,Assam,4,real_state_totals_synthetic_district_distribution
F05305,PHC Golaghat #3,PHC,Golaghat,Assam,4,real_state_totals_synthetic_district_distribution
F05306,PHC Golaghat #4,PHC,Golaghat,Assam,7,real_state_totals_synthetic_district_distribution
F05307,PHC Golaghat #5,PHC,Golaghat,Assam,7,real_state_totals_synthetic_district_distribution
F05308,PHC Golaghat #6,PHC,Golaghat,Assam,9,real_state_totals_synthetic_district_distribution
F05309,PHC Golaghat #7,PHC,Golaghat,Assam,7,real_state_totals_synthetic_district_distribution
F05310,PHC Golaghat #8,PHC,Golaghat,Assam,5,real_state_totals_synthetic_district_distribution
F05311,PHC Golaghat #9,PHC,Golaghat,Assam,7,real_state_totals_synthetic_district_distribution
F05312,PHC Golaghat #10,PHC,Golaghat,Assam,7,real_state_totals_synthetic_district_distribution
F05313,PHC Golaghat #11,PHC,Golaghat,Assam,7,real_state_totals_synthetic_district_distribution
F05314,PHC Golaghat #12,PHC,Golaghat,Assam,6,real_state_totals_synthetic_district_distribution
F05315,PHC Golaghat #13,PHC,Golaghat,Assam,8,real_state_totals_synthetic_district_distribution
F05316,PHC Golaghat #14,PHC,Golaghat,Assam,7,real_state_totals_synthetic_district_distribution
F05317,PHC Golaghat #15,PHC,Golaghat,Assam,4,real_state_totals_synthetic_district_distribution
F05318,PHC Golaghat #16,PHC,Golaghat,Assam,10,real_state_totals_synthetic_district_distribution
F05319,PHC Golaghat #17,PHC,Golaghat,Assam,7,real_state_totals_synthetic_district_distribution
F05320,PHC Golaghat #18,PHC,Golaghat,Assam,10,real_state_totals_synthetic_district_distribution
F05321,PHC Golaghat #19,PHC,Golaghat,Assam,10,real_state_totals_synthetic_district_distribution
F05322,PHC Golaghat #20,PHC,Golaghat,Assam,8,real_state_totals_synthetic_district_distribution
F05323,PHC Golaghat #21,PHC,Golaghat,Assam,9,real_state_totals_synthetic_district_distribution
F05324,PHC Golaghat #22,PHC,Golaghat,Assam,10,real_state_totals_synthetic_district_distribution
F05325,PHC Golaghat #23,PHC,Golaghat,Assam,9,real_state_totals_synthetic_district_distribution
F05326,PHC Golaghat #24,PHC,Golaghat,Assam,5,real_state_totals_synthetic_district_distribution
F05327,PHC Golaghat #25,PHC,Golaghat,Assam,5,real_state_totals_synthetic_district_distribution
F05328,PHC Golaghat #26,PHC,Golaghat,Assam,7,real_state_totals_synthetic_district_distribution
F05329,PHC Golaghat #27,PHC,Golaghat,Assam,4,real_state_totals_synthetic_district_distribution
F05330,CHC Golaghat #1,CHC,Golaghat,Assam,45,real_state_totals_synthetic_district_distribution
F05331,CHC Golaghat #2,CHC,Golaghat,Assam,47,real_state_totals_synthetic_district_distribution
F05332,CHC Golaghat #3,CHC,Golaghat,Assam,21,real_state_totals_synthetic_district_distribution
F05333,CHC Golaghat #4,CHC,Golaghat,Assam,29,real_state_totals_synthetic_district_distribution
F05334,CHC Golaghat #5,CHC,Golaghat,Assam,20,real_state_totals_synthetic_district_distribution
F05335,District Hospital Golaghat #1,District Hospital,Golaghat,Assam,181,real_state_totals_synthetic_district_distribution
